date,year,month,day,portid,portname,n_container,n_dry_bulk,n_general_cargo,n_roro,n_tanker,n_cargo,n_total,capacity_container,capacity_dry_bulk,capacity_general_cargo,capacity_roro,capacity_tanker,capacity_cargo,capacity
2023-10-01,2023,10,1,chokepoint1,Suez Canal,22,28,1,7,24,58,82,897458,1452405,3035,33419,989832,2386318,3376150
2023-10-01,2023,10,1,chokepoint4,Bab el-Mandeb Strait,19,23,5,6,29,53,82,1092222,1136726,46986,22818,1432293,2298754,3731048
2023-10-01,2023,10,1,chokepoint7,Cape of Good Hope,9,35,2,2,14,48,62,263093,2912036,38705,10264,1255810,3224100,4479911
2023-10-02,2023,10,2,chokepoint1,Suez Canal,23,16,5,5,21,49,70,1262821,828060,18839,19041,1160463,2128762,3289225
2023-10-02,2023,10,2,chokepoint4,Bab el-Mandeb Strait,15,20,4,3,30,42,72,682407,987070,60539,8791,1628642,1738809,3367451
2023-10-02,2023,10,2,chokepoint7,Cape of Good Hope,9,43,3,2,10,57,67,228314,2543811,57470,3476,598082,2833072,3431155
2023-10-03,2023,10,3,chokepoint1,Suez Canal,19,23,2,2,18,46,64,1171929,1531783,19118,9854,890725,2732685,3623410
2023-10-03,2023,10,3,chokepoint4,Bab el-Mandeb Strait,25,17,4,4,27,50,77,1433286,774697,69323,15862,993272,2293168,3286441
2023-10-03,2023,10,3,chokepoint7,Cape of Good Hope,6,40,1,2,12,49,61,234922,2709002,7126,0,591253,2951050,3542304
2023-10-04,2023,10,4,chokepoint1,Suez Canal,13,22,7,1,20,43,63,838646,638185,24959,3902,1067058,1505693,2572751
2023-10-04,2023,10,4,chokepoint4,Bab el-Mandeb Strait,16,22,5,8,23,51,74,617975,1293949,75335,29745,1252450,2017006,3269456
2023-10-04,2023,10,4,chokepoint7,Cape of Good Hope,8,34,2,1,7,45,52,227271,2201367,52349,2504,925450,2483493,3408943
2023-10-05,2023,10,5,chokepoint1,Suez Canal,30,17,6,2,27,55,82,1594786,803691,24611,12147,1689595,2435237,4124833
2023-10-05,2023,10,5,chokepoint4,Bab el-Mandeb Strait,19,25,8,3,25,55,80,1024370,1481703,43523,21228,1445677,2570826,4016504
2023-10-05,2023,10,5,chokepoint7,Cape of Good Hope,7,33,3,1,5,44,49,159964,2551717,26619,3401,450039,2741703,3191743
2023-10-06,2023,10,6,chokepoint1,Suez Canal,22,13,8,1,31,44,75,1395413,633316,39975,7492,1130117,2076197,3206315
2023-10-06,2023,10,6,chokepoint4,Bab el-Mandeb Strait,33,22,2,6,26,63,89,1649992,1019014,1408,13079,1458353,2683495,4141849
2023-10-06,2023,10,6,chokepoint7,Cape of Good Hope,1,23,1,3,8,28,36,64282,1865838,35188,7731,904116,1973040,2877157
2023-10-07,2023,10,7,chokepoint1,Suez Canal,20,26,7,1,22,54,76,1184724,1597874,21146,6195,1056972,2809940,3866913
2023-10-07,2023,10,7,chokepoint4,Bab el-Mandeb Strait,19,25,4,4,26,52,78,1163234,1353161,4862,20302,807965,2541560,3349526
2023-10-07,2023,10,7,chokepoint7,Cape of Good Hope,4,27,3,0,7,34,41,98813,1605663,62760,0,55008,1767237,1822246
2023-10-08,2023,10,8,chokepoint1,Suez Canal,21,30,8,4,28,63,91,795219,1479134,19813,19961,1526112,2314129,3840242
2023-10-08,2023,10,8,chokepoint4,Bab el-Mandeb Strait,17,23,4,2,25,46,71,1011404,1063335,28450,12907,1377022,2116097,3493120
2023-10-08,2023,10,8,chokepoint7,Cape of Good Hope,4,31,3,0,9,38,47,187931,2487806,22129,0,268648,2697868,2966516
2023-10-09,2023,10,9,chokepoint1,Suez Canal,20,20,8,6,29,54,83,1223905,850769,35441,28561,968920,2138678,3107599
2023-10-09,2023,10,9,chokepoint4,Bab el-Mandeb Strait,19,15,9,5,23,48,71,872540,650271,72163,21213,1465573,1616188,3081762
2023-10-09,2023,10,9,chokepoint7,Cape of Good Hope,7,28,1,0,16,36,52,214937,1968290,2934,0,1012770,2186162,3198932
2023-10-10,2023,10,10,chokepoint1,Suez Canal,20,20,9,2,26,51,77,1163172,1240084,75700,13818,1566312,2492776,4059088
2023-10-10,2023,10,10,chokepoint4,Bab el-Mandeb Strait,19,15,8,1,30,43,73,1185438,660093,60461,4896,1215384,1910889,3126273
2023-10-10,2023,10,10,chokepoint7,Cape of Good Hope,8,22,3,1,10,34,44,225721,1717192,64028,0,784737,2006942,2791680
2023-10-11,2023,10,11,chokepoint1,Suez Canal,23,16,4,2,27,45,72,1118822,515394,9024,7547,1083894,1650788,2734683
2023-10-11,2023,10,11,chokepoint4,Bab el-Mandeb Strait,19,23,7,4,31,53,84,976777,1092901,32907,13235,1232774,2115822,3348596
2023-10-11,2023,10,11,chokepoint7,Cape of Good Hope,2,32,3,1,11,38,49,43349,3424795,59751,4988,926009,3532884,4458893
2023-10-12,2023,10,12,chokepoint1,Suez Canal,17,21,9,5,27,52,79,1159611,1235492,50472,19160,1451621,2464737,3916359
2023-10-12,2023,10,12,chokepoint4,Bab el-Mandeb Strait,25,19,13,4,19,61,80,1529061,1209990,75834,22096,642773,2836983,3479756
2023-10-12,2023,10,12,chokepoint7,Cape of Good Hope,7,37,2,1,10,47,57,184530,3696085,46148,2564,689289,3929328,4618618
2023-10-13,2023,10,13,chokepoint1,Suez Canal,27,20,5,5,23,57,80,1351624,570412,19618,20309,986061,1961965,2948026
2023-10-13,2023,10,13,chokepoint4,Bab el-Mandeb Strait,17,24,4,6,27,51,78,897267,1136326,20806,9884,1303217,2064285,3367503
2023-10-13,2023,10,13,chokepoint7,Cape of Good Hope,6,41,3,0,13,50,63,98878,3637624,16832,0,1187135,3753335,4940471
2023-10-14,2023,10,14,chokepoint1,Suez Canal,20,22,10,1,28,53,81,1182220,1111775,46680,8397,1772613,2349073,4121686
2023-10-14,2023,10,14,chokepoint4,Bab el-Mandeb Strait,23,25,9,1,29,58,87,1608980,1449394,91627,0,1680762,3150002,4830764
2023-10-14,2023,10,14,chokepoint7,Cape of Good Hope,10,24,3,0,14,37,51,408876,1661939,10431,0,583358,2081247,2664606
2023-10-15,2023,10,15,chokepoint1,Suez Canal,25,13,6,4,32,48,80,1408582,751437,17600,15034,1111986,2192654,3304640
2023-10-15,2023,10,15,chokepoint4,Bab el-Mandeb Strait,20,28,6,6,17,60,77,957441,1439851,19997,28841,1232517,2446133,3678650
2023-10-15,2023,10,15,chokepoint7,Cape of Good Hope,7,18,1,1,12,27,39,236349,1077029,262,6352,1412155,1319994,2732149
2023-10-16,2023,10,16,chokepoint1,Suez Canal,21,26,9,3,26,59,85,1159319,1353525,43553,13265,1328169,2569663,3897833
2023-10-16,2023,10,16,chokepoint4,Bab el-Mandeb Strait,19,15,7,5,40,46,86,758656,1028406,61766,9582,1875047,1858412,3733460
2023-10-16,2023,10,16,chokepoint7,Cape of Good Hope,10,40,3,1,11,54,65,382686,3609556,70318,2168,1020173,4064729,5084903
2023-10-17,2023,10,17,chokepoint1,Suez Canal,15,21,4,3,26,43,69,919694,1034511,20035,10898,1314045,1985138,3299184
2023-10-17,2023,10,17,chokepoint4,Bab el-Mandeb Strait,28,19,10,1,22,58,80,1628001,655799,75212,3540,1288778,2362554,3651333
2023-10-17,2023,10,17,chokepoint7,Cape of Good Hope,8,33,2,0,12,43,55,248446,2186835,34536,0,1376294,2469818,3846113
2023-10-18,2023,10,18,chokepoint1,Suez Canal,16,15,7,3,18,41,59,1075675,920924,35899,7930,769987,2040429,2810417
2023-10-18,2023,10,18,chokepoint4,Bab el-Mandeb Strait,16,23,3,3,31,45,76,912912,1084529,25100,14268,1619562,2036810,3656372
2023-10-18,2023,10,18,chokepoint7,Cape of Good Hope,5,36,0,2,6,43,49,82198,1743978,0,3487,883919,1829665,2713584
2023-10-19,2023,10,19,chokepoint1,Suez Canal,21,25,1,1,31,48,79,1126859,1148676,5416,6745,1303157,2287697,3590854
2023-10-19,2023,10,19,chokepoint4,Bab el-Mandeb Strait,21,19,4,4,36,48,84,1153409,979687,0,23168,1524524,2156265,3680790
2023-10-19,2023,10,19,chokepoint7,Cape of Good Hope,8,35,1,0,8,44,52,141103,1962130,27025,0,629810,2130259,2760070
2023-10-20,2023,10,20,chokepoint1,Suez Canal,18,25,11,3,29,57,86,999811,1141570,55729,4686,1895402,2201798,4097200
2023-10-20,2023,10,20,chokepoint4,Bab el-Mandeb Strait,14,27,13,6,27,60,87,786753,1292856,60348,32412,1399486,2172370,3571856
2023-10-20,2023,10,20,chokepoint7,Cape of Good Hope,9,32,4,1,12,46,58,193169,2120773,110226,2378,509459,2426548,2936007
2023-10-21,2023,10,21,chokepoint1,Suez Canal,21,5,3,1,27,30,57,1342262,278690,7201,3540,1778406,1631694,3410101
2023-10-21,2023,10,21,chokepoint4,Bab el-Mandeb Strait,21,21,5,5,34,52,86,959664,915622,45690,15432,1775893,1936409,3712303
2023-10-21,2023,10,21,chokepoint7,Cape of Good Hope,3,34,1,1,4,39,43,152227,1752893,9245,3790,359379,1918156,2277535
2023-10-22,2023,10,22,chokepoint1,Suez Canal,28,23,9,6,19,66,85,1456311,1248450,60137,20210,788630,2785109,3573740
2023-10-22,2023,10,22,chokepoint4,Bab el-Mandeb Strait,18,29,5,1,19,53,72,662768,1269664,15839,3837,750413,1952109,2702522
2023-10-22,2023,10,22,chokepoint7,Cape of Good Hope,4,28,1,0,14,33,47,169293,1280715,12067,0,752710,1462076,2214786
2023-10-23,2023,10,23,chokepoint1,Suez Canal,16,24,2,6,30,48,78,940748,1042207,11614,32706,1255373,2027277,3282650
2023-10-23,2023,10,23,chokepoint4,Bab el-Mandeb Strait,16,23,0,4,19,43,62,1216202,1323791,0,3307,1055728,2543301,3599029
2023-10-23,2023,10,23,chokepoint7,Cape of Good Hope,6,27,4,1,10,38,48,219588,2387754,33873,3097,767451,2644313,3411765
2023-10-24,2023,10,24,chokepoint1,Suez Canal,16,27,4,5,29,52,81,691710,1577845,17843,30914,1496360,2318314,3814674
2023-10-24,2023,10,24,chokepoint4,Bab el-Mandeb Strait,18,22,6,4,21,50,71,991075,788121,24201,15357,1487307,1818755,3306062
2023-10-24,2023,10,24,chokepoint7,Cape of Good Hope,8,30,2,0,11,40,51,191504,2191763,14476,0,532153,2397745,2929898
2023-10-25,2023,10,25,chokepoint1,Suez Canal,22,24,7,1,25,54,79,1130018,1299901,24145,11001,1159755,2465067,3624823
2023-10-25,2023,10,25,chokepoint4,Bab el-Mandeb Strait,23,17,5,7,34,52,86,1406631,914250,27473,18380,1842466,2366737,4209203
2023-10-25,2023,10,25,chokepoint7,Cape of Good Hope,5,36,2,0,8,43,51,189958,2223233,19700,0,1086826,2432892,3519718
2023-10-26,2023,10,26,chokepoint1,Suez Canal,14,28,9,1,24,52,76,610354,1119363,60464,0,1511400,1790183,3301584
2023-10-26,2023,10,26,chokepoint4,Bab el-Mandeb Strait,15,8,1,4,34,28,62,800053,203524,2509,20345,1460323,1026432,2486755
2023-10-26,2023,10,26,chokepoint7,Cape of Good Hope,10,38,5,2,9,55,64,233671,2872960,75081,10468,180164,3192181,3372346
2023-10-27,2023,10,27,chokepoint1,Suez Canal,20,25,6,0,23,51,74,1183344,1606535,27753,0,778360,2817632,3595993
2023-10-27,2023,10,27,chokepoint4,Bab el-Mandeb Strait,23,39,8,5,20,75,95,1130112,2065760,43567,23139,879927,3262580,4142507
2023-10-27,2023,10,27,chokepoint7,Cape of Good Hope,4,25,1,1,10,31,41,132849,1597954,16602,0,43861,1747406,1791268
2023-10-28,2023,10,28,chokepoint1,Suez Canal,21,35,5,3,25,64,89,1153726,1464383,19425,11304,1094747,2648840,3743587
2023-10-28,2023,10,28,chokepoint4,Bab el-Mandeb Strait,23,22,6,2,29,53,82,1584702,1179452,24403,10818,1286365,2799378,4085743
2023-10-28,2023,10,28,chokepoint7,Cape of Good Hope,8,27,2,2,7,39,46,358405,2022350,7138,5789,120836,2393684,2514520
2023-10-29,2023,10,29,chokepoint1,Suez Canal,18,21,1,11,12,51,63,1245637,888963,1942,43580,430039,2180123,2610162
2023-10-29,2023,10,29,chokepoint4,Bab el-Mandeb Strait,15,18,5,1,23,39,62,737958,827639,21146,5031,1197351,1591776,2789127
2023-10-29,2023,10,29,chokepoint7,Cape of Good Hope,0,18,1,2,7,21,28,0,1695313,0,2353,179580,1697666,1877246
2023-10-30,2023,10,30,chokepoint1,Suez Canal,25,18,4,4,22,51,73,1254920,619857,13873,10218,1159925,1898868,3058793
2023-10-30,2023,10,30,chokepoint4,Bab el-Mandeb Strait,14,33,7,3,27,57,84,827737,1675526,34706,13876,1195042,2551846,3746889
2023-10-30,2023,10,30,chokepoint7,Cape of Good Hope,6,17,1,0,13,24,37,288935,1297116,4879,0,1135176,1590931,2726108
2023-10-31,2023,10,31,chokepoint1,Suez Canal,19,19,3,2,24,43,67,1184946,1061826,2946,13653,913463,2263372,3176835
2023-10-31,2023,10,31,chokepoint4,Bab el-Mandeb Strait,16,25,8,2,26,51,77,818367,1268997,105012,7293,923658,2199669,3123328
2023-10-31,2023,10,31,chokepoint7,Cape of Good Hope,3,34,3,1,10,41,51,104446,2011864,22769,0,365309,2139080,2504389
2023-11-01,2023,11,1,chokepoint1,Suez Canal,13,20,6,3,32,42,74,847429,916111,55881,11955,1852777,1831379,3684156
2023-11-01,2023,11,1,chokepoint4,Bab el-Mandeb Strait,20,16,4,6,15,46,61,1163105,834928,15130,36997,590130,2050162,2640293
2023-11-01,2023,11,1,chokepoint7,Cape of Good Hope,9,30,5,0,14,44,58,262521,2387288,39178,0,1937390,2688988,4626378
2023-11-02,2023,11,2,chokepoint1,Suez Canal,22,25,4,2,27,53,80,1290184,1363261,21396,11768,633287,2686610,3319897
2023-11-02,2023,11,2,chokepoint4,Bab el-Mandeb Strait,28,31,4,10,21,73,94,1139961,1699221,54810,26356,937880,2920350,3858231
2023-11-02,2023,11,2,chokepoint7,Cape of Good Hope,2,38,3,0,12,43,55,37619,2343245,24936,0,812392,2405801,3218193
2023-11-03,2023,11,3,chokepoint1,Suez Canal,18,23,8,1,24,50,74,1215770,711527,24297,0,944160,1951596,2895756
2023-11-03,2023,11,3,chokepoint4,Bab el-Mandeb Strait,19,28,7,5,28,59,87,897201,1471297,35413,27404,1082316,2431317,3513633
2023-11-03,2023,11,3,chokepoint7,Cape of Good Hope,7,25,1,0,15,33,48,260665,1863274,12394,0,824925,2136334,2961259
2023-11-04,2023,11,4,chokepoint1,Suez Canal,23,20,5,2,32,50,82,1014379,844353,25315,4971,1505718,1889019,3394738
2023-11-04,2023,11,4,chokepoint4,Bab el-Mandeb Strait,24,23,5,3,28,55,83,1761225,975350,37330,4890,1967964,2778797,4746761
2023-11-04,2023,11,4,chokepoint7,Cape of Good Hope,8,28,3,1,7,40,47,171726,1700455,8845,6924,461564,1887951,2349515
2023-11-05,2023,11,5,chokepoint1,Suez Canal,18,33,6,4,19,61,80,933503,1843230,26795,21544,1291864,2825073,4116938
2023-11-05,2023,11,5,chokepoint4,Bab el-Mandeb Strait,19,19,5,4,21,47,68,673112,781839,62100,18867,1145479,1535919,2681399
2023-11-05,2023,11,5,chokepoint7,Cape of Good Hope,5,25,1,2,8,33,41,150811,2433315,0,1803,425994,2585930,3011925
2023-11-06,2023,11,6,chokepoint1,Suez Canal,17,27,8,4,21,56,77,808525,1440074,72231,29937,665631,2350768,3016399
2023-11-06,2023,11,6,chokepoint4,Bab el-Mandeb Strait,13,23,6,6,17,48,65,947486,1169099,37613,21040,1117372,2175240,3292612
2023-11-06,2023,11,6,chokepoint7,Cape of Good Hope,5,38,3,1,6,47,53,218047,2994433,44122,11634,82681,3268237,3350919
2023-11-07,2023,11,7,chokepoint1,Suez Canal,21,19,4,6,15,50,65,1273903,1035628,39356,16824,509776,2365713,2875490
2023-11-07,2023,11,7,chokepoint4,Bab el-Mandeb Strait,17,17,6,3,23,43,66,1004487,1006378,42327,13496,1254380,2066689,3321069
2023-11-07,2023,11,7,chokepoint7,Cape of Good Hope,8,32,5,1,7,46,53,150550,2729738,56189,3911,441093,2940388,3381482
2023-11-08,2023,11,8,chokepoint1,Suez Canal,17,35,5,3,27,60,87,1113415,1688793,12201,9271,1422576,2823681,4246258
2023-11-08,2023,11,8,chokepoint4,Bab el-Mandeb Strait,14,24,8,6,25,52,77,929656,1013859,36084,19644,845559,1999245,2844805
2023-11-08,2023,11,8,chokepoint7,Cape of Good Hope,4,29,2,1,6,36,42,153974,2664188,6039,5656,841778,2829858,3671637
2023-11-09,2023,11,9,chokepoint1,Suez Canal,15,24,4,3,29,46,75,1133613,1397717,11135,10618,1714546,2553085,4267631
2023-11-09,2023,11,9,chokepoint4,Bab el-Mandeb Strait,22,21,1,4,35,48,83,1154668,806029,3463,19124,1873711,1983286,3856997
2023-11-09,2023,11,9,chokepoint7,Cape of Good Hope,4,29,1,1,13,35,48,55414,1521563,22242,2120,874450,1601342,2475792
2023-11-10,2023,11,10,chokepoint1,Suez Canal,14,24,9,2,27,49,76,802805,1348264,39782,3213,1406251,2194066,3600317
2023-11-10,2023,11,10,chokepoint4,Bab el-Mandeb Strait,12,24,5,1,28,42,70,587895,1656327,12176,0,949486,2256399,3205885
2023-11-10,2023,11,10,chokepoint7,Cape of Good Hope,5,26,2,1,13,34,47,160818,1151507,21136,2801,644663,1336264,1980928
2023-11-11,2023,11,11,chokepoint1,Suez Canal,19,27,4,1,20,51,71,1111324,1532774,29844,2427,1266275,2676370,3942646
2023-11-11,2023,11,11,chokepoint4,Bab el-Mandeb Strait,23,30,6,4,22,63,85,1226379,1732488,55994,15763,1428902,3030626,4459529
2023-11-11,2023,11,11,chokepoint7,Cape of Good Hope,6,30,4,1,5,41,46,108756,3015386,19429,5014,400146,3148586,3548733
2023-11-12,2023,11,12,chokepoint1,Suez Canal,20,15,9,4,24,48,72,780937,595466,26934,8567,1450189,1411905,2862095
2023-11-12,2023,11,12,chokepoint4,Bab el-Mandeb Strait,16,15,3,6,31,40,71,1434411,489601,27754,24400,1602393,1976168,3578562
2023-11-12,2023,11,12,chokepoint7,Cape of Good Hope,3,24,2,0,6,29,35,135217,2169592,38837,0,417960,2343647,2761607
2023-11-13,2023,11,13,chokepoint1,Suez Canal,22,23,5,5,27,55,82,1029108,1101166,18439,28068,1026127,2176782,3202910
2023-11-13,2023,11,13,chokepoint4,Bab el-Mandeb Strait,19,30,3,4,27,56,83,920457,1295108,18581,8018,1225154,2242166,3467321
2023-11-13,2023,11,13,chokepoint7,Cape of Good Hope,9,26,0,1,17,36,53,235146,1583298,0,3575,1967125,1822020,3789145
2023-11-14,2023,11,14,chokepoint1,Suez Canal,28,15,5,4,27,52,79,1510427,666436,2768,14141,1216062,2193773,3409835
2023-11-14,2023,11,14,chokepoint4,Bab el-Mandeb Strait,20,26,3,1,20,50,70,1045918,1190053,838,0,1116766,2236811,3353577
2023-11-14,2023,11,14,chokepoint7,Cape of Good Hope,6,38,1,0,10,45,55,215930,2061929,14834,0,372130,2292693,2664824
2023-11-15,2023,11,15,chokepoint1,Suez Canal,26,22,6,9,23,63,86,1184640,827105,20368,28061,751758,2060175,2811934
2023-11-15,2023,11,15,chokepoint4,Bab el-Mandeb Strait,17,25,5,2,26,49,75,854015,1678345,26295,9899,1098144,2568555,3666699
2023-11-15,2023,11,15,chokepoint7,Cape of Good Hope,5,43,3,0,9,51,60,179486,3950746,12043,0,538658,4142276,4680934
2023-11-16,2023,11,16,chokepoint1,Suez Canal,24,18,6,6,19,54,73,1264644,855094,54002,22727,1230650,2196469,3427120
2023-11-16,2023,11,16,chokepoint4,Bab el-Mandeb Strait,22,27,5,0,21,54,75,1144330,1730598,36714,0,1076890,2911643,3988533
2023-11-16,2023,11,16,chokepoint7,Cape of Good Hope,6,23,3,1,11,33,44,180299,2035891,62166,0,408904,2278357,2687262
2023-11-17,2023,11,17,chokepoint1,Suez Canal,19,35,1,3,37,58,95,1095664,1900060,17168,11344,2370286,3024238,5394524
2023-11-17,2023,11,17,chokepoint4,Bab el-Mandeb Strait,23,14,5,6,35,48,83,1039244,514940,49458,31932,1249435,1635576,2885011
2023-11-17,2023,11,17,chokepoint7,Cape of Good Hope,7,29,0,0,10,36,46,182892,2170530,0,0,1226200,2353423,3579623
2023-11-18,2023,11,18,chokepoint1,Suez Canal,17,25,6,1,20,49,69,1104121,1407907,48670,2841,1552785,2563541,4116326
2023-11-18,2023,11,18,chokepoint4,Bab el-Mandeb Strait,24,23,6,5,25,58,83,1214120,991265,27626,13516,817394,2246528,3063923
2023-11-18,2023,11,18,chokepoint7,Cape of Good Hope,4,38,2,1,13,45,58,64259,2174796,19999,6644,507909,2265700,2773610
2023-11-19,2023,11,19,chokepoint1,Suez Canal,17,24,1,3,21,45,66,1021159,1164091,16662,19463,1279693,2221376,3501070
2023-11-19,2023,11,19,chokepoint4,Bab el-Mandeb Strait,23,9,5,3,19,40,59,1450379,441223,13550,11769,756145,1916923,2673069
2023-11-19,2023,11,19,chokepoint7,Cape of Good Hope,5,26,5,0,8,36,44,184647,1434061,90055,0,552254,1708764,2261019
2023-11-20,2023,11,20,chokepoint1,Suez Canal,16,24,2,4,24,46,70,601385,1070197,4844,7643,781498,1684070,2465569
2023-11-20,2023,11,20,chokepoint4,Bab el-Mandeb Strait,18,17,5,7,24,47,71,975988,812880,28432,21082,1072196,1838382,2910579
2023-11-20,2023,11,20,chokepoint7,Cape of Good Hope,10,38,3,2,10,53,63,225127,1991357,23073,9611,432746,2249168,2681915
2023-11-21,2023,11,21,chokepoint1,Suez Canal,22,18,6,2,21,48,69,1333533,1355694,12043,21331,1119969,2722603,3842573
2023-11-21,2023,11,21,chokepoint4,Bab el-Mandeb Strait,22,30,5,2,27,59,86,1172555,1465941,37082,1910,1325622,2677489,4003112
2023-11-21,2023,11,21,chokepoint7,Cape of Good Hope,8,28,3,0,5,39,44,277371,1726650,21448,0,457783,2025471,2483254
2023-11-22,2023,11,22,chokepoint1,Suez Canal,17,26,11,4,27,58,85,1034811,1459191,49028,0,1321564,2543030,3864594
2023-11-22,2023,11,22,chokepoint4,Bab el-Mandeb Strait,20,32,2,4,26,58,84,1195774,1899378,8786,15953,1467167,3119893,4587061
2023-11-22,2023,11,22,chokepoint7,Cape of Good Hope,3,33,1,1,13,38,51,74653,1770462,8394,0,514730,1853510,2368240
2023-11-23,2023,11,23,chokepoint1,Suez Canal,21,15,3,0,24,39,63,1364208,844440,20547,0,1380626,2229196,3609823
2023-11-23,2023,11,23,chokepoint4,Bab el-Mandeb Strait,14,27,5,3,25,49,74,743274,1103008,28829,8486,1631387,1883599,3514987
2023-11-23,2023,11,23,chokepoint7,Cape of Good Hope,1,34,4,0,15,39,54,37118,2373534,38575,0,1737118,2449228,4186347
2023-11-24,2023,11,24,chokepoint1,Suez Canal,23,21,3,6,33,53,86,1368969,1069311,4351,28754,1142634,2471387,3614022
2023-11-24,2023,11,24,chokepoint4,Bab el-Mandeb Strait,20,29,6,4,25,59,84,1260525,1516924,57533,12461,703140,2847445,3550586
2023-11-24,2023,11,24,chokepoint7,Cape of Good Hope,9,24,1,1,13,35,48,334347,1514466,16348,0,815697,1865162,2680859
2023-11-25,2023,11,25,chokepoint1,Suez Canal,17,21,11,2,26,51,77,894880,1093437,80966,9076,1201898,2078360,3280259
2023-11-25,2023,11,25,chokepoint4,Bab el-Mandeb Strait,16,18,5,3,31,42,73,1000518,631046,49290,10000,1443402,1690856,3134258
2023-11-25,2023,11,25,chokepoint7,Cape of Good Hope,6,30,4,2,7,42,49,212505,2182905,43688,10778,396895,2449878,2846774
2023-11-26,2023,11,26,chokepoint1,Suez Canal,21,21,8,2,28,52,80,1189766,1111351,45055,8529,883513,2354703,3238216
2023-11-26,2023,11,26,chokepoint4,Bab el-Mandeb Strait,18,25,6,6,33,55,88,1077286,1518960,29617,10451,1241459,2636316,3877775
2023-11-26,2023,11,26,chokepoint7,Cape of Good Hope,3,34,2,2,9,41,50,97223,2546489,12866,12656,446103,2669235,3115339
2023-11-27,2023,11,27,chokepoint1,Suez Canal,19,23,4,1,23,47,70,911006,1364014,23437,1910,862558,2300368,3162926
2023-11-27,2023,11,27,chokepoint4,Bab el-Mandeb Strait,14,17,4,0,30,35,65,680923,770548,22710,0,1743172,1474182,3217354
2023-11-27,2023,11,27,chokepoint7,Cape of Good Hope,4,31,0,2,8,37,45,177604,2134491,0,13400,602910,2325496,2928407
2023-11-28,2023,11,28,chokepoint1,Suez Canal,15,30,6,4,22,55,77,755249,1647365,11651,9913,1223850,2424180,3648031
2023-11-28,2023,11,28,chokepoint4,Bab el-Mandeb Strait,16,24,5,6,26,51,77,817624,1406562,25951,17536,1510650,2267674,3778325
2023-11-28,2023,11,28,chokepoint7,Cape of Good Hope,5,30,3,0,8,38,46,105775,1957354,28901,0,279796,2092031,2371827
2023-11-29,2023,11,29,chokepoint1,Suez Canal,21,17,4,5,24,47,71,1163269,583061,7239,10365,621897,1763935,2385832
2023-11-29,2023,11,29,chokepoint4,Bab el-Mandeb Strait,12,26,7,3,40,48,88,607294,1224905,41125,8917,1755315,1882242,3637557
2023-11-29,2023,11,29,chokepoint7,Cape of Good Hope,5,20,4,0,10,29,39,159929,1452755,87280,0,260978,1699965,1960943
2023-11-30,2023,11,30,chokepoint1,Suez Canal,21,22,8,4,20,55,75,1761352,1222056,81426,21366,1200214,3086200,4286414
2023-11-30,2023,11,30,chokepoint4,Bab el-Mandeb Strait,15,21,6,4,26,46,72,892977,1203170,44933,16672,910112,2157754,3067867
2023-11-30,2023,11,30,chokepoint7,Cape of Good Hope,7,35,0,0,9,42,51,192272,2049654,0,0,508458,2241927,2750385
2023-12-01,2023,12,1,chokepoint1,Suez Canal,18,21,5,3,30,47,77,959734,1042239,17952,0,1608359,2019925,3628285
2023-12-01,2023,12,1,chokepoint4,Bab el-Mandeb Strait,16,21,2,1,24,40,64,775652,695205,20827,5922,1161313,1497607,2658920
2023-12-01,2023,12,1,chokepoint7,Cape of Good Hope,4,37,1,1,9,43,52,65011,1986808,28177,9914,390835,2089911,2480746
2023-12-02,2023,12,2,chokepoint1,Suez Canal,17,23,4,1,25,45,70,1206501,1042627,3106,0,1383480,2252236,3635716
2023-12-02,2023,12,2,chokepoint4,Bab el-Mandeb Strait,22,16,4,3,22,45,67,1214932,979423,35733,12663,854000,2242751,3096751
2023-12-02,2023,12,2,chokepoint7,Cape of Good Hope,6,25,4,3,12,38,50,267460,2366937,34487,13639,1265938,2682525,3948464
2023-12-03,2023,12,3,chokepoint1,Suez Canal,10,37,5,0,29,52,81,604657,1694403,6147,0,1139483,2305208,3444692
2023-12-03,2023,12,3,chokepoint4,Bab el-Mandeb Strait,18,27,9,1,35,55,90,1103962,1299918,33348,2864,1660929,2440093,4101023
2023-12-03,2023,12,3,chokepoint7,Cape of Good Hope,3,19,1,4,8,27,35,140712,1116074,5213,22846,880361,1284846,2165207
2023-12-04,2023,12,4,chokepoint1,Suez Canal,16,18,9,3,24,46,70,827248,890267,43990,11755,1131660,1773262,2904922
2023-12-04,2023,12,4,chokepoint4,Bab el-Mandeb Strait,14,29,6,7,28,56,84,943582,1506260,37679,17716,1005732,2505239,3510972
2023-12-04,2023,12,4,chokepoint7,Cape of Good Hope,7,30,2,2,8,41,49,200733,2349474,1753,0,554516,2551961,3106478
2023-12-05,2023,12,5,chokepoint1,Suez Canal,18,26,6,3,23,53,76,984915,1792657,45150,10960,778319,2833683,3612002
2023-12-05,2023,12,5,chokepoint4,Bab el-Mandeb Strait,9,21,5,5,32,40,72,339657,1188577,51698,3852,1457502,1583786,3041288
2023-12-05,2023,12,5,chokepoint7,Cape of Good Hope,8,28,0,1,6,37,43,395484,1214351,0,2532,340582,1612368,1952950
2023-12-06,2023,12,6,chokepoint1,Suez Canal,21,17,6,1,22,45,67,1282507,604929,57798,3871,1010803,1949106,2959909
2023-12-06,2023,12,6,chokepoint4,Bab el-Mandeb Strait,11,18,8,2,27,39,66,861874,611445,51332,0,1779774,1524653,3304427
2023-12-06,2023,12,6,chokepoint7,Cape of Good Hope,4,32,3,2,11,41,52,128435,1893179,37861,18087,1537520,2077563,3615084
2023-12-07,2023,12,7,chokepoint1,Suez Canal,20,17,6,2,22,45,67,1115474,802381,31548,6006,700062,1955410,2655472
2023-12-07,2023,12,7,chokepoint4,Bab el-Mandeb Strait,15,26,1,3,29,45,74,952186,1431343,19905,12612,1325804,2416047,3741851
2023-12-07,2023,12,7,chokepoint7,Cape of Good Hope,4,26,2,1,7,33,40,125282,1950861,41247,0,598307,2117392,2715699
2023-12-08,2023,12,8,chokepoint1,Suez Canal,19,33,5,2,29,59,88,1068796,1218989,14477,8622,1112139,2310886,3423026
2023-12-08,2023,12,8,chokepoint4,Bab el-Mandeb Strait,22,21,5,2,31,50,81,1367302,770206,12959,12422,1132935,2162889,3295825
2023-12-08,2023,12,8,chokepoint7,Cape of Good Hope,6,29,2,2,10,39,49,292249,1518968,17715,1348,781437,1830281,2611718
2023-12-09,2023,12,9,chokepoint1,Suez Canal,17,14,11,2,33,44,77,892034,814147,107448,16453,1528499,1830083,3358583
2023-12-09,2023,12,9,chokepoint4,Bab el-Mandeb Strait,15,26,10,1,25,52,77,691568,1281214,87554,0,963094,2060337,3023431
2023-12-09,2023,12,9,chokepoint7,Cape of Good Hope,2,20,2,0,12,24,36,63838,1245642,37584,0,813498,1347064,2160562
2023-12-10,2023,12,10,chokepoint1,Suez Canal,12,27,8,2,21,49,70,771029,1661373,17331,0,685907,2449734,3135642
2023-12-10,2023,12,10,chokepoint4,Bab el-Mandeb Strait,15,20,1,1,26,37,63,576870,1158651,4443,4912,1944211,1744878,3689089
2023-12-10,2023,12,10,chokepoint7,Cape of Good Hope,12,27,2,1,7,42,49,485440,2208537,1764,7501,215071,2703243,2918314
2023-12-11,2023,12,11,chokepoint1,Suez Canal,16,15,7,5,33,43,76,889236,634817,30118,21309,1425633,1575481,3001115
2023-12-11,2023,12,11,chokepoint4,Bab el-Mandeb Strait,11,18,6,3,23,38,61,627579,843363,66783,13415,1462354,1551141,3013495
2023-12-11,2023,12,11,chokepoint7,Cape of Good Hope,11,27,5,1,10,44,54,287760,2154097,50078,0,962972,2491937,3454910
2023-12-12,2023,12,12,chokepoint1,Suez Canal,30,16,7,1,30,54,84,1951627,753309,35805,1998,1476069,2742740,4218810
2023-12-12,2023,12,12,chokepoint4,Bab el-Mandeb Strait,21,30,8,1,23,60,83,1236768,1437223,78694,2691,889464,2755378,3644842
2023-12-12,2023,12,12,chokepoint7,Cape of Good Hope,7,28,2,0,11,37,48,189352,1469788,19587,0,707852,1678728,2386581
2023-12-13,2023,12,13,chokepoint1,Suez Canal,16,35,5,3,24,59,83,883341,1856245,33167,24210,826295,2796965,3623260
2023-12-13,2023,12,13,chokepoint4,Bab el-Mandeb Strait,14,19,7,6,35,46,81,598077,654199,25705,26822,1560021,1304804,2864826
2023-12-13,2023,12,13,chokepoint7,Cape of Good Hope,11,30,3,1,17,45,62,408050,1937818,56880,5201,1215852,2407951,3623803
2023-12-14,2023,12,14,chokepoint1,Suez Canal,15,13,12,5,28,45,73,1163110,682489,92074,6853,1203421,1944528,3147949
2023-12-14,2023,12,14,chokepoint4,Bab el-Mandeb Strait,21,24,7,5,34,57,91,1121805,1362090,83460,24971,1927176,2592327,4519504
2023-12-14,2023,12,14,chokepoint7,Cape of Good Hope,4,21,2,1,16,28,44,249750,1117391,35134,0,729117,1402277,2131394
2023-12-15,2023,12,15,chokepoint1,Suez Canal,14,25,5,4,24,48,72,768277,1265965,21210,14436,1195710,2069890,3265601
2023-12-15,2023,12,15,chokepoint4,Bab el-Mandeb Strait,13,29,3,4,27,49,76,563229,1331605,5013,11709,1194439,1911557,3105996
2023-12-15,2023,12,15,chokepoint7,Cape of Good Hope,8,24,3,2,13,37,50,252376,2085995,12890,9752,873176,2361015,3234191
2023-12-16,2023,12,16,chokepoint1,Suez Canal,13,18,9,5,24,45,69,720304,904294,19298,20136,1163039,1664033,2827073
2023-12-16,2023,12,16,chokepoint4,Bab el-Mandeb Strait,9,23,6,0,27,38,65,395884,956395,70428,0,1251197,1422708,2673906
2023-12-16,2023,12,16,chokepoint7,Cape of Good Hope,6,35,2,1,13,44,57,236240,2610106,39661,0,560304,2886007,3446312
2023-12-17,2023,12,17,chokepoint1,Suez Canal,19,28,8,2,34,57,91,930844,1270181,50466,7815,1024056,2259308,3283364
2023-12-17,2023,12,17,chokepoint4,Bab el-Mandeb Strait,10,16,0,5,25,31,56,302165,785030,0,15205,923794,1102401,2026195
2023-12-17,2023,12,17,chokepoint7,Cape of Good Hope,6,34,5,1,11,46,57,188718,2064937,82719,0,581642,2336375,2918017
2023-12-18,2023,12,18,chokepoint1,Suez Canal,17,23,3,4,28,47,75,754125,801797,26684,11989,1371548,1594596,2966145
2023-12-18,2023,12,18,chokepoint4,Bab el-Mandeb Strait,3,20,6,1,22,30,52,32312,1266687,23804,0,1094460,1322804,2417265
2023-12-18,2023,12,18,chokepoint7,Cape of Good Hope,11,31,2,2,13,46,59,513497,2637888,27000,4433,1241864,3182819,4424683
2023-12-19,2023,12,19,chokepoint1,Suez Canal,14,28,9,7,18,58,76,801211,1363665,37051,13132,1094129,2215060,3309190
2023-12-19,2023,12,19,chokepoint4,Bab el-Mandeb Strait,4,14,9,6,22,33,55,45720,704527,29325,31396,1105529,810969,1916499
2023-12-19,2023,12,19,chokepoint7,Cape of Good Hope,3,25,2,1,13,31,44,55189,1226699,8860,4406,483484,1295156,1778640
2023-12-20,2023,12,20,chokepoint1,Suez Canal,15,30,5,1,28,51,79,688328,1276307,33003,0,1348902,1997639,3346541
2023-12-20,2023,12,20,chokepoint4,Bab el-Mandeb Strait,3,28,13,1,18,45,63,157096,1282157,61942,655,886781,1501851,2388633
2023-12-20,2023,12,20,chokepoint7,Cape of Good Hope,10,28,2,2,5,42,47,333489,1344886,15101,10137,707780,1703614,2411395
2023-12-21,2023,12,21,chokepoint1,Suez Canal,13,26,9,3,27,51,78,785116,1053431,54350,9635,1442166,1902534,3344700
2023-12-21,2023,12,21,chokepoint4,Bab el-Mandeb Strait,2,19,2,5,25,28,53,18961,888996,9298,12032,1228568,929289,2157857
2023-12-21,2023,12,21,chokepoint7,Cape of Good Hope,7,27,4,1,15,39,54,326928,2381145,44396,1461,964846,2753931,3718778
2023-12-22,2023,12,22,chokepoint1,Suez Canal,12,31,4,2,22,49,71,452877,1846752,29689,0,931466,2329319,3260786
2023-12-22,2023,12,22,chokepoint4,Bab el-Mandeb Strait,4,20,4,1,21,29,50,35869,964707,36367,0,820298,1036944,1857242
2023-12-22,2023,12,22,chokepoint7,Cape of Good Hope,9,23,3,0,8,35,43,264631,1482177,20744,0,346813,1767553,2114366
2023-12-23,2023,12,23,chokepoint1,Suez Canal,10,20,3,4,19,37,56,364321,712445,18406,28559,832927,1123733,1956660
2023-12-23,2023,12,23,chokepoint4,Bab el-Mandeb Strait,5,19,6,3,17,33,50,82488,789631,54781,4906,1328042,931808,2259851
2023-12-23,2023,12,23,chokepoint7,Cape of Good Hope,6,27,2,2,11,37,48,312576,1724516,18025,2469,1275041,2057587,3332628
2023-12-24,2023,12,24,chokepoint1,Suez Canal,8,23,8,1,19,40,59,229114,1084615,59996,11250,1138151,1384977,2523128
2023-12-24,2023,12,24,chokepoint4,Bab el-Mandeb Strait,6,32,4,0,27,42,69,215489,1656829,24327,0,1829936,1896647,3726583
2023-12-24,2023,12,24,chokepoint7,Cape of Good Hope,7,26,3,5,10,41,51,532388,1635063,23004,17820,499033,2208276,2707309
2023-12-25,2023,12,25,chokepoint1,Suez Canal,11,13,4,7,23,35,58,368095,529824,18010,9133,1308527,925064,2233592
2023-12-25,2023,12,25,chokepoint4,Bab el-Mandeb Strait,3,26,5,4,22,38,60,27074,1507856,17270,11242,959714,1563444,2523159
2023-12-25,2023,12,25,chokepoint7,Cape of Good Hope,11,29,1,2,7,43,50,442898,1706494,21716,4215,287701,2175324,2463025
2023-12-26,2023,12,26,chokepoint1,Suez Canal,7,24,4,2,21,37,58,198063,1700297,10975,0,992460,1909336,2901797
2023-12-26,2023,12,26,chokepoint4,Bab el-Mandeb Strait,4,21,0,4,28,29,57,52560,954019,0,15295,1077474,1021875,2099350
2023-12-26,2023,12,26,chokepoint7,Cape of Good Hope,16,29,1,1,7,47,54,1132655,1210817,0,4464,227628,2347937,2575565
2023-12-27,2023,12,27,chokepoint1,Suez Canal,7,26,6,1,14,40,54,278515,1286325,32178,4906,655068,1601926,2256994
2023-12-27,2023,12,27,chokepoint4,Bab el-Mandeb Strait,2,17,5,0,21,24,45,19987,1047838,31687,0,811722,1099513,1911236
2023-12-27,2023,12,27,chokepoint7,Cape of Good Hope,17,22,2,2,11,43,54,760001,1698180,15569,7307,211750,2481059,2692809
2023-12-28,2023,12,28,chokepoint1,Suez Canal,12,27,6,3,23,48,71,547260,1078145,13343,0,1027635,1638749,2666384
2023-12-28,2023,12,28,chokepoint4,Bab el-Mandeb Strait,4,20,4,0,17,28,45,80985,1102210,63515,0,481691,1246711,1728403
2023-12-28,2023,12,28,chokepoint7,Cape of Good Hope,22,27,2,3,3,54,57,1463467,2293330,4799,10651,362814,3772248,4135062
2023-12-29,2023,12,29,chokepoint1,Suez Canal,13,18,7,1,22,39,61,318939,749766,76863,0,1199314,1145569,2344883
2023-12-29,2023,12,29,chokepoint4,Bab el-Mandeb Strait,6,28,5,4,25,43,68,63256,1277260,6674,0,1644237,1347191,2991428
2023-12-29,2023,12,29,chokepoint7,Cape of Good Hope,23,31,6,1,15,61,76,1614761,2014573,75922,6942,1678397,3712199,5390597
2023-12-30,2023,12,30,chokepoint1,Suez Canal,10,31,6,3,18,50,68,412457,1901984,30156,10582,1114826,2355180,3470006
2023-12-30,2023,12,30,chokepoint4,Bab el-Mandeb Strait,5,14,4,0,21,23,44,57991,474010,14475,0,819501,546478,1365979
2023-12-30,2023,12,30,chokepoint7,Cape of Good Hope,19,28,4,0,14,51,65,1379578,2155632,38861,0,1974209,3574072,5548282
2023-12-31,2023,12,31,chokepoint1,Suez Canal,7,14,4,1,26,26,52,206710,787729,16931,3087,1322145,1014459,2336605
2023-12-31,2023,12,31,chokepoint4,Bab el-Mandeb Strait,5,23,4,2,15,34,49,51238,1173932,26532,0,545923,1251702,1797626
2023-12-31,2023,12,31,chokepoint7,Cape of Good Hope,18,24,3,2,14,47,61,1062004,1906946,33552,7621,451204,3010124,3461329
2024-01-01,2024,1,1,chokepoint1,Suez Canal,7,15,4,0,18,26,44,121054,491433,28691,0,868879,641179,1510058
2024-01-01,2024,1,1,chokepoint4,Bab el-Mandeb Strait,3,14,3,0,16,20,36,105669,713256,11998,0,1082572,830924,1913496
2024-01-01,2024,1,1,chokepoint7,Cape of Good Hope,19,36,3,1,6,59,65,1278101,2501108,37489,11224,408975,3827924,4236899
2024-01-02,2024,1,2,chokepoint1,Suez Canal,12,17,7,3,22,39,61,521916,785048,21436,7197,887518,1335598,2223117
2024-01-02,2024,1,2,chokepoint4,Bab el-Mandeb Strait,4,21,5,3,18,33,51,115493,969631,25779,7739,1046408,1118643,2165052
2024-01-02,2024,1,2,chokepoint7,Cape of Good Hope,22,38,3,2,17,65,82,1266577,2115409,13920,9385,1834409,3405292,5239702
2024-01-03,2024,1,3,chokepoint1,Suez Canal,7,23,5,1,16,36,52,190816,1193991,49045,0,931461,1433853,2365314
2024-01-03,2024,1,3,chokepoint4,Bab el-Mandeb Strait,4,18,5,2,12,29,41,55605,1009618,39034,3924,873867,1108183,1982050
2024-01-03,2024,1,3,chokepoint7,Cape of Good Hope,22,35,2,7,21,66,87,1362258,1977500,20443,25850,1451328,3386053,4837382
2024-01-04,2024,1,4,chokepoint1,Suez Canal,7,25,8,0,19,40,59,355577,1015488,17729,0,873807,1388795,2262603
2024-01-04,2024,1,4,chokepoint4,Bab el-Mandeb Strait,6,24,3,0,21,33,54,81803,1387810,15773,0,1217213,1485387,2702600
2024-01-04,2024,1,4,chokepoint7,Cape of Good Hope,21,26,0,6,16,53,69,1014708,1582438,0,41416,462674,2638563,3101237
2024-01-05,2024,1,5,chokepoint1,Suez Canal,7,16,2,1,23,26,49,209064,537641,4344,1528,975164,752579,1727744
2024-01-05,2024,1,5,chokepoint4,Bab el-Mandeb Strait,2,18,6,1,18,27,45,50397,880657,70424,6258,1139414,1007738,2147152
2024-01-05,2024,1,5,chokepoint7,Cape of Good Hope,22,29,2,3,14,56,70,1677985,1511466,36338,11809,1389921,3237599,4627520
2024-01-06,2024,1,6,chokepoint1,Suez Canal,12,13,4,2,22,31,53,604489,599536,33378,3972,1352713,1241377,2594091
2024-01-06,2024,1,6,chokepoint4,Bab el-Mandeb Strait,8,14,5,0,18,27,45,96720,695543,26064,0,848664,818328,1666993
2024-01-06,2024,1,6,chokepoint7,Cape of Good Hope,18,36,2,3,11,59,70,1095518,2097817,11538,13760,399251,3218634,3617886
2024-01-07,2024,1,7,chokepoint1,Suez Canal,13,24,3,1,16,41,57,407518,973604,5959,3924,667559,1391006,2058566
2024-01-07,2024,1,7,chokepoint4,Bab el-Mandeb Strait,6,20,3,0,14,29,43,55285,856172,25576,0,861535,937034,1798569
2024-01-07,2024,1,7,chokepoint7,Cape of Good Hope,10,29,3,1,20,43,63,552731,1812053,15364,4096,1217185,2384245,3601431
2024-01-08,2024,1,8,chokepoint1,Suez Canal,21,24,5,0,13,50,63,656919,1250268,37262,0,672334,1944450,2616785
2024-01-08,2024,1,8,chokepoint4,Bab el-Mandeb Strait,3,17,9,0,22,29,51,92339,1231763,23474,0,881040,1347577,2228618
2024-01-08,2024,1,8,chokepoint7,Cape of Good Hope,19,34,2,6,18,61,79,1111372,1811497,9037,18663,622421,2950571,3572992
2024-01-09,2024,1,9,chokepoint1,Suez Canal,9,21,6,1,17,37,54,405685,1013996,8381,0,968462,1428064,2396526
2024-01-09,2024,1,9,chokepoint4,Bab el-Mandeb Strait,6,24,9,1,13,40,53,100200,1164675,27706,0,869469,1292583,2162053
2024-01-09,2024,1,9,chokepoint7,Cape of Good Hope,18,33,2,2,11,55,66,805594,2752721,39459,2120,738000,3599897,4337897
2024-01-10,2024,1,10,chokepoint1,Suez Canal,8,15,7,1,17,31,48,272078,1043956,46013,6258,717148,1368305,2085454
2024-01-10,2024,1,10,chokepoint4,Bab el-Mandeb Strait,4,16,6,5,12,31,43,81112,636543,53358,12496,731020,783511,1514531
2024-01-10,2024,1,10,chokepoint7,Cape of Good Hope,19,38,4,5,6,66,72,1242851,2341594,46863,28108,63601,3659418,3723020
2024-01-11,2024,1,11,chokepoint1,Suez Canal,6,21,2,2,19,31,50,180789,1014782,12621,0,913734,1208193,2121927
2024-01-11,2024,1,11,chokepoint4,Bab el-Mandeb Strait,5,21,4,2,23,32,55,91181,789572,6368,5767,1155542,892889,2048432
2024-01-11,2024,1,11,chokepoint7,Cape of Good Hope,23,34,4,2,11,63,74,1268955,1765250,62272,12858,105017,3109337,3214355
2024-01-12,2024,1,12,chokepoint1,Suez Canal,7,18,1,0,10,26,36,158505,668948,1168,0,121131,828622,949754
2024-01-12,2024,1,12,chokepoint4,Bab el-Mandeb Strait,2,21,4,0,8,27,35,17692,1135420,36642,0,280481,1189755,1470236
2024-01-12,2024,1,12,chokepoint7,Cape of Good Hope,24,40,5,3,11,72,83,1139165,2935107,46441,11353,277491,4132067,4409559
2024-01-13,2024,1,13,chokepoint1,Suez Canal,9,15,6,3,14,33,47,332049,631526,26010,11292,607085,1000879,1607964
2024-01-13,2024,1,13,chokepoint4,Bab el-Mandeb Strait,6,23,0,1,13,30,43,102944,980595,0,0,634144,1083539,1717684
2024-01-13,2024,1,13,chokepoint7,Cape of Good Hope,17,34,8,3,20,62,82,1067858,2185472,40797,4572,2322651,3298701,5621353
2024-01-14,2024,1,14,chokepoint1,Suez Canal,10,19,4,3,13,36,49,359626,753488,9857,10036,577279,1133009,1710289
2024-01-14,2024,1,14,chokepoint4,Bab el-Mandeb Strait,2,11,5,0,9,18,27,23295,323626,10417,0,469396,357339,826735
2024-01-14,2024,1,14,chokepoint7,Cape of Good Hope,9,22,4,2,14,37,51,401490,1610377,35219,5475,850359,2052563,2902923
2024-01-15,2024,1,15,chokepoint1,Suez Canal,8,24,3,1,17,36,53,282976,1016925,19194,4227,1593330,1323324,2916655
2024-01-15,2024,1,15,chokepoint4,Bab el-Mandeb Strait,3,15,1,0,10,19,29,32228,957912,4803,0,503120,994944,1498065
2024-01-15,2024,1,15,chokepoint7,Cape of Good Hope,17,35,3,2,15,57,72,935450,2125282,27126,13351,736241,3101210,3837451
2024-01-16,2024,1,16,chokepoint1,Suez Canal,7,17,1,1,20,26,46,308136,717063,3320,5852,1182817,1034372,2217189
2024-01-16,2024,1,16,chokepoint4,Bab el-Mandeb Strait,3,18,5,1,10,27,37,47864,862141,20389,3770,333740,934165,1267905
2024-01-16,2024,1,16,chokepoint7,Cape of Good Hope,13,29,4,2,15,48,63,843348,1678781,68547,7443,1415931,2598120,4014052
2024-01-17,2024,1,17,chokepoint1,Suez Canal,14,21,7,0,16,42,58,505125,714806,33088,0,826515,1253020,2079536
2024-01-17,2024,1,17,chokepoint4,Bab el-Mandeb Strait,3,20,5,0,18,28,46,63851,770197,23491,0,863118,857540,1720659
2024-01-17,2024,1,17,chokepoint7,Cape of Good Hope,15,33,3,0,13,51,64,1199709,1703939,40490,0,276220,2944139,3220360
2024-01-18,2024,1,18,chokepoint1,Suez Canal,10,21,5,1,23,37,60,259924,1148435,18578,0,1283196,1426938,2710135
2024-01-18,2024,1,18,chokepoint4,Bab el-Mandeb Strait,2,15,4,0,11,21,32,40503,750421,19264,0,256240,810190,1066430
2024-01-18,2024,1,18,chokepoint7,Cape of Good Hope,14,32,5,2,17,53,70,1077306,1998676,70059,12951,405981,3158993,3564974
2024-01-19,2024,1,19,chokepoint1,Suez Canal,8,15,3,2,19,28,47,145783,779389,6522,2730,485383,934425,1419809
2024-01-19,2024,1,19,chokepoint4,Bab el-Mandeb Strait,7,12,4,1,12,24,36,57414,446763,7934,4604,943707,516717,1460424
2024-01-19,2024,1,19,chokepoint7,Cape of Good Hope,14,31,5,4,19,54,73,688952,1228136,38961,13344,540751,1969394,2510145
2024-01-20,2024,1,20,chokepoint1,Suez Canal,11,8,7,0,9,26,35,450265,212204,88981,0,768099,751451,1519550
2024-01-20,2024,1,20,chokepoint4,Bab el-Mandeb Strait,4,18,4,0,13,26,39,28469,588871,40343,0,510596,657684,1168280
2024-01-20,2024,1,20,chokepoint7,Cape of Good Hope,13,23,7,3,15,46,61,1025887,1421412,24357,10620,675964,2482277,3158242
2024-01-21,2024,1,21,chokepoint1,Suez Canal,11,18,7,1,14,37,51,271482,546423,11981,3770,681852,833657,1515510
2024-01-21,2024,1,21,chokepoint4,Bab el-Mandeb Strait,4,16,3,0,17,23,40,66710,619785,29779,0,1490668,716275,2206944
2024-01-21,2024,1,21,chokepoint7,Cape of Good Hope,19,39,3,5,21,66,87,1485486,2107968,8249,10803,739962,3612507,4352470
2024-01-22,2024,1,22,chokepoint1,Suez Canal,7,21,3,1,14,32,46,428134,655083,18733,0,654607,1101951,1756558
2024-01-22,2024,1,22,chokepoint4,Bab el-Mandeb Strait,3,22,3,0,17,28,45,43745,970647,6906,0,1006833,1021300,2028133
2024-01-22,2024,1,22,chokepoint7,Cape of Good Hope,7,23,1,3,14,34,48,467328,1855999,0,10080,1336753,2333407,3670161
2024-01-23,2024,1,23,chokepoint1,Suez Canal,8,14,3,0,14,25,39,389023,670270,10811,0,634143,1070105,1704248
2024-01-23,2024,1,23,chokepoint4,Bab el-Mandeb Strait,3,17,4,0,11,24,35,21083,780150,17023,0,585580,818257,1403837
2024-01-23,2024,1,23,chokepoint7,Cape of Good Hope,21,26,1,3,19,51,70,1168142,1353022,3598,14464,1439673,2539228,3978902
2024-01-24,2024,1,24,chokepoint1,Suez Canal,9,10,4,1,17,24,41,205517,624195,10310,7212,874608,847236,1721844
2024-01-24,2024,1,24,chokepoint4,Bab el-Mandeb Strait,3,11,4,1,12,19,31,24063,382724,50985,2730,1191645,460503,1652148
2024-01-24,2024,1,24,chokepoint7,Cape of Good Hope,15,31,5,2,13,53,66,768224,2368984,28486,5392,577175,3171088,3748263
2024-01-25,2024,1,25,chokepoint1,Suez Canal,7,11,9,1,16,28,44,204177,397633,27589,0,262366,629400,891767
2024-01-25,2024,1,25,chokepoint4,Bab el-Mandeb Strait,6,11,3,0,13,20,33,70057,430899,18930,0,654004,519887,1173891
2024-01-25,2024,1,25,chokepoint7,Cape of Good Hope,19,34,6,4,22,63,85,1350207,1569996,24353,19307,961687,2963864,3925551
2024-01-26,2024,1,26,chokepoint1,Suez Canal,9,14,5,1,11,29,40,193759,499558,18664,0,560977,711983,1272961
2024-01-26,2024,1,26,chokepoint4,Bab el-Mandeb Strait,0,13,3,1,12,17,29,0,544506,36396,0,767078,580903,1347981
2024-01-26,2024,1,26,chokepoint7,Cape of Good Hope,19,41,5,5,14,70,84,1211995,2831403,43643,18716,917530,4105759,5023290
2024-01-27,2024,1,27,chokepoint1,Suez Canal,4,16,5,1,9,26,35,135339,704078,43444,0,305288,882861,1188150
2024-01-27,2024,1,27,chokepoint4,Bab el-Mandeb Strait,2,14,5,0,11,21,32,19034,618712,14263,0,774675,652010,1426686
2024-01-27,2024,1,27,chokepoint7,Cape of Good Hope,13,28,4,4,22,49,71,726238,2386852,34949,23447,1137843,3171487,4309330
2024-01-28,2024,1,28,chokepoint1,Suez Canal,12,19,6,0,16,37,53,560869,809098,20186,0,882592,1390153,2272746
2024-01-28,2024,1,28,chokepoint4,Bab el-Mandeb Strait,4,13,3,0,11,20,31,82113,570622,16124,0,594193,668860,1263053
2024-01-28,2024,1,28,chokepoint7,Cape of Good Hope,19,36,5,4,21,64,85,1018701,2214566,97136,9022,1218052,3339427,4557480
2024-01-29,2024,1,29,chokepoint1,Suez Canal,10,13,3,1,9,27,36,332196,638248,3309,4621,268288,978375,1246663
2024-01-29,2024,1,29,chokepoint4,Bab el-Mandeb Strait,7,13,4,0,11,24,35,153811,578767,35607,0,333290,768186,1101477
2024-01-29,2024,1,29,chokepoint7,Cape of Good Hope,11,37,2,3,16,53,69,738875,3047027,9173,18646,767040,3813721,4580762
2024-01-30,2024,1,30,chokepoint1,Suez Canal,7,12,2,0,13,21,34,175213,568746,6142,0,614027,750103,1364130
2024-01-30,2024,1,30,chokepoint4,Bab el-Mandeb Strait,5,12,3,1,6,21,27,77752,444092,4650,5482,191504,531977,723481
2024-01-30,2024,1,30,chokepoint7,Cape of Good Hope,20,37,1,2,23,60,83,963206,1593450,28278,4471,871827,2589406,3461234
2024-01-31,2024,1,31,chokepoint1,Suez Canal,8,12,5,1,14,26,40,268928,498773,6819,5476,595587,779998,1375586
2024-01-31,2024,1,31,chokepoint4,Bab el-Mandeb Strait,4,15,7,0,10,26,36,32615,809352,25231,0,475329,867200,1342529
2024-01-31,2024,1,31,chokepoint7,Cape of Good Hope,15,31,3,2,16,51,67,1132006,2418327,4382,3506,1158917,3558223,4717140
2024-02-01,2024,2,1,chokepoint1,Suez Canal,9,13,7,0,8,29,37,198153,516718,62952,0,519249,777824,1297073
2024-02-01,2024,2,1,chokepoint4,Bab el-Mandeb Strait,5,9,7,1,10,22,32,48560,244945,64266,779,712821,358551,1071373
2024-02-01,2024,2,1,chokepoint7,Cape of Good Hope,19,43,6,2,17,70,87,1454965,2010297,56428,5601,736897,3527293,4264190
2024-02-02,2024,2,2,chokepoint1,Suez Canal,5,11,8,0,12,24,36,304186,304502,32197,0,572388,640886,1213275
2024-02-02,2024,2,2,chokepoint4,Bab el-Mandeb Strait,6,14,3,0,16,23,39,60123,526774,4907,0,717840,591805,1309646
2024-02-02,2024,2,2,chokepoint7,Cape of Good Hope,13,34,1,7,25,55,80,861477,1553669,0,10088,1773163,2425235,4198398
2024-02-03,2024,2,3,chokepoint1,Suez Canal,8,14,2,3,16,27,43,297484,535666,2801,8094,840357,844046,1684403
2024-02-03,2024,2,3,chokepoint4,Bab el-Mandeb Strait,1,14,3,0,10,18,28,12754,721301,23155,0,497712,757211,1254924
2024-02-03,2024,2,3,chokepoint7,Cape of Good Hope,19,45,2,5,20,71,91,1046775,2192679,1794,18193,772238,3259442,4031681
2024-02-04,2024,2,4,chokepoint1,Suez Canal,12,18,2,0,13,32,45,388092,981461,6715,0,551340,1376269,1927610
2024-02-04,2024,2,4,chokepoint4,Bab el-Mandeb Strait,4,11,4,0,8,19,27,43477,401196,28474,0,697631,473148,1170779
2024-02-04,2024,2,4,chokepoint7,Cape of Good Hope,18,39,9,5,11,71,82,1009746,2103817,75440,13348,446412,3202352,3648764
2024-02-05,2024,2,5,chokepoint1,Suez Canal,9,16,4,1,12,30,42,314431,1034312,7380,0,556171,1356125,1912296
2024-02-05,2024,2,5,chokepoint4,Bab el-Mandeb Strait,6,19,8,0,17,33,50,66616,715782,48376,0,562660,830775,1393435
2024-02-05,2024,2,5,chokepoint7,Cape of Good Hope,17,38,1,2,26,58,84,1003720,2071382,0,11254,998471,3086357,4084829
2024-02-06,2024,2,6,chokepoint1,Suez Canal,6,21,5,0,7,32,39,149496,1048039,18950,0,116921,1216486,1333407
2024-02-06,2024,2,6,chokepoint4,Bab el-Mandeb Strait,5,17,4,0,11,26,37,39186,648702,32111,0,336781,720000,1056782
2024-02-06,2024,2,6,chokepoint7,Cape of Good Hope,14,45,4,4,18,67,85,705276,2512841,19321,11275,1221365,3248715,4470081
2024-02-07,2024,2,7,chokepoint1,Suez Canal,5,13,9,4,14,31,45,144809,420092,22262,3322,616188,590486,1206674
2024-02-07,2024,2,7,chokepoint4,Bab el-Mandeb Strait,2,13,5,0,8,20,28,33072,368532,9846,0,258252,411451,669704
2024-02-07,2024,2,7,chokepoint7,Cape of Good Hope,10,35,8,5,17,58,75,498761,1660075,79517,14095,1048753,2252449,3301203
2024-02-08,2024,2,8,chokepoint1,Suez Canal,12,16,7,0,11,35,46,357800,583255,50698,0,442520,991755,1434276
2024-02-08,2024,2,8,chokepoint4,Bab el-Mandeb Strait,4,12,4,1,8,21,29,73770,484084,26470,0,791897,584325,1376222
2024-02-08,2024,2,8,chokepoint7,Cape of Good Hope,17,27,5,3,21,52,73,1112610,1894593,33115,5439,1625684,3045758,4671443
2024-02-09,2024,2,9,chokepoint1,Suez Canal,9,15,6,2,11,32,43,172471,770560,19257,2968,548104,965259,1513363
2024-02-09,2024,2,9,chokepoint4,Bab el-Mandeb Strait,2,14,0,1,13,17,30,18853,717726,0,5482,365398,742061,1107460
2024-02-09,2024,2,9,chokepoint7,Cape of Good Hope,17,30,1,3,20,51,71,1006566,1399396,12111,13098,958458,2431173,3389632
2024-02-10,2024,2,10,chokepoint1,Suez Canal,8,19,5,0,15,32,47,302516,1215946,19876,0,671799,1538340,2210139
2024-02-10,2024,2,10,chokepoint4,Bab el-Mandeb Strait,5,14,2,1,10,22,32,63449,918334,2460,1535,963842,985780,1949622
2024-02-10,2024,2,10,chokepoint7,Cape of Good Hope,22,42,5,2,21,71,92,1181615,2837405,34546,8414,662599,4061981,4724581
2024-02-11,2024,2,11,chokepoint1,Suez Canal,5,9,4,0,15,18,33,203343,405948,17943,0,485327,627236,1112563
2024-02-11,2024,2,11,chokepoint4,Bab el-Mandeb Strait,5,20,6,0,7,31,38,167718,1277521,30341,0,351519,1475581,1827101
2024-02-11,2024,2,11,chokepoint7,Cape of Good Hope,12,32,4,4,18,52,70,628923,984739,15535,18240,579744,1647438,2227183
2024-02-12,2024,2,12,chokepoint1,Suez Canal,10,16,4,0,16,30,46,173886,670773,11042,0,860337,855703,1716041
2024-02-12,2024,2,12,chokepoint4,Bab el-Mandeb Strait,6,8,5,0,8,19,27,65571,239936,30047,0,730557,335555,1066113
2024-02-12,2024,2,12,chokepoint7,Cape of Good Hope,17,59,4,2,20,82,102,750830,3568952,23738,5347,677762,4348868,5026630
2024-02-13,2024,2,13,chokepoint1,Suez Canal,14,15,7,1,15,37,52,323711,604544,18949,0,617722,947205,1564927
2024-02-13,2024,2,13,chokepoint4,Bab el-Mandeb Strait,3,17,6,1,14,27,41,52678,613521,13473,0,630301,679673,1309975
2024-02-13,2024,2,13,chokepoint7,Cape of Good Hope,14,53,2,2,18,71,89,859625,3651874,11928,7618,424884,4531047,4955931
2024-02-14,2024,2,14,chokepoint1,Suez Canal,12,13,5,0,9,30,39,119007,369042,53843,0,604647,541893,1146540
2024-02-14,2024,2,14,chokepoint4,Bab el-Mandeb Strait,6,12,5,1,8,24,32,90031,460164,41999,1853,671964,594047,1266012
2024-02-14,2024,2,14,chokepoint7,Cape of Good Hope,16,37,4,5,13,62,75,1046149,2016184,36079,27273,1138250,3125687,4263937
2024-02-15,2024,2,15,chokepoint1,Suez Canal,9,8,1,0,10,18,28,219555,333150,866,0,334470,553572,888043
2024-02-15,2024,2,15,chokepoint4,Bab el-Mandeb Strait,7,16,3,0,7,26,33,93491,999668,10578,0,202479,1103738,1306218
2024-02-15,2024,2,15,chokepoint7,Cape of Good Hope,16,47,1,4,30,68,98,1283085,2658032,2292,30143,1830427,3973554,5803981
2024-02-16,2024,2,16,chokepoint1,Suez Canal,4,14,3,1,20,22,42,36868,604857,16638,1535,1374232,659899,2034131
2024-02-16,2024,2,16,chokepoint4,Bab el-Mandeb Strait,5,15,3,2,12,25,37,63198,436720,10181,9136,976720,519236,1495956
2024-02-16,2024,2,16,chokepoint7,Cape of Good Hope,15,29,2,1,15,47,62,1110395,1400607,26922,4763,374368,2542688,2917056
2024-02-17,2024,2,17,chokepoint1,Suez Canal,9,5,5,1,14,20,34,190458,184910,12646,0,904301,388014,1292315
2024-02-17,2024,2,17,chokepoint4,Bab el-Mandeb Strait,1,18,2,0,12,21,33,33067,886160,5094,0,769081,924322,1693404
2024-02-17,2024,2,17,chokepoint7,Cape of Good Hope,30,43,8,3,25,84,109,1695731,3231499,103865,7993,1449709,5039089,6488799
2024-02-18,2024,2,18,chokepoint1,Suez Canal,7,15,4,1,8,27,35,91587,629150,40227,1853,571729,762818,1334548
2024-02-18,2024,2,18,chokepoint4,Bab el-Mandeb Strait,12,10,4,0,17,26,43,131464,463424,51314,0,1078685,646203,1724888
2024-02-18,2024,2,18,chokepoint7,Cape of Good Hope,21,52,4,3,24,80,104,1309524,2495980,38382,16452,1961940,3860340,5822281
2024-02-19,2024,2,19,chokepoint1,Suez Canal,7,12,3,0,26,22,48,252129,267397,2771,0,1660929,522298,2183227
2024-02-19,2024,2,19,chokepoint4,Bab el-Mandeb Strait,6,11,4,0,15,21,36,78891,484334,9193,0,659256,572418,1231674
2024-02-19,2024,2,19,chokepoint7,Cape of Good Hope,12,43,5,4,18,64,82,759212,1938413,36104,21624,1296796,2755355,4052152
2024-02-20,2024,2,20,chokepoint1,Suez Canal,8,15,2,3,9,28,37,124990,747856,3520,9093,460632,885461,1346093
2024-02-20,2024,2,20,chokepoint4,Bab el-Mandeb Strait,4,14,2,1,10,21,31,47595,478778,14000,0,727612,540374,1267986
2024-02-20,2024,2,20,chokepoint7,Cape of Good Hope,22,39,3,3,23,67,90,1834431,1997784,45466,8159,1091273,3885842,4977115
2024-02-21,2024,2,21,chokepoint1,Suez Canal,11,16,2,1,10,30,40,305885,721492,2768,4162,671937,1034309,1706247
2024-02-21,2024,2,21,chokepoint4,Bab el-Mandeb Strait,2,7,4,1,17,14,31,49434,392016,13278,5214,718198,459944,1178142
2024-02-21,2024,2,21,chokepoint7,Cape of Good Hope,19,47,6,2,22,74,96,1319977,2146056,35541,16838,1316085,3518414,4834500
2024-02-22,2024,2,22,chokepoint1,Suez Canal,8,21,2,1,14,32,46,122929,998403,13764,2959,931989,1138056,2070045
2024-02-22,2024,2,22,chokepoint4,Bab el-Mandeb Strait,6,14,3,0,14,23,37,122601,575311,14136,0,877736,712049,1589785
2024-02-22,2024,2,22,chokepoint7,Cape of Good Hope,17,46,3,0,18,66,84,819368,2181288,22109,0,1411023,3022767,4433790
2024-02-23,2024,2,23,chokepoint1,Suez Canal,5,14,9,0,18,28,46,248120,525684,38206,0,1011815,812011,1823827
2024-02-23,2024,2,23,chokepoint4,Bab el-Mandeb Strait,2,17,4,0,22,23,45,0,686059,41034,0,1534505,727094,2261600
2024-02-23,2024,2,23,chokepoint7,Cape of Good Hope,23,45,5,8,24,81,105,1405244,2837598,20865,40879,1155331,4304587,5459919
2024-02-24,2024,2,24,chokepoint1,Suez Canal,14,18,4,0,15,36,51,278773,918000,11686,0,635487,1208460,1843948
2024-02-24,2024,2,24,chokepoint4,Bab el-Mandeb Strait,3,7,4,0,12,14,26,44843,302588,24289,0,604628,371721,976350
2024-02-24,2024,2,24,chokepoint7,Cape of Good Hope,18,37,5,2,24,62,86,939847,2163544,63714,0,1340142,3167106,4507249
2024-02-25,2024,2,25,chokepoint1,Suez Canal,9,19,3,0,12,31,43,266782,539109,3109,0,593018,809001,1402019
2024-02-25,2024,2,25,chokepoint4,Bab el-Mandeb Strait,4,17,9,0,14,30,44,34873,850808,71989,0,831311,957671,1788982
2024-02-25,2024,2,25,chokepoint7,Cape of Good Hope,19,25,5,3,14,52,66,1423145,1483901,98513,11670,573073,3017231,3590305
2024-02-26,2024,2,26,chokepoint1,Suez Canal,13,15,4,1,13,33,46,242204,682499,9508,2906,499429,937119,1436549
2024-02-26,2024,2,26,chokepoint4,Bab el-Mandeb Strait,5,14,6,1,12,26,38,87828,718566,31119,2375,807847,839890,1647738
2024-02-26,2024,2,26,chokepoint7,Cape of Good Hope,17,48,2,2,18,69,87,1028131,2333121,6332,10627,1224753,3378212,4602965
2024-02-27,2024,2,27,chokepoint1,Suez Canal,12,10,5,1,14,28,42,160656,456997,31640,0,978457,649293,1627751
2024-02-27,2024,2,27,chokepoint4,Bab el-Mandeb Strait,5,12,5,1,17,23,40,94284,550066,16844,0,1014945,661195,1676141
2024-02-27,2024,2,27,chokepoint7,Cape of Good Hope,13,37,1,2,17,53,70,985261,1765059,0,15111,1102642,2765432,3868074
2024-02-28,2024,2,28,chokepoint1,Suez Canal,7,14,4,1,14,26,40,238714,571294,10267,5645,1138544,825922,1964466
2024-02-28,2024,2,28,chokepoint4,Bab el-Mandeb Strait,7,10,2,0,8,19,27,89461,549995,3885,0,177806,643342,821148
2024-02-28,2024,2,28,chokepoint7,Cape of Good Hope,23,43,0,3,15,69,84,1361742,1946372,0,4760,1105980,3312875,4418855
2024-02-29,2024,2,29,chokepoint1,Suez Canal,7,18,6,1,16,32,48,220557,817326,27179,3558,859056,1068622,1927678
2024-02-29,2024,2,29,chokepoint4,Bab el-Mandeb Strait,3,18,1,0,14,22,36,44089,853010,2565,0,824896,899666,1724563
2024-02-29,2024,2,29,chokepoint7,Cape of Good Hope,25,47,3,7,21,82,103,1497809,3324342,5343,39038,1557742,4866533,6424275
2024-03-01,2024,3,1,chokepoint1,Suez Canal,7,10,5,1,12,23,35,290392,380002,22484,1218,569196,694098,1263294
2024-03-01,2024,3,1,chokepoint4,Bab el-Mandeb Strait,2,7,5,1,5,15,20,15471,267572,17911,2375,257323,303330,560654
2024-03-01,2024,3,1,chokepoint7,Cape of Good Hope,26,46,7,4,18,83,101,1639867,2561700,60667,22774,554231,4285010,4839242
2024-03-02,2024,3,2,chokepoint1,Suez Canal,8,14,10,0,11,32,43,106985,378931,59668,0,642716,545585,1188302
2024-03-02,2024,3,2,chokepoint4,Bab el-Mandeb Strait,3,7,2,0,17,12,29,51425,382446,8835,0,851885,442707,1294592
2024-03-02,2024,3,2,chokepoint7,Cape of Good Hope,25,48,6,3,24,82,106,1360483,2718497,47168,24858,1320102,4151008,5471111
2024-03-03,2024,3,3,chokepoint1,Suez Canal,7,10,2,0,13,19,32,330346,152747,31438,0,442649,514531,957181
2024-03-03,2024,3,3,chokepoint4,Bab el-Mandeb Strait,6,17,10,1,19,34,53,78255,618150,90538,0,965838,786944,1752783
2024-03-03,2024,3,3,chokepoint7,Cape of Good Hope,26,52,9,2,13,89,102,1814959,2931879,95714,8571,627489,4851124,5478614
2024-03-04,2024,3,4,chokepoint1,Suez Canal,11,8,2,0,7,21,28,147523,389461,9520,0,143395,546505,689901
2024-03-04,2024,3,4,chokepoint4,Bab el-Mandeb Strait,7,16,5,0,9,28,37,78112,667509,22736,0,607057,768358,1375415
2024-03-04,2024,3,4,chokepoint7,Cape of Good Hope,10,49,3,4,24,66,90,401323,3442087,58357,14089,1835105,3915858,5750963
2024-03-05,2024,3,5,chokepoint1,Suez Canal,6,9,3,0,18,18,36,110957,396072,8009,0,604885,515039,1119925
2024-03-05,2024,3,5,chokepoint4,Bab el-Mandeb Strait,4,12,3,0,9,19,28,69202,370116,1293,0,386739,440612,827351
2024-03-05,2024,3,5,chokepoint7,Cape of Good Hope,26,32,3,6,18,67,85,1664825,2214709,19540,33832,1633437,3932907,5566345
2024-03-06,2024,3,6,chokepoint1,Suez Canal,7,13,4,0,9,24,33,255292,679105,9325,0,239212,943723,1182936
2024-03-06,2024,3,6,chokepoint4,Bab el-Mandeb Strait,6,12,3,0,14,21,35,88636,491335,21100,0,667094,601071,1268166
2024-03-06,2024,3,6,chokepoint7,Cape of Good Hope,17,47,5,2,19,71,90,1193648,3354882,27302,12300,993011,4588134,5581145
2024-03-07,2024,3,7,chokepoint1,Suez Canal,12,11,5,0,16,28,44,178120,571526,11465,0,798454,761112,1559567
2024-03-07,2024,3,7,chokepoint4,Bab el-Mandeb Strait,3,12,4,0,11,19,30,30379,662102,8359,0,924302,700841,1625144
2024-03-07,2024,3,7,chokepoint7,Cape of Good Hope,26,54,5,2,19,87,106,1719350,4127106,62958,3344,927532,5912759,6840292
2024-03-08,2024,3,8,chokepoint1,Suez Canal,10,18,7,0,18,35,53,187048,611394,20011,0,1060084,818454,1878539
2024-03-08,2024,3,8,chokepoint4,Bab el-Mandeb Strait,5,12,4,0,8,21,29,55853,551820,14159,0,111146,621833,732979
2024-03-08,2024,3,8,chokepoint7,Cape of Good Hope,15,44,4,2,19,65,84,834243,2457398,53928,8373,757572,3353944,4111517
2024-03-09,2024,3,9,chokepoint1,Suez Canal,15,14,5,0,16,34,50,334505,453317,31976,0,777761,819800,1597561
2024-03-09,2024,3,9,chokepoint4,Bab el-Mandeb Strait,5,5,4,1,14,15,29,66734,124531,18810,6160,336827,216236,553063
2024-03-09,2024,3,9,chokepoint7,Cape of Good Hope,22,37,3,1,21,63,84,1420226,2563410,43680,6153,970923,4033471,5004395
2024-03-10,2024,3,10,chokepoint1,Suez Canal,7,16,2,1,15,26,41,294015,680692,26006,3322,642243,1004037,1646280
2024-03-10,2024,3,10,chokepoint4,Bab el-Mandeb Strait,6,7,6,0,14,19,33,86490,474243,78495,0,761322,639228,1400551
2024-03-10,2024,3,10,chokepoint7,Cape of Good Hope,18,52,1,0,28,71,99,1279274,2817164,3259,0,2099956,4099698,6199655
2024-03-11,2024,3,11,chokepoint1,Suez Canal,9,13,2,0,13,24,37,257539,484684,2484,0,653658,744708,1398366
2024-03-11,2024,3,11,chokepoint4,Bab el-Mandeb Strait,3,8,0,1,14,12,26,35397,315571,0,5482,923549,356451,1280001
2024-03-11,2024,3,11,chokepoint7,Cape of Good Hope,15,46,1,7,20,69,89,601751,2589886,0,26326,1444239,3217964,4662204
2024-03-12,2024,3,12,chokepoint1,Suez Canal,11,15,1,1,16,28,44,163790,668493,2720,0,540551,835003,1375554
2024-03-12,2024,3,12,chokepoint4,Bab el-Mandeb Strait,6,12,4,0,13,22,35,74877,672847,14471,0,822636,762196,1584832
2024-03-12,2024,3,12,chokepoint7,Cape of Good Hope,20,33,2,2,17,57,74,1033166,1892939,9602,4291,976778,2939999,3916778
2024-03-13,2024,3,13,chokepoint1,Suez Canal,3,18,7,0,14,28,42,74908,809270,19130,0,732599,903310,1635909
2024-03-13,2024,3,13,chokepoint4,Bab el-Mandeb Strait,1,14,5,0,12,20,32,27443,635890,22733,0,945080,686067,1631147
2024-03-13,2024,3,13,chokepoint7,Cape of Good Hope,25,44,2,5,21,76,97,1749716,3510524,0,15013,1914722,5275254,7189977
2024-03-14,2024,3,14,chokepoint1,Suez Canal,6,12,4,0,14,22,36,157454,653591,21464,0,502868,832511,1335379
2024-03-14,2024,3,14,chokepoint4,Bab el-Mandeb Strait,6,10,5,0,14,21,35,118557,387167,13855,0,451310,519579,970890
2024-03-14,2024,3,14,chokepoint7,Cape of Good Hope,15,48,2,2,16,67,83,1091414,2852193,23132,10578,271061,3977318,4248379
2024-03-15,2024,3,15,chokepoint1,Suez Canal,7,11,3,1,13,22,35,137234,463626,3433,5668,744985,609964,1354949
2024-03-15,2024,3,15,chokepoint4,Bab el-Mandeb Strait,7,14,5,0,12,26,38,67595,519370,40684,0,884734,627650,1512385
2024-03-15,2024,3,15,chokepoint7,Cape of Good Hope,19,42,4,3,19,68,87,1561459,2869277,32885,9283,1385902,4472906,5858809
2024-03-16,2024,3,16,chokepoint1,Suez Canal,10,13,2,0,14,25,39,154495,612301,15967,0,413378,782764,1196143
2024-03-16,2024,3,16,chokepoint4,Bab el-Mandeb Strait,2,7,3,1,11,13,24,41229,286989,18098,5482,615752,351800,967552
2024-03-16,2024,3,16,chokepoint7,Cape of Good Hope,18,42,3,2,15,65,80,1100005,2502646,43556,11820,995850,3658027,4653878
2024-03-17,2024,3,17,chokepoint1,Suez Canal,4,13,6,3,10,26,36,148317,816954,24365,8431,301261,998069,1299331
2024-03-17,2024,3,17,chokepoint4,Bab el-Mandeb Strait,6,13,5,0,15,24,39,94247,644894,51008,0,942436,790150,1732586
2024-03-17,2024,3,17,chokepoint7,Cape of Good Hope,15,29,1,3,18,48,66,806608,2129576,8274,13581,1155379,2958040,4113419
2024-03-18,2024,3,18,chokepoint1,Suez Canal,7,10,2,1,20,20,40,218537,545848,14411,1987,1022390,780785,1803175
2024-03-18,2024,3,18,chokepoint4,Bab el-Mandeb Strait,3,7,6,1,5,17,22,29554,150574,45015,3558,270114,228703,498818
2024-03-18,2024,3,18,chokepoint7,Cape of Good Hope,21,44,10,1,18,76,94,1351553,2565597,69573,1604,1469382,3988328,5457711
2024-03-19,2024,3,19,chokepoint1,Suez Canal,6,11,7,1,13,25,38,186717,448009,64117,0,240555,698844,939400
2024-03-19,2024,3,19,chokepoint4,Bab el-Mandeb Strait,3,12,6,0,13,21,34,37926,633717,29456,0,855860,701100,1556961
2024-03-19,2024,3,19,chokepoint7,Cape of Good Hope,6,31,4,1,24,42,66,382742,1845320,19117,7143,1317863,2254323,3572187
2024-03-20,2024,3,20,chokepoint1,Suez Canal,8,8,1,0,19,17,36,158157,326160,7060,0,1409673,491377,1901051
2024-03-20,2024,3,20,chokepoint4,Bab el-Mandeb Strait,1,14,2,0,12,17,29,12041,643272,3376,0,845008,658690,1503698
2024-03-20,2024,3,20,chokepoint7,Cape of Good Hope,11,37,10,2,15,60,75,743524,2477475,72925,6948,1360475,3300874,4661349
2024-03-21,2024,3,21,chokepoint1,Suez Canal,9,13,4,0,13,26,39,257562,698713,49266,0,822535,1005542,1828078
2024-03-21,2024,3,21,chokepoint4,Bab el-Mandeb Strait,3,13,1,0,9,17,26,37478,750359,0,0,367383,787838,1155221
2024-03-21,2024,3,21,chokepoint7,Cape of Good Hope,18,42,4,3,17,67,84,967241,3090081,47791,20534,736012,4125648,4861661
2024-03-22,2024,3,22,chokepoint1,Suez Canal,8,9,4,1,12,22,34,236409,368460,14058,3455,221181,622383,843564
2024-03-22,2024,3,22,chokepoint4,Bab el-Mandeb Strait,7,12,8,0,13,27,40,72116,816564,98751,0,556202,987433,1543635
2024-03-22,2024,3,22,chokepoint7,Cape of Good Hope,14,44,8,0,14,66,80,826576,3598888,83353,0,784729,4508818,5293547
2024-03-23,2024,3,23,chokepoint1,Suez Canal,8,16,7,1,13,32,45,114365,644430,55302,4660,635381,818759,1454141
2024-03-23,2024,3,23,chokepoint4,Bab el-Mandeb Strait,4,14,3,1,10,22,32,79338,628776,36953,0,436092,745068,1181160
2024-03-23,2024,3,23,chokepoint7,Cape of Good Hope,11,31,6,2,17,50,67,520861,2026859,70850,13150,1458940,2631721,4090661
2024-03-24,2024,3,24,chokepoint1,Suez Canal,11,13,6,1,6,31,37,302990,486129,24900,0,239141,814020,1053161
2024-03-24,2024,3,24,chokepoint4,Bab el-Mandeb Strait,3,11,4,0,14,18,32,43879,440716,53240,0,1030855,537836,1568692
2024-03-24,2024,3,24,chokepoint7,Cape of Good Hope,23,42,2,3,18,70,88,1383876,3738054,15408,19592,1194094,5156931,6351026
2024-03-25,2024,3,25,chokepoint1,Suez Canal,9,14,4,0,19,27,46,227611,530416,16291,0,800056,774318,1574375
2024-03-25,2024,3,25,chokepoint4,Bab el-Mandeb Strait,5,9,3,0,12,17,29,38771,302425,51178,0,797337,392375,1189713
2024-03-25,2024,3,25,chokepoint7,Cape of Good Hope,17,35,5,3,17,60,77,979026,2606731,19189,10808,1249723,3615756,4865480
2024-03-26,2024,3,26,chokepoint1,Suez Canal,10,12,2,0,14,24,38,263352,820682,16406,0,887571,1100441,1988012
2024-03-26,2024,3,26,chokepoint4,Bab el-Mandeb Strait,7,13,6,1,19,27,46,107795,603957,13787,4689,661997,730230,1392228
2024-03-26,2024,3,26,chokepoint7,Cape of Good Hope,19,42,4,5,21,70,91,1307348,2732594,29300,29713,1361419,4098957,5460376
2024-03-27,2024,3,27,chokepoint1,Suez Canal,14,7,8,0,15,29,44,292153,311350,24730,0,682011,628235,1310246
2024-03-27,2024,3,27,chokepoint4,Bab el-Mandeb Strait,3,12,3,1,16,19,35,45134,605711,17321,0,672393,668167,1340561
2024-03-27,2024,3,27,chokepoint7,Cape of Good Hope,14,31,2,6,15,53,68,745216,1387626,376,31286,903994,2164505,3068499
2024-03-28,2024,3,28,chokepoint1,Suez Canal,7,12,1,0,11,20,31,209445,482328,904,0,503587,692679,1196267
2024-03-28,2024,3,28,chokepoint4,Bab el-Mandeb Strait,6,12,3,0,12,21,33,66594,623552,16932,0,485527,707080,1192607
2024-03-28,2024,3,28,chokepoint7,Cape of Good Hope,18,45,2,5,15,70,85,1193927,2806035,9433,18230,733681,4027626,4761308
2024-03-29,2024,3,29,chokepoint1,Suez Canal,5,12,5,1,10,23,33,148267,659139,31392,3218,250320,842018,1092339
2024-03-29,2024,3,29,chokepoint4,Bab el-Mandeb Strait,4,8,5,1,14,18,32,107262,378219,40275,0,798391,525757,1324148
2024-03-29,2024,3,29,chokepoint7,Cape of Good Hope,19,31,5,1,18,56,74,1325125,1818509,81591,0,1138792,3225226,4364018
2024-03-30,2024,3,30,chokepoint1,Suez Canal,11,11,3,1,15,26,41,123136,488439,14390,4689,613477,630656,1244134
2024-03-30,2024,3,30,chokepoint4,Bab el-Mandeb Strait,5,8,0,1,11,14,25,82339,323191,0,2784,857445,408315,1265761
2024-03-30,2024,3,30,chokepoint7,Cape of Good Hope,16,46,4,2,21,68,89,1198421,3537694,54642,15651,2065639,4806409,6872049
2024-03-31,2024,3,31,chokepoint1,Suez Canal,4,15,3,1,11,23,34,91826,719737,37131,3902,464902,852598,1317501
2024-03-31,2024,3,31,chokepoint4,Bab el-Mandeb Strait,6,13,5,0,13,24,37,89464,826858,14295,0,640324,930619,1570943
2024-03-31,2024,3,31,chokepoint7,Cape of Good Hope,20,44,4,4,23,72,95,1057000,3721095,52771,11339,1179677,4842206,6021884
2024-04-01,2024,4,1,chokepoint1,Suez Canal,11,13,2,0,17,26,43,243945,720619,7364,0,848059,971930,1819989
2024-04-01,2024,4,1,chokepoint4,Bab el-Mandeb Strait,8,9,2,0,15,19,34,92257,318532,10379,0,487277,421169,908447
2024-04-01,2024,4,1,chokepoint7,Cape of Good Hope,16,30,5,4,15,55,70,809570,1912894,18324,11602,1212604,2752393,3964997
2024-04-02,2024,4,2,chokepoint1,Suez Canal,9,15,2,2,21,28,49,154414,832203,746,0,1051763,987364,2039128
2024-04-02,2024,4,2,chokepoint4,Bab el-Mandeb Strait,4,10,1,3,10,18,28,43308,453403,2310,8228,543969,507251,1051220
2024-04-02,2024,4,2,chokepoint7,Cape of Good Hope,18,38,5,3,19,64,83,1023144,2831034,27906,14640,619524,3896726,4516250
2024-04-03,2024,4,3,chokepoint1,Suez Canal,9,7,9,0,12,25,37,120659,411114,25659,0,446972,557433,1004406
2024-04-03,2024,4,3,chokepoint4,Bab el-Mandeb Strait,3,9,1,0,10,13,23,40667,572878,1975,0,414800,615521,1030321
2024-04-03,2024,4,3,chokepoint7,Cape of Good Hope,19,44,9,4,10,76,86,1274724,2536297,87756,20558,511647,3919337,4430984
2024-04-04,2024,4,4,chokepoint1,Suez Canal,17,10,4,0,13,31,44,396448,319258,21468,0,438191,737175,1175366
2024-04-04,2024,4,4,chokepoint4,Bab el-Mandeb Strait,5,9,6,1,10,21,31,81530,313488,23332,0,286659,418350,705010
2024-04-04,2024,4,4,chokepoint7,Cape of Good Hope,21,48,4,2,18,75,93,1277370,2738994,35395,14955,1315653,4066715,5382369
2024-04-05,2024,4,5,chokepoint1,Suez Canal,6,8,8,2,13,24,37,176348,134796,19004,1218,654375,331368,985743
2024-04-05,2024,4,5,chokepoint4,Bab el-Mandeb Strait,7,15,1,0,7,23,30,102814,698087,0,0,650171,800901,1451072
2024-04-05,2024,4,5,chokepoint7,Cape of Good Hope,15,38,2,3,17,58,75,1038812,2627100,39556,17358,1352246,3722827,5075074
2024-04-06,2024,4,6,chokepoint1,Suez Canal,7,14,5,0,12,26,38,222027,851802,20395,0,432455,1094225,1526681
2024-04-06,2024,4,6,chokepoint4,Bab el-Mandeb Strait,6,16,2,0,9,24,33,52756,706711,13374,0,362696,772842,1135539
2024-04-06,2024,4,6,chokepoint7,Cape of Good Hope,18,31,3,2,16,54,70,1051867,1649294,21462,6770,1167846,2729396,3897243
2024-04-07,2024,4,7,chokepoint1,Suez Canal,10,12,5,0,14,27,41,257687,602493,30270,0,814364,890452,1704816
2024-04-07,2024,4,7,chokepoint4,Bab el-Mandeb Strait,4,7,3,0,13,14,27,70297,276624,3729,0,567631,350651,918282
2024-04-07,2024,4,7,chokepoint7,Cape of Good Hope,14,26,6,4,16,50,66,830815,1265147,62474,12638,794706,2171075,2965782
2024-04-08,2024,4,8,chokepoint1,Suez Canal,4,23,3,1,15,31,46,75131,890586,471,3583,447064,969772,1416837
2024-04-08,2024,4,8,chokepoint4,Bab el-Mandeb Strait,1,14,3,0,9,18,27,4826,661064,4736,0,458495,670627,1129123
2024-04-08,2024,4,8,chokepoint7,Cape of Good Hope,15,30,0,4,15,49,64,1093961,1707935,0,22699,1449866,2824595,4274462
2024-04-09,2024,4,9,chokepoint1,Suez Canal,8,9,4,0,12,21,33,158326,324581,26687,0,493241,509595,1002837
2024-04-09,2024,4,9,chokepoint4,Bab el-Mandeb Strait,8,10,3,1,16,22,38,102578,489926,1342,0,576687,593847,1170534
2024-04-09,2024,4,9,chokepoint7,Cape of Good Hope,15,55,2,2,35,74,109,726188,3277476,19052,7657,2077666,4030375,6108042
2024-04-10,2024,4,10,chokepoint1,Suez Canal,3,10,5,0,15,18,33,27042,317819,42552,0,708837,387415,1096252
2024-04-10,2024,4,10,chokepoint4,Bab el-Mandeb Strait,3,5,7,1,18,16,34,7415,136021,64001,1739,561172,209179,770351
2024-04-10,2024,4,10,chokepoint7,Cape of Good Hope,19,34,1,0,18,54,72,1455455,3192720,3821,0,1338216,4651998,5990214
2024-04-11,2024,4,11,chokepoint1,Suez Canal,10,18,5,0,16,33,49,227113,725649,18412,0,543674,971175,1514849
2024-04-11,2024,4,11,chokepoint4,Bab el-Mandeb Strait,3,14,6,1,16,24,40,20806,681054,52809,0,910511,754671,1665182
2024-04-11,2024,4,11,chokepoint7,Cape of Good Hope,12,37,1,1,16,51,67,829704,3047217,6805,7137,1271519,3890864,5162384
2024-04-12,2024,4,12,chokepoint1,Suez Canal,10,13,2,1,15,26,41,281541,760283,39629,0,874161,1081454,1955616
2024-04-12,2024,4,12,chokepoint4,Bab el-Mandeb Strait,7,11,3,0,10,21,31,113877,457986,4672,0,369984,576536,946520
2024-04-12,2024,4,12,chokepoint7,Cape of Good Hope,20,42,6,2,17,70,87,932153,1985909,82586,6722,1006288,3007373,4013661
2024-04-13,2024,4,13,chokepoint1,Suez Canal,9,12,5,0,12,26,38,83166,554518,14061,0,461324,651746,1113071
2024-04-13,2024,4,13,chokepoint4,Bab el-Mandeb Strait,3,11,5,0,13,19,32,26309,589549,47709,0,674030,663568,1337598
2024-04-13,2024,4,13,chokepoint7,Cape of Good Hope,19,41,3,2,17,65,82,1316128,2711357,8172,8996,818933,4044654,4863588
2024-04-14,2024,4,14,chokepoint1,Suez Canal,4,11,6,0,12,21,33,137006,440669,9059,0,517511,586735,1104247
2024-04-14,2024,4,14,chokepoint4,Bab el-Mandeb Strait,4,13,2,1,10,20,30,53660,281655,9278,4475,838304,349070,1187374
2024-04-14,2024,4,14,chokepoint7,Cape of Good Hope,25,50,3,5,19,83,102,1777156,3701241,22629,26693,1062546,5527720,6590266
2024-04-15,2024,4,15,chokepoint1,Suez Canal,11,10,3,0,19,24,43,260244,624150,20030,0,864684,904425,1769110
2024-04-15,2024,4,15,chokepoint4,Bab el-Mandeb Strait,2,11,1,0,14,14,28,42722,520921,0,0,157812,563644,721456
2024-04-15,2024,4,15,chokepoint7,Cape of Good Hope,17,62,4,9,31,92,123,841285,4979909,49508,47130,2048479,5917832,7966311
2024-04-16,2024,4,16,chokepoint1,Suez Canal,11,15,3,3,14,32,46,207296,419818,866,15053,551368,643034,1194402
2024-04-16,2024,4,16,chokepoint4,Bab el-Mandeb Strait,6,17,9,0,9,32,41,49600,605391,69700,0,285248,724692,1009941
2024-04-16,2024,4,16,chokepoint7,Cape of Good Hope,24,55,11,6,29,96,125,1312902,4357970,96157,32172,2221201,5799203,8020405
2024-04-17,2024,4,17,chokepoint1,Suez Canal,7,17,2,0,16,26,42,129326,739023,2841,0,1106016,871191,1977207
2024-04-17,2024,4,17,chokepoint4,Bab el-Mandeb Strait,5,10,2,1,13,18,31,49023,678720,3966,1739,738347,733449,1471796
2024-04-17,2024,4,17,chokepoint7,Cape of Good Hope,11,43,4,4,15,62,77,625476,2827091,11757,20837,1176835,3485162,4661998
2024-04-18,2024,4,18,chokepoint1,Suez Canal,9,11,2,1,13,23,36,95484,629506,1242,7212,618219,733446,1351666
2024-04-18,2024,4,18,chokepoint4,Bab el-Mandeb Strait,6,14,5,0,15,25,40,103244,450452,41608,0,476214,595305,1071519
2024-04-18,2024,4,18,chokepoint7,Cape of Good Hope,21,49,4,1,27,75,102,1496393,4012052,36963,6492,1957241,5551901,7509143
2024-04-19,2024,4,19,chokepoint1,Suez Canal,7,17,7,4,11,35,46,242173,501839,24439,6412,381449,774865,1156314
2024-04-19,2024,4,19,chokepoint4,Bab el-Mandeb Strait,9,7,3,0,8,19,27,134450,207577,15323,0,862797,357352,1220150
2024-04-19,2024,4,19,chokepoint7,Cape of Good Hope,28,55,2,3,19,88,107,1658448,4092445,34846,15521,1579811,5801262,7381073
2024-04-20,2024,4,20,chokepoint1,Suez Canal,7,18,4,0,7,29,36,179508,1010094,26187,0,403691,1215790,1619481
2024-04-20,2024,4,20,chokepoint4,Bab el-Mandeb Strait,4,9,2,0,12,15,27,31741,164242,9988,0,594686,205973,800659
2024-04-20,2024,4,20,chokepoint7,Cape of Good Hope,18,49,6,4,20,77,97,1221257,3449061,69375,23007,1355938,4762701,6118639
2024-04-21,2024,4,21,chokepoint1,Suez Canal,10,21,5,0,23,36,59,131812,737490,19901,0,986396,889204,1875601
2024-04-21,2024,4,21,chokepoint4,Bab el-Mandeb Strait,5,15,3,0,11,23,34,79098,698254,21259,0,1094406,798612,1893018
2024-04-21,2024,4,21,chokepoint7,Cape of Good Hope,23,35,4,4,21,66,87,1420011,2409558,49352,19124,1273743,3898046,5171789
2024-04-22,2024,4,22,chokepoint1,Suez Canal,12,18,2,0,20,32,52,187380,635219,20184,0,768502,842784,1611287
2024-04-22,2024,4,22,chokepoint4,Bab el-Mandeb Strait,5,11,2,1,10,19,29,77251,528482,8925,0,748170,614659,1362829
2024-04-22,2024,4,22,chokepoint7,Cape of Good Hope,23,39,4,5,19,71,90,1295785,2672591,16539,11521,847838,3996437,4844275
2024-04-23,2024,4,23,chokepoint1,Suez Canal,9,11,8,0,14,28,42,150069,442812,30121,0,423485,623002,1046488
2024-04-23,2024,4,23,chokepoint4,Bab el-Mandeb Strait,1,9,1,0,7,11,18,18126,483865,0,0,223216,501992,725209
2024-04-23,2024,4,23,chokepoint7,Cape of Good Hope,17,40,8,3,25,68,93,984757,2194679,46677,7004,2112995,3233118,5346114
2024-04-24,2024,4,24,chokepoint1,Suez Canal,5,14,3,2,9,24,33,46577,500427,4554,3902,612766,555462,1168228
2024-04-24,2024,4,24,chokepoint4,Bab el-Mandeb Strait,3,13,6,1,9,23,32,60350,472201,19511,1937,337416,554001,891418
2024-04-24,2024,4,24,chokepoint7,Cape of Good Hope,16,48,5,4,16,73,89,956004,2745172,15421,10954,1200919,3727552,4928471
2024-04-25,2024,4,25,chokepoint1,Suez Canal,3,9,4,1,14,17,31,155048,141345,21248,0,623553,317642,941196
2024-04-25,2024,4,25,chokepoint4,Bab el-Mandeb Strait,9,13,4,0,14,26,40,110320,622868,45073,0,993166,778262,1771428
2024-04-25,2024,4,25,chokepoint7,Cape of Good Hope,15,28,2,2,16,47,63,1101331,1329796,34723,14323,947234,2480175,3427410
2024-04-26,2024,4,26,chokepoint1,Suez Canal,16,16,2,0,15,34,49,229454,528918,15220,0,702586,773593,1476179
2024-04-26,2024,4,26,chokepoint4,Bab el-Mandeb Strait,4,14,8,0,21,26,47,67018,700725,77993,0,1136240,845737,1981977
2024-04-26,2024,4,26,chokepoint7,Cape of Good Hope,22,54,3,7,15,86,101,1686622,2865844,37893,35456,836746,4625815,5462562
2024-04-27,2024,4,27,chokepoint1,Suez Canal,5,8,2,0,16,15,31,81551,225846,7050,0,810608,314447,1125056
2024-04-27,2024,4,27,chokepoint4,Bab el-Mandeb Strait,6,15,2,1,16,24,40,99062,617952,2466,0,1137542,719480,1857023
2024-04-27,2024,4,27,chokepoint7,Cape of Good Hope,18,39,5,7,12,69,81,1036379,2074722,26060,33686,1155252,3170848,4326101
2024-04-28,2024,4,28,chokepoint1,Suez Canal,13,10,2,0,12,25,37,260067,230644,19893,0,758830,510606,1269437
2024-04-28,2024,4,28,chokepoint4,Bab el-Mandeb Strait,5,10,3,0,12,18,30,90882,219044,19007,0,370111,328934,699045
2024-04-28,2024,4,28,chokepoint7,Cape of Good Hope,27,48,3,5,21,83,104,1717446,3028872,40988,23998,1364972,4811305,6176277
2024-04-29,2024,4,29,chokepoint1,Suez Canal,11,8,5,1,10,25,35,339096,301728,12149,5645,456196,658620,1114816
2024-04-29,2024,4,29,chokepoint4,Bab el-Mandeb Strait,9,10,2,0,4,21,25,143421,578812,3201,0,115856,725435,841292
2024-04-29,2024,4,29,chokepoint7,Cape of Good Hope,9,48,4,1,17,62,79,511685,3145536,9521,8806,511475,3675549,4187024
2024-04-30,2024,4,30,chokepoint1,Suez Canal,9,9,4,0,18,22,40,116389,347937,62912,0,936284,527239,1463524
2024-04-30,2024,4,30,chokepoint4,Bab el-Mandeb Strait,8,9,1,0,17,18,35,108705,355163,1293,0,784194,465162,1249357
2024-04-30,2024,4,30,chokepoint7,Cape of Good Hope,10,39,5,1,18,55,73,810136,2497194,69365,3948,1628976,3380645,5009622
2024-05-01,2024,5,1,chokepoint1,Suez Canal,8,6,5,1,14,20,34,220856,420153,44472,5645,836527,691128,1527655
2024-05-01,2024,5,1,chokepoint4,Bab el-Mandeb Strait,3,9,6,1,16,19,35,27405,496133,38016,0,671049,561556,1232605
2024-05-01,2024,5,1,chokepoint7,Cape of Good Hope,21,40,10,6,24,77,101,1370674,3324544,55692,36550,1143020,4787463,5930483
2024-05-02,2024,5,2,chokepoint1,Suez Canal,8,16,2,0,10,26,36,160968,744450,7406,0,387408,912825,1300234
2024-05-02,2024,5,2,chokepoint4,Bab el-Mandeb Strait,6,9,5,0,18,20,38,93701,382142,47330,0,1035081,523175,1558256
2024-05-02,2024,5,2,chokepoint7,Cape of Good Hope,16,45,5,2,19,68,87,1002100,2818282,50835,9619,870523,3880838,4751361
2024-05-03,2024,5,3,chokepoint1,Suez Canal,10,7,5,0,13,22,35,234985,396967,19160,0,386943,651112,1038056
2024-05-03,2024,5,3,chokepoint4,Bab el-Mandeb Strait,3,7,4,0,14,14,28,37599,172780,15386,0,121991,225766,347758
2024-05-03,2024,5,3,chokepoint7,Cape of Good Hope,13,39,6,3,19,61,80,708133,2721127,77979,12052,866290,3519293,4385583
2024-05-04,2024,5,4,chokepoint1,Suez Canal,8,16,7,0,13,31,44,223346,691583,39774,0,626237,954705,1580942
2024-05-04,2024,5,4,chokepoint4,Bab el-Mandeb Strait,4,13,3,0,13,20,33,64239,331780,44667,0,677504,440687,1118192
2024-05-04,2024,5,4,chokepoint7,Cape of Good Hope,30,38,2,3,19,73,92,2076999,2183699,50727,0,985716,4311426,5297142
2024-05-05,2024,5,5,chokepoint1,Suez Canal,8,11,3,1,7,23,30,102480,538002,9417,0,312764,649900,962665
2024-05-05,2024,5,5,chokepoint4,Bab el-Mandeb Strait,4,9,6,0,10,19,29,53301,341466,54714,0,401719,449482,851201
2024-05-05,2024,5,5,chokepoint7,Cape of Good Hope,21,56,3,0,23,80,103,1300794,3235971,16189,0,1422162,4552955,5975117
2024-05-06,2024,5,6,chokepoint1,Suez Canal,7,10,6,0,12,23,35,78542,508581,20133,0,489396,607257,1096654
2024-05-06,2024,5,6,chokepoint4,Bab el-Mandeb Strait,5,13,6,0,8,24,32,60563,863296,10862,0,665186,934723,1599909
2024-05-06,2024,5,6,chokepoint7,Cape of Good Hope,18,44,1,3,22,66,88,1052863,2959926,1383,16987,1139064,4031162,5170227
2024-05-07,2024,5,7,chokepoint1,Suez Canal,8,5,6,0,23,19,42,173591,149438,30587,0,912438,353617,1266055
2024-05-07,2024,5,7,chokepoint4,Bab el-Mandeb Strait,1,10,5,0,11,16,27,20724,541111,24468,0,602709,586305,1189014
2024-05-07,2024,5,7,chokepoint7,Cape of Good Hope,23,43,6,1,19,73,92,1333000,2286370,33217,4461,1268815,3657050,4925865
2024-05-08,2024,5,8,chokepoint1,Suez Canal,9,12,4,2,17,27,44,250515,338350,56679,6228,815744,651773,1467517
2024-05-08,2024,5,8,chokepoint4,Bab el-Mandeb Strait,5,13,3,2,12,23,35,51873,614141,33509,0,844948,699524,1544472
2024-05-08,2024,5,8,chokepoint7,Cape of Good Hope,13,54,3,2,22,72,94,724987,4777970,13821,6240,1015024,5523019,6538044
2024-05-09,2024,5,9,chokepoint1,Suez Canal,9,15,5,1,19,30,49,250887,374959,26045,442,577455,652335,1229791
2024-05-09,2024,5,9,chokepoint4,Bab el-Mandeb Strait,6,15,2,1,12,24,36,86777,607395,8338,4289,837727,706800,1544528
2024-05-09,2024,5,9,chokepoint7,Cape of Good Hope,16,47,5,0,27,68,95,1113288,2507233,68818,0,1946817,3689341,5636158
2024-05-10,2024,5,10,chokepoint1,Suez Canal,9,10,6,1,20,26,46,152241,545993,34235,2743,937240,735215,1672455
2024-05-10,2024,5,10,chokepoint4,Bab el-Mandeb Strait,6,9,5,0,10,20,30,69361,436848,59475,0,182774,565685,748460
2024-05-10,2024,5,10,chokepoint7,Cape of Good Hope,15,33,1,3,21,52,73,778247,2017513,11088,8247,1489548,2815097,4304645
2024-05-11,2024,5,11,chokepoint1,Suez Canal,8,13,4,0,16,25,41,107177,446228,6595,0,789083,560001,1349085
2024-05-11,2024,5,11,chokepoint4,Bab el-Mandeb Strait,5,10,4,0,11,19,30,59667,339104,22986,0,770358,421758,1192116
2024-05-11,2024,5,11,chokepoint7,Cape of Good Hope,23,36,5,5,24,69,93,1614176,2813954,9259,29290,1294685,4466681,5761366
2024-05-12,2024,5,12,chokepoint1,Suez Canal,7,15,3,0,17,25,42,111131,579577,16540,0,709585,707249,1416834
2024-05-12,2024,5,12,chokepoint4,Bab el-Mandeb Strait,4,6,7,0,18,17,35,63162,201361,77816,0,999644,342340,1341985
2024-05-12,2024,5,12,chokepoint7,Cape of Good Hope,21,51,3,4,15,79,94,1481409,3886588,47641,10106,479393,5425746,5905140
2024-05-13,2024,5,13,chokepoint1,Suez Canal,8,24,8,2,17,42,59,195760,1202918,32863,3828,524365,1435370,1959736
2024-05-13,2024,5,13,chokepoint4,Bab el-Mandeb Strait,6,8,5,0,6,19,25,85985,415179,45464,0,307597,546628,854226
2024-05-13,2024,5,13,chokepoint7,Cape of Good Hope,20,39,4,2,14,65,79,1130581,2416702,74607,6754,1144578,3628645,4773224
2024-05-14,2024,5,14,chokepoint1,Suez Canal,10,8,4,1,13,23,36,129324,415616,15178,4092,745882,564211,1310093
2024-05-14,2024,5,14,chokepoint4,Bab el-Mandeb Strait,4,5,5,1,12,15,27,55499,202169,12401,0,711070,270069,981139
2024-05-14,2024,5,14,chokepoint7,Cape of Good Hope,18,63,9,4,21,94,115,1222021,4284036,120687,30936,980242,5657681,6637924
2024-05-15,2024,5,15,chokepoint1,Suez Canal,8,11,4,1,14,24,38,231810,339659,10386,0,634180,581857,1216037
2024-05-15,2024,5,15,chokepoint4,Bab el-Mandeb Strait,10,9,0,0,10,19,29,175634,356115,0,0,546604,531750,1078354
2024-05-15,2024,5,15,chokepoint7,Cape of Good Hope,12,38,5,3,20,58,78,601258,2437039,31229,17624,1421320,3087152,4508473
2024-05-16,2024,5,16,chokepoint1,Suez Canal,6,11,8,0,19,25,44,80001,242452,19560,0,1156607,342014,1498621
2024-05-16,2024,5,16,chokepoint4,Bab el-Mandeb Strait,4,12,1,0,19,17,36,37449,486078,8372,0,1164591,531900,1696492
2024-05-16,2024,5,16,chokepoint7,Cape of Good Hope,23,47,7,5,25,82,107,1741945,3320414,85302,31650,1270895,5179312,6450208
2024-05-17,2024,5,17,chokepoint1,Suez Canal,12,10,5,0,18,27,45,229745,533428,30614,0,537837,793787,1331625
2024-05-17,2024,5,17,chokepoint4,Bab el-Mandeb Strait,4,18,4,2,7,28,35,61658,879462,12214,6258,19468,959594,979062
2024-05-17,2024,5,17,chokepoint7,Cape of Good Hope,17,41,3,2,14,63,77,909313,1835131,13449,12179,757465,2770073,3527539
2024-05-18,2024,5,18,chokepoint1,Suez Canal,7,7,5,0,12,19,31,189693,279252,6615,0,721105,475561,1196667
2024-05-18,2024,5,18,chokepoint4,Bab el-Mandeb Strait,2,14,7,0,13,23,36,13503,592272,27057,0,804762,632833,1437596
2024-05-18,2024,5,18,chokepoint7,Cape of Good Hope,19,49,3,4,20,75,95,1021363,3836499,11817,13528,500183,4883209,5383393
2024-05-19,2024,5,19,chokepoint1,Suez Canal,8,9,3,0,16,20,36,116514,276632,6292,0,855287,399440,1254728
2024-05-19,2024,5,19,chokepoint4,Bab el-Mandeb Strait,4,7,5,0,15,16,31,48090,337057,33916,0,665888,419064,1084952
2024-05-19,2024,5,19,chokepoint7,Cape of Good Hope,25,43,3,5,27,76,103,1555683,3295338,16619,23435,1090206,4891076,5981283
2024-05-20,2024,5,20,chokepoint1,Suez Canal,10,14,3,1,17,28,45,239999,535196,2702,5064,834705,782963,1617668
2024-05-20,2024,5,20,chokepoint4,Bab el-Mandeb Strait,4,11,3,0,17,18,35,86095,302347,8818,0,1134877,397260,1532138
2024-05-20,2024,5,20,chokepoint7,Cape of Good Hope,13,44,3,6,28,66,94,821970,2885646,9029,33845,2060451,3750491,5810943
2024-05-21,2024,5,21,chokepoint1,Suez Canal,8,9,5,2,19,24,43,128937,428129,15907,4302,866477,577277,1443755
2024-05-21,2024,5,21,chokepoint4,Bab el-Mandeb Strait,7,13,6,0,15,26,41,108945,463528,32290,0,633935,604764,1238699
2024-05-21,2024,5,21,chokepoint7,Cape of Good Hope,12,44,3,1,21,60,81,887508,2002731,25255,7299,1663159,2922795,4585955
2024-05-22,2024,5,22,chokepoint1,Suez Canal,9,12,6,0,16,27,43,193670,285818,14412,0,690193,493901,1184094
2024-05-22,2024,5,22,chokepoint4,Bab el-Mandeb Strait,5,12,4,1,9,22,31,59421,664398,5850,1229,374338,730900,1105238
2024-05-22,2024,5,22,chokepoint7,Cape of Good Hope,20,46,2,2,17,70,87,1253637,3114359,21489,9727,821280,4399213,5220494
2024-05-23,2024,5,23,chokepoint1,Suez Canal,9,18,6,2,19,35,54,112492,764405,36799,5177,761747,918875,1680622
2024-05-23,2024,5,23,chokepoint4,Bab el-Mandeb Strait,5,11,4,1,12,21,33,110513,287000,18061,0,795892,415576,1211468
2024-05-23,2024,5,23,chokepoint7,Cape of Good Hope,25,40,5,7,23,77,100,1484200,2603338,44572,20515,1156281,4152626,5308908
2024-05-24,2024,5,24,chokepoint1,Suez Canal,10,16,2,0,15,28,43,307551,894685,6475,0,461888,1208713,1670601
2024-05-24,2024,5,24,chokepoint4,Bab el-Mandeb Strait,4,10,9,0,10,23,33,26268,544360,35943,0,518775,606573,1125349
2024-05-24,2024,5,24,chokepoint7,Cape of Good Hope,17,35,5,5,18,62,80,963644,2278028,26099,27793,1210876,3295566,4506443
2024-05-25,2024,5,25,chokepoint1,Suez Canal,7,8,5,0,15,20,35,53268,344490,28835,0,236319,426594,662914
2024-05-25,2024,5,25,chokepoint4,Bab el-Mandeb Strait,6,9,2,1,7,18,25,52639,345059,1325,0,530617,399024,929641
2024-05-25,2024,5,25,chokepoint7,Cape of Good Hope,26,48,5,3,18,82,100,1319745,2748768,60829,14026,1422904,4143371,5566276
2024-05-26,2024,5,26,chokepoint1,Suez Canal,9,14,5,0,16,28,44,165025,710190,42309,0,565221,917525,1482746
2024-05-26,2024,5,26,chokepoint4,Bab el-Mandeb Strait,2,7,6,0,13,15,28,29033,213235,32664,0,492797,274933,767731
2024-05-26,2024,5,26,chokepoint7,Cape of Good Hope,13,51,5,3,20,72,92,823660,3350449,83000,12833,1388641,4269944,5658585
2024-05-27,2024,5,27,chokepoint1,Suez Canal,9,16,3,0,7,28,35,203435,658730,7650,0,199935,869815,1069751
2024-05-27,2024,5,27,chokepoint4,Bab el-Mandeb Strait,1,11,4,0,9,16,25,4903,536723,15746,0,592438,557373,1149811
2024-05-27,2024,5,27,chokepoint7,Cape of Good Hope,11,50,3,3,22,67,89,776851,3754482,69800,13166,1779802,4614300,6394103
2024-05-28,2024,5,28,chokepoint1,Suez Canal,9,16,4,0,8,29,37,329413,546788,10705,0,291264,886907,1178172
2024-05-28,2024,5,28,chokepoint4,Bab el-Mandeb Strait,6,14,6,0,9,26,35,78432,873211,23009,0,424126,974652,1398779
2024-05-28,2024,5,28,chokepoint7,Cape of Good Hope,22,41,6,1,15,70,85,1353874,3137894,52203,3808,372628,4547780,4920409
2024-05-29,2024,5,29,chokepoint1,Suez Canal,9,10,2,1,16,22,38,249434,445806,5162,1528,673875,701932,1375808
2024-05-29,2024,5,29,chokepoint4,Bab el-Mandeb Strait,7,14,7,2,9,30,39,156035,492582,6495,5482,415441,660595,1076037
2024-05-29,2024,5,29,chokepoint7,Cape of Good Hope,28,37,5,7,18,77,95,1609676,2438092,8239,24272,1133613,4080281,5213894
2024-05-30,2024,5,30,chokepoint1,Suez Canal,13,9,5,0,14,27,41,225222,425945,14822,0,739841,665990,1405831
2024-05-30,2024,5,30,chokepoint4,Bab el-Mandeb Strait,6,8,6,0,11,20,31,56459,397929,23672,0,711516,478061,1189577
2024-05-30,2024,5,30,chokepoint7,Cape of Good Hope,25,40,5,3,22,73,95,1786313,3309305,25937,15940,1242713,5137497,6380210
2024-05-31,2024,5,31,chokepoint1,Suez Canal,9,8,2,0,17,19,36,209865,290503,8751,0,801391,509121,1310512
2024-05-31,2024,5,31,chokepoint4,Bab el-Mandeb Strait,7,11,5,0,3,23,26,64718,637544,8215,0,0,710479,710479
2024-05-31,2024,5,31,chokepoint7,Cape of Good Hope,20,40,1,2,21,63,84,1489249,3041592,6193,18509,1275826,4555545,5831371
2024-06-01,2024,6,1,chokepoint1,Suez Canal,8,13,6,1,16,28,44,104665,580883,17114,2730,779139,705392,1484532
2024-06-01,2024,6,1,chokepoint4,Bab el-Mandeb Strait,6,8,1,0,14,15,29,110938,427385,16942,0,608203,555267,1163470
2024-06-01,2024,6,1,chokepoint7,Cape of Good Hope,7,51,0,0,22,58,80,708762,2452735,0,0,1312799,3161497,4474297
2024-06-02,2024,6,2,chokepoint1,Suez Canal,11,14,6,1,15,32,47,322528,729482,19819,0,957232,1071831,2029063
2024-06-02,2024,6,2,chokepoint4,Bab el-Mandeb Strait,4,12,6,0,6,22,28,62163,342561,39032,0,402464,443758,846223
2024-06-02,2024,6,2,chokepoint7,Cape of Good Hope,7,38,1,1,20,47,67,342493,2194921,6559,8424,611757,2552398,3164156
2024-06-03,2024,6,3,chokepoint1,Suez Canal,15,11,4,0,9,30,39,239204,493625,9159,0,532713,741989,1274703
2024-06-03,2024,6,3,chokepoint4,Bab el-Mandeb Strait,5,7,5,1,9,18,27,76232,367980,8391,0,674672,452604,1127277
2024-06-03,2024,6,3,chokepoint7,Cape of Good Hope,31,40,8,1,31,80,111,1861586,3575854,63558,6508,1862138,5507506,7369645
2024-06-04,2024,6,4,chokepoint1,Suez Canal,9,11,4,0,16,24,40,179696,405642,6975,0,878441,592314,1470755
2024-06-04,2024,6,4,chokepoint4,Bab el-Mandeb Strait,5,5,6,0,10,16,26,72528,208431,14160,0,735355,295120,1030476
2024-06-04,2024,6,4,chokepoint7,Cape of Good Hope,21,50,7,6,24,84,108,1304185,3855332,47167,34161,1251401,5240846,6492247
2024-06-05,2024,6,5,chokepoint1,Suez Canal,8,10,5,0,16,23,39,135749,359389,12027,0,664174,507166,1171340
2024-06-05,2024,6,5,chokepoint4,Bab el-Mandeb Strait,3,12,7,2,9,24,33,48988,624568,19359,3583,359340,696500,1055841
2024-06-05,2024,6,5,chokepoint7,Cape of Good Hope,24,51,11,7,28,93,121,1642378,3795613,121187,47781,1078174,5606961,6685135
2024-06-06,2024,6,6,chokepoint1,Suez Canal,9,9,8,0,17,26,43,214872,453568,87557,0,751923,755999,1507922
2024-06-06,2024,6,6,chokepoint4,Bab el-Mandeb Strait,10,11,9,0,13,30,43,158041,478291,35342,0,1223292,671676,1894968
2024-06-06,2024,6,6,chokepoint7,Cape of Good Hope,14,50,0,3,20,67,87,786701,3702555,0,26030,493545,4515288,5008833
2024-06-07,2024,6,7,chokepoint1,Suez Canal,8,10,2,0,17,20,37,193924,507966,254,0,742113,702146,1444259
2024-06-07,2024,6,7,chokepoint4,Bab el-Mandeb Strait,1,12,9,0,12,22,34,16310,626489,29424,0,782610,672224,1454834
2024-06-07,2024,6,7,chokepoint7,Cape of Good Hope,21,43,6,1,33,71,104,1313529,2575417,103522,0,1940584,3992469,5933053
2024-06-08,2024,6,8,chokepoint1,Suez Canal,8,14,6,0,9,28,37,68408,641380,14488,0,333286,724277,1057563
2024-06-08,2024,6,8,chokepoint4,Bab el-Mandeb Strait,6,13,6,0,16,25,41,113406,444421,10835,0,730659,568662,1299322
2024-06-08,2024,6,8,chokepoint7,Cape of Good Hope,16,36,5,3,25,60,85,587319,2682184,97671,17864,846451,3385039,4231491
2024-06-09,2024,6,9,chokepoint1,Suez Canal,9,12,4,0,17,25,42,269711,694951,17672,0,806090,982335,1788426
2024-06-09,2024,6,9,chokepoint4,Bab el-Mandeb Strait,4,5,3,0,12,12,24,37231,90303,8215,0,684574,135749,820323
2024-06-09,2024,6,9,chokepoint7,Cape of Good Hope,23,38,4,1,23,66,89,1405468,2825928,18426,0,1207543,4249824,5457368
2024-06-10,2024,6,10,chokepoint1,Suez Canal,8,9,8,2,17,27,44,117409,333422,16799,8154,496093,475785,971879
2024-06-10,2024,6,10,chokepoint4,Bab el-Mandeb Strait,3,11,5,0,13,19,32,35435,578020,47577,0,871547,661034,1532581
2024-06-10,2024,6,10,chokepoint7,Cape of Good Hope,16,49,3,3,13,71,84,847647,3485742,10492,15272,1304307,4359155,5663462
2024-06-11,2024,6,11,chokepoint1,Suez Canal,8,11,6,0,13,25,38,88021,349701,31442,0,267143,469164,736307
2024-06-11,2024,6,11,chokepoint4,Bab el-Mandeb Strait,7,7,5,0,9,19,28,131128,414582,7324,0,355505,553035,908541
2024-06-11,2024,6,11,chokepoint7,Cape of Good Hope,22,45,2,5,29,74,103,1312540,3659019,28667,9719,952043,5009946,5961990
2024-06-12,2024,6,12,chokepoint1,Suez Canal,10,13,2,1,20,26,46,191920,597256,14610,0,670411,803787,1474198
2024-06-12,2024,6,12,chokepoint4,Bab el-Mandeb Strait,6,16,2,1,7,25,32,82258,853364,11030,3706,200958,950359,1151318
2024-06-12,2024,6,12,chokepoint7,Cape of Good Hope,20,40,6,2,21,68,89,1244555,3690259,57057,12385,1162276,5004257,6166534
2024-06-13,2024,6,13,chokepoint1,Suez Canal,9,10,5,0,16,24,40,232124,446832,34774,0,1115462,713731,1829194
2024-06-13,2024,6,13,chokepoint4,Bab el-Mandeb Strait,8,14,5,0,10,27,37,117495,492263,30573,0,579002,640332,1219335
2024-06-13,2024,6,13,chokepoint7,Cape of Good Hope,29,38,5,5,20,77,97,1835855,2393341,32452,22542,871119,4284190,5155310
2024-06-14,2024,6,14,chokepoint1,Suez Canal,8,18,3,0,13,29,42,186004,1003390,22755,0,467796,1212150,1679947
2024-06-14,2024,6,14,chokepoint4,Bab el-Mandeb Strait,9,10,5,1,19,25,44,143879,333795,5271,5482,802855,488428,1291284
2024-06-14,2024,6,14,chokepoint7,Cape of Good Hope,25,63,3,6,29,97,126,1084949,5340099,72548,25848,2745867,6523446,9269314
2024-06-15,2024,6,15,chokepoint1,Suez Canal,10,10,3,0,15,23,38,152446,656452,6098,0,496799,814998,1311797
2024-06-15,2024,6,15,chokepoint4,Bab el-Mandeb Strait,5,10,4,1,9,20,29,125700,278217,29138,0,188782,433056,621838
2024-06-15,2024,6,15,chokepoint7,Cape of Good Hope,17,46,4,1,12,68,80,1041034,3583424,51416,6099,172809,4681974,4854784
2024-06-16,2024,6,16,chokepoint1,Suez Canal,7,5,6,0,13,18,31,102738,126797,32208,0,735980,261744,997724
2024-06-16,2024,6,16,chokepoint4,Bab el-Mandeb Strait,9,7,0,0,11,16,27,82630,320384,0,0,768286,403014,1171301
2024-06-16,2024,6,16,chokepoint7,Cape of Good Hope,18,46,8,5,24,77,101,1157142,2188916,118228,34067,1680032,3498355,5178387
2024-06-17,2024,6,17,chokepoint1,Suez Canal,4,9,3,1,18,17,35,91159,465154,18535,3706,1023918,578555,1602474
2024-06-17,2024,6,17,chokepoint4,Bab el-Mandeb Strait,3,9,3,0,16,15,31,53588,349023,28929,0,954839,431542,1386381
2024-06-17,2024,6,17,chokepoint7,Cape of Good Hope,21,43,2,4,24,70,94,1069150,3061300,64029,20493,1791696,4214973,6006670
2024-06-18,2024,6,18,chokepoint1,Suez Canal,8,11,2,0,12,21,33,178885,337952,3491,0,480533,520329,1000862
2024-06-18,2024,6,18,chokepoint4,Bab el-Mandeb Strait,4,12,5,0,16,21,37,82785,487244,11554,0,895455,581584,1477040
2024-06-18,2024,6,18,chokepoint7,Cape of Good Hope,25,45,7,2,22,79,101,1482702,3383583,101363,5789,1169419,4973438,6142858
2024-06-19,2024,6,19,chokepoint1,Suez Canal,12,6,7,0,15,25,40,351969,317213,30743,0,872829,699926,1572755
2024-06-19,2024,6,19,chokepoint4,Bab el-Mandeb Strait,4,14,5,0,14,23,37,41944,704966,47762,0,557312,794673,1351985
2024-06-19,2024,6,19,chokepoint7,Cape of Good Hope,24,51,6,3,24,84,108,1521627,4331384,98877,15724,1010268,5967614,6977883
2024-06-20,2024,6,20,chokepoint1,Suez Canal,6,13,4,2,22,25,47,211072,650482,33535,4576,676709,899667,1576377
2024-06-20,2024,6,20,chokepoint4,Bab el-Mandeb Strait,4,9,2,1,10,16,26,51034,326488,10616,4475,279803,392614,672417
2024-06-20,2024,6,20,chokepoint7,Cape of Good Hope,15,46,4,6,17,71,88,1009008,2413083,24039,8432,1813472,3454564,5268036
2024-06-21,2024,6,21,chokepoint1,Suez Canal,12,6,3,1,11,22,33,187177,418282,6914,0,757035,612373,1369408
2024-06-21,2024,6,21,chokepoint4,Bab el-Mandeb Strait,5,4,6,0,14,15,29,73626,206225,18820,0,622983,298672,921656
2024-06-21,2024,6,21,chokepoint7,Cape of Good Hope,16,39,0,3,35,58,93,1008304,3508645,0,10667,1731507,4527617,6259124
2024-06-22,2024,6,22,chokepoint1,Suez Canal,9,12,2,0,14,23,37,270846,560064,24346,0,520592,855257,1375850
2024-06-22,2024,6,22,chokepoint4,Bab el-Mandeb Strait,6,9,4,0,14,19,33,71925,405102,26036,0,878986,503064,1382050
2024-06-22,2024,6,22,chokepoint7,Cape of Good Hope,21,48,3,3,22,75,97,1190961,2983729,8679,23088,1707615,4206459,5914074
2024-06-23,2024,6,23,chokepoint1,Suez Canal,8,8,4,0,15,20,35,101791,309228,20683,0,592114,431703,1023818
2024-06-23,2024,6,23,chokepoint4,Bab el-Mandeb Strait,7,9,1,1,12,18,30,110872,369811,506,3384,430884,484574,915459
2024-06-23,2024,6,23,chokepoint7,Cape of Good Hope,20,51,3,3,20,77,97,1270812,3699343,10090,10018,1157619,4990263,6147882
2024-06-24,2024,6,24,chokepoint1,Suez Canal,10,17,3,1,15,31,46,92212,577217,23985,4921,582602,698337,1280939
2024-06-24,2024,6,24,chokepoint4,Bab el-Mandeb Strait,4,10,3,2,10,19,29,28101,487473,44203,0,535039,559778,1094818
2024-06-24,2024,6,24,chokepoint7,Cape of Good Hope,19,42,1,1,23,63,86,788290,3217542,13346,0,1686767,4019180,5705947
2024-06-25,2024,6,25,chokepoint1,Suez Canal,10,8,7,2,13,27,40,175901,217597,13586,779,412856,407864,820720
2024-06-25,2024,6,25,chokepoint4,Bab el-Mandeb Strait,5,7,3,0,10,15,25,88232,407888,15332,0,592837,511452,1104289
2024-06-25,2024,6,25,chokepoint7,Cape of Good Hope,11,33,5,1,15,50,65,638165,2578495,72469,6954,978996,3296084,4275081
2024-06-26,2024,6,26,chokepoint1,Suez Canal,6,9,0,0,20,15,35,138895,409097,0,0,682364,547992,1230357
2024-06-26,2024,6,26,chokepoint4,Bab el-Mandeb Strait,5,10,1,0,11,16,27,66164,697387,19095,0,408645,782648,1191294
2024-06-26,2024,6,26,chokepoint7,Cape of Good Hope,23,49,6,2,20,80,100,1191831,3854500,57635,12944,852236,5116912,5969149
2024-06-27,2024,6,27,chokepoint1,Suez Canal,5,9,6,0,12,20,32,102404,472646,23751,0,458587,598802,1057390
2024-06-27,2024,6,27,chokepoint4,Bab el-Mandeb Strait,3,10,3,0,12,16,28,30843,567310,13230,0,446826,611383,1058209
2024-06-27,2024,6,27,chokepoint7,Cape of Good Hope,28,45,5,3,22,81,103,1735647,3008383,55506,6331,1343038,4805868,6148907
2024-06-28,2024,6,28,chokepoint1,Suez Canal,10,8,4,1,12,23,35,179032,362414,9415,3384,494760,554245,1049006
2024-06-28,2024,6,28,chokepoint4,Bab el-Mandeb Strait,6,7,5,0,10,18,28,68076,298199,15283,0,689991,381560,1071551
2024-06-28,2024,6,28,chokepoint7,Cape of Good Hope,24,49,7,3,24,83,107,1515536,3675809,42913,11898,1240274,5246158,6486432
2024-06-29,2024,6,29,chokepoint1,Suez Canal,8,13,2,0,16,23,39,109456,507396,16902,0,1019137,633755,1652892
2024-06-29,2024,6,29,chokepoint4,Bab el-Mandeb Strait,6,14,3,0,8,23,31,61570,450009,5570,0,239486,517149,756636
2024-06-29,2024,6,29,chokepoint7,Cape of Good Hope,23,47,1,4,21,75,96,1541527,3443534,2379,20007,1154506,5007449,6161955
2024-06-30,2024,6,30,chokepoint1,Suez Canal,7,10,4,0,10,21,31,121488,328912,12061,0,738013,462461,1200475
2024-06-30,2024,6,30,chokepoint4,Bab el-Mandeb Strait,6,9,1,0,11,16,27,104239,485232,5879,0,831554,595351,1426906
2024-06-30,2024,6,30,chokepoint7,Cape of Good Hope,15,48,3,5,15,71,86,692895,3623339,12715,32536,868624,4361487,5230111
2024-07-01,2024,7,1,chokepoint1,Suez Canal,13,13,5,1,12,32,44,225670,762285,11095,0,786007,999050,1785058
2024-07-01,2024,7,1,chokepoint4,Bab el-Mandeb Strait,3,4,6,0,4,13,17,58710,271388,37588,0,410220,367687,777908
2024-07-01,2024,7,1,chokepoint7,Cape of Good Hope,15,42,6,6,18,69,87,984022,2516710,95579,32898,1012420,3629210,4641631
2024-07-02,2024,7,2,chokepoint1,Suez Canal,12,14,5,1,8,32,40,134288,830617,13507,0,385300,978412,1363713
2024-07-02,2024,7,2,chokepoint4,Bab el-Mandeb Strait,6,11,7,0,9,24,33,65853,549051,37655,0,280236,652560,932796
2024-07-02,2024,7,2,chokepoint7,Cape of Good Hope,29,54,8,7,19,98,117,1746255,4198037,78047,29828,1087555,6052168,7139724
2024-07-03,2024,7,3,chokepoint1,Suez Canal,4,9,4,0,16,17,33,162279,654414,47564,0,223309,864258,1087568
2024-07-03,2024,7,3,chokepoint4,Bab el-Mandeb Strait,7,9,2,0,9,18,27,87943,304914,3151,0,507018,396008,903026
2024-07-03,2024,7,3,chokepoint7,Cape of Good Hope,21,44,5,5,27,75,102,1361830,4331125,36897,10519,1757114,5740372,7497487
2024-07-04,2024,7,4,chokepoint1,Suez Canal,10,13,4,0,12,27,39,324590,373263,6412,0,735105,704266,1439371
2024-07-04,2024,7,4,chokepoint4,Bab el-Mandeb Strait,3,11,0,0,15,14,29,39029,391324,0,0,621073,430353,1051427
2024-07-04,2024,7,4,chokepoint7,Cape of Good Hope,13,41,2,0,15,56,71,896016,3528956,11429,0,535652,4436402,4972055
2024-07-05,2024,7,5,chokepoint1,Suez Canal,7,13,2,0,16,22,38,146865,414123,22043,0,946149,583033,1529182
2024-07-05,2024,7,5,chokepoint4,Bab el-Mandeb Strait,2,9,2,2,18,15,33,20013,473897,15172,2800,816511,511884,1328396
2024-07-05,2024,7,5,chokepoint7,Cape of Good Hope,26,38,1,3,10,68,78,1504906,3317897,2344,2156,1184016,4827305,6011322
2024-07-06,2024,7,6,chokepoint1,Suez Canal,7,16,3,0,13,26,39,333267,716520,17669,0,524379,1067457,1591836
2024-07-06,2024,7,6,chokepoint4,Bab el-Mandeb Strait,6,11,6,0,11,23,34,120584,669517,29554,0,775043,819656,1594700
2024-07-06,2024,7,6,chokepoint7,Cape of Good Hope,16,38,5,1,19,60,79,919280,3335298,33785,0,1576390,4288363,5864754
2024-07-07,2024,7,7,chokepoint1,Suez Canal,5,7,5,0,13,17,30,32533,228856,52857,0,593901,314246,908148
2024-07-07,2024,7,7,chokepoint4,Bab el-Mandeb Strait,8,7,3,2,9,20,29,121749,486517,35530,0,199457,643798,843255
2024-07-07,2024,7,7,chokepoint7,Cape of Good Hope,1,27,1,0,9,29,38,32480,2227073,13849,0,95402,2273403,2368805
2024-07-08,2024,7,8,chokepoint1,Suez Canal,11,8,3,0,8,22,30,178770,198976,1361,0,319262,379108,698370
2024-07-08,2024,7,8,chokepoint4,Bab el-Mandeb Strait,10,8,2,0,13,20,33,129838,518211,4538,0,920477,652587,1573065
2024-07-08,2024,7,8,chokepoint7,Cape of Good Hope,0,6,1,1,5,8,13,0,517969,4890,0,74428,522859,597288
2024-07-09,2024,7,9,chokepoint1,Suez Canal,11,10,3,2,16,26,42,249808,391926,7528,2695,881942,651959,1533902
2024-07-09,2024,7,9,chokepoint4,Bab el-Mandeb Strait,6,13,3,0,6,22,28,103635,379572,29794,0,471858,513002,984861
2024-07-09,2024,7,9,chokepoint7,Cape of Good Hope,0,28,2,0,16,30,46,0,1934791,7861,0,821058,1942652,2763710
2024-07-10,2024,7,10,chokepoint1,Suez Canal,9,11,2,0,8,22,30,215486,376871,16724,0,18693,609082,627776
2024-07-10,2024,7,10,chokepoint4,Bab el-Mandeb Strait,4,9,4,0,15,17,32,64683,494219,17291,0,974213,576193,1550406
2024-07-10,2024,7,10,chokepoint7,Cape of Good Hope,10,30,2,0,16,42,58,588524,3123916,7057,0,1064283,3719498,4783782
2024-07-11,2024,7,11,chokepoint1,Suez Canal,9,8,2,1,26,20,46,163219,240055,2812,0,1349413,406087,1755501
2024-07-11,2024,7,11,chokepoint4,Bab el-Mandeb Strait,3,12,6,0,7,21,28,39656,447142,75694,0,422411,562492,984904
2024-07-11,2024,7,11,chokepoint7,Cape of Good Hope,41,81,1,9,29,132,161,2456324,6875812,0,43665,1916901,9375802,11292704
2024-07-12,2024,7,12,chokepoint1,Suez Canal,11,11,6,0,12,28,40,239973,574274,12351,0,209787,826600,1036388
2024-07-12,2024,7,12,chokepoint4,Bab el-Mandeb Strait,4,9,0,2,13,15,28,53379,211858,0,2800,553121,268038,821160
2024-07-12,2024,7,12,chokepoint7,Cape of Good Hope,43,88,12,12,49,155,204,2986335,5638083,129167,64773,2280681,8818360,11099041
2024-07-13,2024,7,13,chokepoint1,Suez Canal,6,9,5,0,16,20,36,262819,371845,47109,0,510305,681774,1192079
2024-07-13,2024,7,13,chokepoint4,Bab el-Mandeb Strait,5,4,4,1,21,14,35,81232,167069,23954,1073,915244,273330,1188574
2024-07-13,2024,7,13,chokepoint7,Cape of Good Hope,34,43,10,7,22,94,116,2219055,2881770,138850,22065,1259019,5261742,6520761
2024-07-14,2024,7,14,chokepoint1,Suez Canal,11,8,4,0,11,23,34,198043,216284,7395,0,424337,421723,846060
2024-07-14,2024,7,14,chokepoint4,Bab el-Mandeb Strait,6,14,8,1,10,29,39,63002,557514,66940,0,343146,687457,1030604
2024-07-14,2024,7,14,chokepoint7,Cape of Good Hope,28,49,4,8,26,89,115,1253016,2585745,26681,25186,1339944,3890630,5230575
2024-07-15,2024,7,15,chokepoint1,Suez Canal,12,7,5,0,8,24,32,221117,77881,13197,0,156433,312196,468630
2024-07-15,2024,7,15,chokepoint4,Bab el-Mandeb Strait,9,10,1,1,14,21,35,94393,423657,635,2906,757494,521593,1279087
2024-07-15,2024,7,15,chokepoint7,Cape of Good Hope,18,47,5,4,21,74,95,1242553,4268868,72976,25258,1101507,5609657,6711165
2024-07-16,2024,7,16,chokepoint1,Suez Canal,9,11,7,0,11,27,38,160692,592754,53464,0,733266,806911,1540178
2024-07-16,2024,7,16,chokepoint4,Bab el-Mandeb Strait,7,8,3,1,9,19,28,89545,221303,28144,0,272742,338993,611736
2024-07-16,2024,7,16,chokepoint7,Cape of Good Hope,20,52,8,5,27,85,112,1121267,4328620,135979,16687,1531933,5602554,7134487
2024-07-17,2024,7,17,chokepoint1,Suez Canal,5,9,1,0,16,15,31,144600,410642,2284,0,454284,557527,1011812
2024-07-17,2024,7,17,chokepoint4,Bab el-Mandeb Strait,6,5,3,0,8,14,22,68516,390880,21846,0,421211,481243,902455
2024-07-17,2024,7,17,chokepoint7,Cape of Good Hope,33,67,4,1,23,105,128,2233667,4433949,38359,3576,1614462,6709553,8324016
2024-07-18,2024,7,18,chokepoint1,Suez Canal,8,10,2,0,15,20,35,175362,411448,4844,0,793856,591655,1385511
2024-07-18,2024,7,18,chokepoint4,Bab el-Mandeb Strait,7,8,3,1,10,19,29,112430,327891,972,2554,254415,443848,698264
2024-07-18,2024,7,18,chokepoint7,Cape of Good Hope,16,43,3,0,13,62,75,1095366,2654814,8038,0,999960,3758219,4758179
2024-07-19,2024,7,19,chokepoint1,Suez Canal,12,14,3,0,12,29,41,333609,581017,9820,0,547001,924447,1471449
2024-07-19,2024,7,19,chokepoint4,Bab el-Mandeb Strait,4,9,3,0,14,16,30,44036,456406,19660,0,585590,520103,1105693
2024-07-19,2024,7,19,chokepoint7,Cape of Good Hope,13,39,4,1,18,57,75,755749,2618051,20009,6742,832506,3400553,4233059
2024-07-20,2024,7,20,chokepoint1,Suez Canal,6,13,3,2,17,24,41,77859,488766,6961,4885,710552,578472,1289025
2024-07-20,2024,7,20,chokepoint4,Bab el-Mandeb Strait,8,6,5,0,12,19,31,138345,244028,37136,0,566903,419510,986413
2024-07-20,2024,7,20,chokepoint7,Cape of Good Hope,14,45,4,4,25,67,92,739432,3758485,73991,12249,2146160,4584159,6730319
2024-07-21,2024,7,21,chokepoint1,Suez Canal,7,11,6,0,17,24,41,146259,378553,29501,0,967651,554314,1521966
2024-07-21,2024,7,21,chokepoint4,Bab el-Mandeb Strait,3,7,4,0,13,14,27,33815,159641,31288,0,343956,224744,568701
2024-07-21,2024,7,21,chokepoint7,Cape of Good Hope,24,41,3,1,21,69,90,1648771,3071989,31540,3462,2128881,4755764,6884645
2024-07-22,2024,7,22,chokepoint1,Suez Canal,7,8,7,0,12,22,34,87075,218780,21675,0,556937,327530,884467
2024-07-22,2024,7,22,chokepoint4,Bab el-Mandeb Strait,4,12,1,1,10,18,28,44033,486144,1293,0,833314,531472,1364786
2024-07-22,2024,7,22,chokepoint7,Cape of Good Hope,27,51,8,2,22,88,110,1482709,3672696,64650,8181,595208,5228238,5823446
2024-07-23,2024,7,23,chokepoint1,Suez Canal,12,12,5,0,10,29,39,298389,491728,35384,0,235561,825502,1061063
2024-07-23,2024,7,23,chokepoint4,Bab el-Mandeb Strait,6,8,2,1,12,17,29,101234,697105,7332,6258,478156,811930,1290087
2024-07-23,2024,7,23,chokepoint7,Cape of Good Hope,28,49,5,9,17,91,108,1757433,3445514,69789,41667,1037986,5314405,6352391
2024-07-24,2024,7,24,chokepoint1,Suez Canal,7,6,2,1,22,16,38,125035,286022,17499,2554,820039,431112,1251151
2024-07-24,2024,7,24,chokepoint4,Bab el-Mandeb Strait,2,7,2,0,8,11,19,28403,572721,4881,0,514627,606006,1120634
2024-07-24,2024,7,24,chokepoint7,Cape of Good Hope,23,54,2,4,19,83,102,1135364,3695814,14973,28732,797644,4874885,5672529
2024-07-25,2024,7,25,chokepoint1,Suez Canal,8,9,6,0,20,23,43,68242,233684,20133,0,504661,322060,826722
2024-07-25,2024,7,25,chokepoint4,Bab el-Mandeb Strait,4,8,0,0,10,12,22,31843,212758,0,0,311524,244602,556126
2024-07-25,2024,7,25,chokepoint7,Cape of Good Hope,28,41,3,2,26,74,100,1482628,3252177,32965,7346,2177666,4775118,6952784
2024-07-26,2024,7,26,chokepoint1,Suez Canal,5,8,4,0,22,17,39,77519,455584,10406,0,705583,543510,1249094
2024-07-26,2024,7,26,chokepoint4,Bab el-Mandeb Strait,5,12,2,0,11,19,30,41260,449212,25866,0,704268,516340,1220608
2024-07-26,2024,7,26,chokepoint7,Cape of Good Hope,8,39,3,2,19,52,71,428309,3386827,58034,5933,1172831,3879104,5051935
2024-07-27,2024,7,27,chokepoint1,Suez Canal,12,10,6,0,15,28,43,313178,269968,25921,0,562766,609068,1171834
2024-07-27,2024,7,27,chokepoint4,Bab el-Mandeb Strait,5,8,6,0,13,19,32,72639,195481,26184,0,473077,294306,767384
2024-07-27,2024,7,27,chokepoint7,Cape of Good Hope,2,22,1,0,13,25,38,217470,2513471,44934,0,1366188,2775876,4142064
2024-07-28,2024,7,28,chokepoint1,Suez Canal,5,13,8,1,11,27,38,173618,374402,31433,0,567494,579455,1146949
2024-07-28,2024,7,28,chokepoint4,Bab el-Mandeb Strait,4,4,4,0,11,12,23,49235,195200,62342,0,580886,306778,887665
2024-07-28,2024,7,28,chokepoint7,Cape of Good Hope,0,16,0,1,12,17,29,0,896138,0,3902,717116,900041,1617157
2024-07-29,2024,7,29,chokepoint1,Suez Canal,15,10,2,2,13,29,42,195835,437636,4778,6258,558699,644510,1203209
2024-07-29,2024,7,29,chokepoint4,Bab el-Mandeb Strait,4,4,3,1,9,12,21,69945,184105,12306,4660,491519,271018,762538
2024-07-29,2024,7,29,chokepoint7,Cape of Good Hope,2,30,2,2,13,36,49,96381,1668244,24092,26740,651207,1815458,2466665
2024-07-30,2024,7,30,chokepoint1,Suez Canal,7,15,7,1,14,30,44,215469,558809,12174,0,508755,786453,1295209
2024-07-30,2024,7,30,chokepoint4,Bab el-Mandeb Strait,5,9,6,0,15,20,35,89560,387147,45926,0,932886,522635,1455521
2024-07-30,2024,7,30,chokepoint7,Cape of Good Hope,26,58,4,4,15,92,107,1432261,4742452,39955,20529,874979,6235199,7110179
2024-07-31,2024,7,31,chokepoint1,Suez Canal,11,10,5,1,16,27,43,271498,511069,20529,0,706478,803097,1509576
2024-07-31,2024,7,31,chokepoint4,Bab el-Mandeb Strait,6,7,3,0,9,16,25,102665,368275,7821,0,380508,478762,859271
2024-07-31,2024,7,31,chokepoint7,Cape of Good Hope,57,68,5,4,32,134,166,3547997,4427070,80591,25503,2032508,8081163,10113671
2024-08-01,2024,8,1,chokepoint1,Suez Canal,6,10,4,1,11,21,32,199994,291916,9117,1218,225946,502247,728193
2024-08-01,2024,8,1,chokepoint4,Bab el-Mandeb Strait,4,13,5,1,13,23,36,68986,373844,32259,0,678388,475090,1153478
2024-08-01,2024,8,1,chokepoint7,Cape of Good Hope,44,74,10,6,30,134,164,2648180,5292028,53742,26555,1530468,8020508,9550977
2024-08-02,2024,8,2,chokepoint1,Suez Canal,10,9,5,1,18,25,43,156004,364350,8038,0,668292,528393,1196685
2024-08-02,2024,8,2,chokepoint4,Bab el-Mandeb Strait,12,15,3,0,10,30,40,159173,806343,8555,0,672175,974072,1646248
2024-08-02,2024,8,2,chokepoint7,Cape of Good Hope,12,59,4,6,24,81,105,577998,4404058,29585,20555,1030347,5032198,6062546
2024-08-03,2024,8,3,chokepoint1,Suez Canal,6,10,3,0,14,19,33,68175,727286,28810,0,502628,824273,1326901
2024-08-03,2024,8,3,chokepoint4,Bab el-Mandeb Strait,7,7,3,0,10,17,27,79325,337584,8072,0,536619,424982,961602
2024-08-03,2024,8,3,chokepoint7,Cape of Good Hope,14,51,5,3,18,73,91,1098795,3629954,83684,0,1365364,4812434,6177798
2024-08-04,2024,8,4,chokepoint1,Suez Canal,9,11,4,2,17,26,43,173343,498730,8844,3034,1138789,683952,1822742
2024-08-04,2024,8,4,chokepoint4,Bab el-Mandeb Strait,2,7,4,0,15,13,28,36927,473385,13815,0,552384,524128,1076513
2024-08-04,2024,8,4,chokepoint7,Cape of Good Hope,21,39,5,1,11,66,77,1248116,3835211,84516,0,593441,5167844,5761286
2024-08-05,2024,8,5,chokepoint1,Suez Canal,9,12,6,1,13,28,41,153554,528999,13352,4092,293439,699999,993439
2024-08-05,2024,8,5,chokepoint4,Bab el-Mandeb Strait,6,12,5,2,11,25,36,37937,551450,31511,0,394940,620899,1015840
2024-08-05,2024,8,5,chokepoint7,Cape of Good Hope,12,39,0,2,11,53,64,701515,2356761,0,12285,879109,3070562,3949671
2024-08-06,2024,8,6,chokepoint1,Suez Canal,11,14,4,1,15,30,45,231753,782427,73268,0,699527,1087450,1786977
2024-08-06,2024,8,6,chokepoint4,Bab el-Mandeb Strait,6,7,3,1,5,17,22,70122,405256,13824,0,358178,489203,847382
2024-08-06,2024,8,6,chokepoint7,Cape of Good Hope,23,40,8,2,13,73,86,1378738,2401417,135833,9461,535014,3925450,4460464
2024-08-07,2024,8,7,chokepoint1,Suez Canal,9,9,5,0,15,23,38,245264,504104,36582,0,562901,785951,1348853
2024-08-07,2024,8,7,chokepoint4,Bab el-Mandeb Strait,6,5,3,0,9,14,23,127040,59395,6788,0,494546,193224,687770
2024-08-07,2024,8,7,chokepoint7,Cape of Good Hope,35,60,6,6,26,107,133,2110902,4344787,64315,29138,1962234,6549143,8511378
2024-08-08,2024,8,8,chokepoint1,Suez Canal,5,16,7,0,10,28,38,61083,904442,19984,0,369774,985510,1355285
2024-08-08,2024,8,8,chokepoint4,Bab el-Mandeb Strait,5,16,1,0,9,22,31,63509,634735,464,0,393231,698708,1091940
2024-08-08,2024,8,8,chokepoint7,Cape of Good Hope,17,48,5,2,18,72,90,938832,3185139,35585,9558,1008697,4169115,5177813
2024-08-09,2024,8,9,chokepoint1,Suez Canal,10,7,4,0,20,21,41,261309,216888,15297,0,717037,493495,1210532
2024-08-09,2024,8,9,chokepoint4,Bab el-Mandeb Strait,4,9,5,1,11,19,30,55603,513740,40422,0,506133,609766,1115900
2024-08-09,2024,8,9,chokepoint7,Cape of Good Hope,3,23,1,0,10,27,37,247167,1215836,0,0,276575,1463004,1739579
2024-08-10,2024,8,10,chokepoint1,Suez Canal,10,14,1,0,9,25,34,252586,788895,1778,0,76780,1043260,1120041
2024-08-10,2024,8,10,chokepoint4,Bab el-Mandeb Strait,6,11,8,0,14,25,39,73062,648042,88720,0,524982,809825,1334807
2024-08-10,2024,8,10,chokepoint7,Cape of Good Hope,2,35,2,0,7,39,46,136017,2660594,21117,0,479697,2817729,3297427
2024-08-11,2024,8,11,chokepoint1,Suez Canal,6,11,1,0,13,18,31,122699,522116,14427,0,357575,659243,1016819
2024-08-11,2024,8,11,chokepoint4,Bab el-Mandeb Strait,3,12,4,0,11,19,30,53310,306834,17118,0,223764,377263,601028
2024-08-11,2024,8,11,chokepoint7,Cape of Good Hope,25,42,3,7,23,77,100,1530251,4279658,32619,31066,1816633,5873595,7690229
2024-08-12,2024,8,12,chokepoint1,Suez Canal,8,12,3,1,18,24,42,222326,291630,19561,3074,779284,536592,1315876
2024-08-12,2024,8,12,chokepoint4,Bab el-Mandeb Strait,3,15,4,0,17,22,39,37424,614656,20295,0,960945,672376,1633322
2024-08-12,2024,8,12,chokepoint7,Cape of Good Hope,38,48,5,2,30,93,123,2301226,2850106,78303,14515,2446582,5244152,7690734
2024-08-13,2024,8,13,chokepoint1,Suez Canal,12,10,5,2,21,29,50,247221,446901,8955,3948,1134566,707027,1841593
2024-08-13,2024,8,13,chokepoint4,Bab el-Mandeb Strait,4,11,5,0,13,20,33,47550,712785,23299,0,606284,783634,1389919
2024-08-13,2024,8,13,chokepoint7,Cape of Good Hope,25,48,4,5,17,82,99,1695839,3099741,37507,21762,523633,4854851,5378484
2024-08-14,2024,8,14,chokepoint1,Suez Canal,10,13,2,0,16,25,41,242804,366723,9428,0,740239,618957,1359196
2024-08-14,2024,8,14,chokepoint4,Bab el-Mandeb Strait,6,9,4,0,9,19,28,87777,362375,24043,0,132698,474196,606894
2024-08-14,2024,8,14,chokepoint7,Cape of Good Hope,0,41,1,0,13,42,55,0,2431762,28278,0,956324,2460041,3416366
2024-08-15,2024,8,15,chokepoint1,Suez Canal,9,12,5,1,11,27,38,168101,510277,57634,0,374449,736014,1110464
2024-08-15,2024,8,15,chokepoint4,Bab el-Mandeb Strait,9,6,2,0,8,17,25,147715,295537,1517,0,327881,444770,772651
2024-08-15,2024,8,15,chokepoint7,Cape of Good Hope,17,42,5,5,18,69,87,883260,4677732,85509,6652,1041813,5653155,6694969
2024-08-16,2024,8,16,chokepoint1,Suez Canal,8,14,4,0,22,26,48,63645,420186,5193,0,372105,489025,861131
2024-08-16,2024,8,16,chokepoint4,Bab el-Mandeb Strait,5,8,5,0,10,18,28,72807,252217,46140,0,508550,371165,879716
2024-08-16,2024,8,16,chokepoint7,Cape of Good Hope,34,48,7,4,15,93,108,1634708,3800099,60132,20933,823322,5515873,6339195
2024-08-17,2024,8,17,chokepoint1,Suez Canal,6,11,2,1,17,20,37,95185,515185,4594,0,1094387,614965,1709353
2024-08-17,2024,8,17,chokepoint4,Bab el-Mandeb Strait,5,6,5,1,9,17,26,94216,205253,19828,4229,367794,323528,691322
2024-08-17,2024,8,17,chokepoint7,Cape of Good Hope,39,66,6,2,27,113,140,2444192,3467341,48912,7578,946132,5968025,6914157
2024-08-18,2024,8,18,chokepoint1,Suez Canal,9,9,5,0,14,23,37,118837,468895,11000,0,591105,598733,1189838
2024-08-18,2024,8,18,chokepoint4,Bab el-Mandeb Strait,7,12,4,0,11,23,34,91244,360797,62312,0,578082,514353,1092436
2024-08-18,2024,8,18,chokepoint7,Cape of Good Hope,11,53,4,3,23,71,94,457810,3913584,20934,18373,946707,4410702,5357409
2024-08-19,2024,8,19,chokepoint1,Suez Canal,11,8,1,0,8,20,28,288923,214872,5297,0,321856,509093,830949
2024-08-19,2024,8,19,chokepoint4,Bab el-Mandeb Strait,6,10,6,1,8,23,31,92297,286551,40852,0,421028,419701,840729
2024-08-19,2024,8,19,chokepoint7,Cape of Good Hope,19,47,6,5,19,77,96,1182903,3200174,40432,30389,1350004,4453900,5803905
2024-08-20,2024,8,20,chokepoint1,Suez Canal,9,16,10,0,17,35,52,196948,605081,96411,0,535345,898441,1433786
2024-08-20,2024,8,20,chokepoint4,Bab el-Mandeb Strait,6,12,1,0,15,19,34,107283,500507,464,0,399174,608255,1007429
2024-08-20,2024,8,20,chokepoint7,Cape of Good Hope,22,65,11,7,23,105,128,1320227,4027503,53379,43803,1089766,5444913,6534680
2024-08-21,2024,8,21,chokepoint1,Suez Canal,11,8,3,1,15,23,38,292423,478045,11306,4229,606568,786004,1392573
2024-08-21,2024,8,21,chokepoint4,Bab el-Mandeb Strait,9,10,2,0,8,21,29,112142,524007,18690,0,243579,654840,898420
2024-08-21,2024,8,21,chokepoint7,Cape of Good Hope,21,44,5,8,26,78,104,1143834,3801613,88770,47251,1597446,5081470,6678917
2024-08-22,2024,8,22,chokepoint1,Suez Canal,5,5,7,0,23,17,40,76597,25809,28667,0,1059446,131074,1190520
2024-08-22,2024,8,22,chokepoint4,Bab el-Mandeb Strait,7,8,1,0,12,16,28,76543,465731,955,0,354373,543230,897603
2024-08-22,2024,8,22,chokepoint7,Cape of Good Hope,13,27,5,5,21,50,71,859408,1868616,59946,35270,1522916,2823241,4346158
2024-08-23,2024,8,23,chokepoint1,Suez Canal,6,16,4,0,20,26,46,125215,510373,10837,0,708584,646427,1355012
2024-08-23,2024,8,23,chokepoint4,Bab el-Mandeb Strait,4,13,1,0,8,18,26,67197,495647,5952,0,266050,568796,834847
2024-08-23,2024,8,23,chokepoint7,Cape of Good Hope,22,61,2,7,13,92,105,1019620,3502205,25276,30596,1176935,4577698,5754634
2024-08-24,2024,8,24,chokepoint1,Suez Canal,13,16,4,0,12,33,45,213697,511114,23777,0,483286,748589,1231875
2024-08-24,2024,8,24,chokepoint4,Bab el-Mandeb Strait,5,10,2,0,6,17,23,114587,378538,13157,0,396192,506284,902476
2024-08-24,2024,8,24,chokepoint7,Cape of Good Hope,26,53,8,5,17,92,109,1604944,4448761,104997,26275,1465361,6184978,7650340
2024-08-25,2024,8,25,chokepoint1,Suez Canal,13,8,4,0,16,25,41,194569,509748,11886,0,485581,716203,1201785
2024-08-25,2024,8,25,chokepoint4,Bab el-Mandeb Strait,8,10,8,0,10,26,36,86309,447622,69774,0,562773,603706,1166480
2024-08-25,2024,8,25,chokepoint7,Cape of Good Hope,20,57,2,3,23,82,105,1059409,3448272,10243,14497,731423,4532423,5263847
2024-08-26,2024,8,26,chokepoint1,Suez Canal,10,8,2,2,18,22,40,246613,334608,12351,6014,520371,599587,1119959
2024-08-26,2024,8,26,chokepoint4,Bab el-Mandeb Strait,5,9,2,1,13,17,30,50082,501976,19413,4029,573291,575502,1148793
2024-08-26,2024,8,26,chokepoint7,Cape of Good Hope,12,40,5,2,11,59,70,785227,3679528,41832,15324,848447,4521913,5370360
2024-08-27,2024,8,27,chokepoint1,Suez Canal,8,13,3,0,14,24,38,63578,533790,6378,0,225723,603747,829470
2024-08-27,2024,8,27,chokepoint4,Bab el-Mandeb Strait,11,12,7,0,13,30,43,96248,502638,46840,0,901651,645728,1547379
2024-08-27,2024,8,27,chokepoint7,Cape of Good Hope,1,14,0,0,8,15,23,41463,877099,0,0,719032,918563,1637596
2024-08-28,2024,8,28,chokepoint1,Suez Canal,9,18,2,1,11,30,41,179992,858814,1493,0,436107,1040299,1476406
2024-08-28,2024,8,28,chokepoint4,Bab el-Mandeb Strait,3,9,2,1,15,15,30,44461,295728,16946,1535,488968,358672,847641
2024-08-28,2024,8,28,chokepoint7,Cape of Good Hope,1,17,0,0,5,18,23,104427,1042741,0,0,364438,1147168,1511606
2024-08-29,2024,8,29,chokepoint1,Suez Canal,7,12,6,0,9,25,34,114061,603250,30075,0,552784,747387,1300172
2024-08-29,2024,8,29,chokepoint4,Bab el-Mandeb Strait,3,16,3,0,7,22,29,31322,628705,25048,0,390764,685076,1075841
2024-08-29,2024,8,29,chokepoint7,Cape of Good Hope,7,24,3,3,9,37,46,316895,1517909,15209,10802,388020,1860816,2248837
2024-08-30,2024,8,30,chokepoint1,Suez Canal,9,11,4,0,12,24,36,239963,340426,13183,0,388660,593574,982234
2024-08-30,2024,8,30,chokepoint4,Bab el-Mandeb Strait,8,9,5,0,14,22,36,139245,435549,49333,0,670004,624127,1294131
2024-08-30,2024,8,30,chokepoint7,Cape of Good Hope,40,56,3,3,24,102,126,2858269,4037564,29162,4780,1232217,6929777,8161995
2024-08-31,2024,8,31,chokepoint1,Suez Canal,7,22,6,0,14,35,49,101345,650122,39849,0,405094,791317,1196411
2024-08-31,2024,8,31,chokepoint4,Bab el-Mandeb Strait,6,11,6,0,8,23,31,52592,501190,36766,0,356381,590549,946931
2024-08-31,2024,8,31,chokepoint7,Cape of Good Hope,49,90,6,11,31,156,187,2957029,4764158,53702,33155,1113183,7808045,8921229
2024-09-01,2024,9,1,chokepoint1,Suez Canal,8,9,2,2,14,21,35,117131,541337,2688,4660,932152,665818,1597970
2024-09-01,2024,9,1,chokepoint4,Bab el-Mandeb Strait,5,7,4,2,8,18,26,44469,438261,13313,0,649032,496044,1145077
2024-09-01,2024,9,1,chokepoint7,Cape of Good Hope,21,46,6,2,25,75,100,1209139,3782192,30865,4015,1221507,5026213,6247720
2024-09-02,2024,9,2,chokepoint1,Suez Canal,13,15,5,1,22,34,56,364435,396382,48382,426,730023,809626,1539650
2024-09-02,2024,9,2,chokepoint4,Bab el-Mandeb Strait,5,14,6,1,7,26,33,76428,627397,31554,0,463332,735380,1198713
2024-09-02,2024,9,2,chokepoint7,Cape of Good Hope,27,46,10,1,20,84,104,1474841,3632736,102464,4734,668652,5214777,5883429
2024-09-03,2024,9,3,chokepoint1,Suez Canal,6,4,1,0,7,11,18,224327,97742,236,0,349103,322306,671409
2024-09-03,2024,9,3,chokepoint4,Bab el-Mandeb Strait,2,6,4,0,10,12,22,31735,311259,22858,0,390836,365853,756689
2024-09-03,2024,9,3,chokepoint7,Cape of Good Hope,26,51,7,3,17,87,104,1367028,4308330,94783,16965,1096946,5787109,6884056
2024-09-04,2024,9,4,chokepoint1,Suez Canal,4,8,5,3,14,20,34,93202,266373,45315,1535,826872,406426,1233299
2024-09-04,2024,9,4,chokepoint4,Bab el-Mandeb Strait,5,11,3,0,7,19,26,76580,461487,8743,0,344149,546811,890960
2024-09-04,2024,9,4,chokepoint7,Cape of Good Hope,18,45,4,1,17,68,85,984704,3520621,23900,5595,926606,4534821,5461427
2024-09-05,2024,9,5,chokepoint1,Suez Canal,5,12,3,0,17,20,37,41526,454542,6851,0,218100,502921,721021
2024-09-05,2024,9,5,chokepoint4,Bab el-Mandeb Strait,9,11,6,0,17,26,43,134823,406352,81149,0,926744,622325,1549069
2024-09-05,2024,9,5,chokepoint7,Cape of Good Hope,23,41,2,2,20,68,88,1760685,3131861,16286,16348,1203702,4925181,6128883
2024-09-06,2024,9,6,chokepoint1,Suez Canal,7,10,3,0,17,20,37,154692,525433,26059,0,574517,706185,1280703
2024-09-06,2024,9,6,chokepoint4,Bab el-Mandeb Strait,8,8,4,0,10,20,30,80454,453654,21945,0,276935,556055,832990
2024-09-06,2024,9,6,chokepoint7,Cape of Good Hope,24,51,3,4,16,82,98,1728551,2926825,31957,7831,335403,4695165,5030569
2024-09-07,2024,9,7,chokepoint1,Suez Canal,6,13,1,1,11,21,32,66020,507077,471,0,376576,573570,950147
2024-09-07,2024,9,7,chokepoint4,Bab el-Mandeb Strait,8,12,7,2,5,29,34,122104,333888,35554,0,200765,491547,692312
2024-09-07,2024,9,7,chokepoint7,Cape of Good Hope,18,47,6,3,17,74,91,1138116,3485891,93782,16985,1162728,4734776,5897505
2024-09-08,2024,9,8,chokepoint1,Suez Canal,8,14,4,0,10,26,36,78429,550430,8165,0,548164,637024,1185188
2024-09-08,2024,9,8,chokepoint4,Bab el-Mandeb Strait,6,6,7,0,12,19,31,61947,219871,29879,0,817035,311698,1128733
2024-09-08,2024,9,8,chokepoint7,Cape of Good Hope,16,24,1,3,13,44,57,1098086,1792636,28991,15678,1257458,2935393,4192852
2024-09-09,2024,9,9,chokepoint1,Suez Canal,14,8,0,1,16,23,39,400201,327209,0,0,636787,727410,1364197
2024-09-09,2024,9,9,chokepoint4,Bab el-Mandeb Strait,5,8,5,0,7,18,25,55921,284978,14452,0,613806,355352,969159
2024-09-09,2024,9,9,chokepoint7,Cape of Good Hope,15,38,4,2,16,59,75,627358,2617133,63704,9049,1292174,3317246,4609421
2024-09-10,2024,9,10,chokepoint1,Suez Canal,5,6,1,1,17,13,30,135495,201283,4180,1218,957824,342178,1300002
2024-09-10,2024,9,10,chokepoint4,Bab el-Mandeb Strait,5,8,7,1,9,21,30,90118,281413,59482,6023,439058,437037,876096
2024-09-10,2024,9,10,chokepoint7,Cape of Good Hope,17,36,3,3,22,59,81,877345,2194680,82895,18415,1097024,3173337,4270361
2024-09-11,2024,9,11,chokepoint1,Suez Canal,4,6,2,0,12,12,24,68720,177561,1563,0,533355,247844,781200
2024-09-11,2024,9,11,chokepoint4,Bab el-Mandeb Strait,7,15,5,0,11,27,38,147820,568471,23976,0,322855,740268,1063124
2024-09-11,2024,9,11,chokepoint7,Cape of Good Hope,34,37,5,1,21,77,98,1844598,3308627,68847,3474,922379,5225547,6147927
2024-09-12,2024,9,12,chokepoint1,Suez Canal,11,9,6,0,9,26,35,134581,317979,41087,0,416352,493648,910000
2024-09-12,2024,9,12,chokepoint4,Bab el-Mandeb Strait,8,8,4,0,14,20,34,87614,440526,16339,0,442114,544479,986593
2024-09-12,2024,9,12,chokepoint7,Cape of Good Hope,13,41,7,6,16,67,83,926771,2450522,87073,22712,1156098,3487080,4643178
2024-09-13,2024,9,13,chokepoint1,Suez Canal,5,12,4,0,9,21,30,40500,629771,23493,0,623692,693766,1317458
2024-09-13,2024,9,13,chokepoint4,Bab el-Mandeb Strait,7,8,3,1,11,19,30,83419,249938,17783,760,554134,351901,906036
2024-09-13,2024,9,13,chokepoint7,Cape of Good Hope,23,56,11,5,12,95,107,1147634,4325616,94011,33985,790020,5601248,6391268
2024-09-14,2024,9,14,chokepoint1,Suez Canal,13,8,5,0,19,26,45,158548,227538,11175,0,616751,397262,1014014
2024-09-14,2024,9,14,chokepoint4,Bab el-Mandeb Strait,2,8,4,2,10,16,26,29357,251728,19401,0,565301,300487,865789
2024-09-14,2024,9,14,chokepoint7,Cape of Good Hope,21,48,3,2,15,74,89,1362270,4186772,47082,10328,1571827,5606453,7178280
2024-09-15,2024,9,15,chokepoint1,Suez Canal,11,7,4,1,13,23,36,250170,302070,9349,6023,743838,567613,1311451
2024-09-15,2024,9,15,chokepoint4,Bab el-Mandeb Strait,8,6,1,1,9,16,25,78145,189711,6641,4752,802712,279250,1081963
2024-09-15,2024,9,15,chokepoint7,Cape of Good Hope,16,48,3,1,19,68,87,838396,4964961,34559,0,1348095,5837917,7186013
2024-09-16,2024,9,16,chokepoint1,Suez Canal,8,11,7,0,21,26,47,170192,362573,31504,0,642719,564271,1206991
2024-09-16,2024,9,16,chokepoint4,Bab el-Mandeb Strait,3,8,7,0,5,18,23,60650,338921,45636,0,52570,445209,497779
2024-09-16,2024,9,16,chokepoint7,Cape of Good Hope,19,49,3,6,23,77,100,1039176,3295616,44344,18190,1377209,4397327,5774537
2024-09-17,2024,9,17,chokepoint1,Suez Canal,9,12,3,1,18,25,43,382583,835728,7652,1218,545071,1227184,1772255
2024-09-17,2024,9,17,chokepoint4,Bab el-Mandeb Strait,7,11,5,0,12,23,35,69314,419429,27926,0,529618,516671,1046289
2024-09-17,2024,9,17,chokepoint7,Cape of Good Hope,20,47,3,1,15,71,86,1345663,3922596,45787,6229,749257,5320278,6069535
2024-09-18,2024,9,18,chokepoint1,Suez Canal,11,8,11,0,12,30,42,188160,466641,50463,0,398982,705265,1104247
2024-09-18,2024,9,18,chokepoint4,Bab el-Mandeb Strait,4,10,5,0,12,19,31,51665,508998,32324,0,802243,592989,1395233
2024-09-18,2024,9,18,chokepoint7,Cape of Good Hope,14,45,1,4,12,64,76,692253,2959418,9335,24452,917406,3685459,4602866
2024-09-19,2024,9,19,chokepoint1,Suez Canal,11,11,5,1,17,28,45,260611,583880,55318,0,384044,899810,1283854
2024-09-19,2024,9,19,chokepoint4,Bab el-Mandeb Strait,7,11,7,0,13,25,38,83525,249363,32572,0,232171,365460,597631
2024-09-19,2024,9,19,chokepoint7,Cape of Good Hope,14,44,6,4,17,68,85,894658,4307822,74326,26270,472917,5303077,5775995
2024-09-20,2024,9,20,chokepoint1,Suez Canal,7,11,3,1,19,22,41,130974,591358,24889,5214,871125,752437,1623562
2024-09-20,2024,9,20,chokepoint4,Bab el-Mandeb Strait,5,5,4,0,16,14,30,70454,134213,24487,0,828867,229155,1058022
2024-09-20,2024,9,20,chokepoint7,Cape of Good Hope,22,44,8,4,21,78,99,1372814,2618072,33694,6290,1454978,4030870,5485848
2024-09-21,2024,9,21,chokepoint1,Suez Canal,9,10,3,1,7,23,30,222860,590345,5039,0,185283,818244,1003528
2024-09-21,2024,9,21,chokepoint4,Bab el-Mandeb Strait,8,10,2,0,8,20,28,84185,515994,13438,0,389182,613619,1002801
2024-09-21,2024,9,21,chokepoint7,Cape of Good Hope,16,37,3,4,18,60,78,925062,2298730,27573,19444,1263683,3270811,4534495
2024-09-22,2024,9,22,chokepoint1,Suez Canal,10,6,1,1,18,18,36,276720,222365,996,0,1016015,500082,1516097
2024-09-22,2024,9,22,chokepoint4,Bab el-Mandeb Strait,8,13,2,0,10,23,33,126214,731852,16977,0,375083,875044,1250128
2024-09-22,2024,9,22,chokepoint7,Cape of Good Hope,24,43,3,1,18,71,89,1283252,2855014,28375,5260,1373506,4171903,5545409
2024-09-23,2024,9,23,chokepoint1,Suez Canal,4,16,4,0,19,24,43,73155,493493,18974,0,858872,585623,1444496
2024-09-23,2024,9,23,chokepoint4,Bab el-Mandeb Strait,3,8,6,1,12,18,30,41575,564396,44601,3440,527610,654013,1181624
2024-09-23,2024,9,23,chokepoint7,Cape of Good Hope,28,50,3,4,23,85,108,1699073,2956597,36514,12184,1866384,4704370,6570755
2024-09-24,2024,9,24,chokepoint1,Suez Canal,8,9,2,0,16,19,35,177688,520175,24132,0,542071,721996,1264068
2024-09-24,2024,9,24,chokepoint4,Bab el-Mandeb Strait,4,6,6,0,14,16,30,44900,353728,47044,0,1026251,445673,1471924
2024-09-24,2024,9,24,chokepoint7,Cape of Good Hope,24,36,4,2,22,66,88,1265486,3004474,23302,9087,1554834,4302351,5857185
2024-09-25,2024,9,25,chokepoint1,Suez Canal,6,13,7,0,20,26,46,125323,333239,22303,0,966386,480866,1447252
2024-09-25,2024,9,25,chokepoint4,Bab el-Mandeb Strait,6,12,3,0,8,21,29,76605,781175,14741,0,192145,872522,1064668
2024-09-25,2024,9,25,chokepoint7,Cape of Good Hope,22,46,5,3,20,76,96,995138,4166901,67833,10747,875565,5240621,6116186
2024-09-26,2024,9,26,chokepoint1,Suez Canal,9,9,6,0,21,24,45,227589,221749,34429,0,561355,483767,1045123
2024-09-26,2024,9,26,chokepoint4,Bab el-Mandeb Strait,4,12,6,0,16,22,38,82592,554345,18044,0,711204,654982,1366186
2024-09-26,2024,9,26,chokepoint7,Cape of Good Hope,20,36,7,3,18,66,84,1388276,2681674,78549,13428,1640630,4161928,5802559
2024-09-27,2024,9,27,chokepoint1,Suez Canal,8,13,1,0,15,22,37,193654,561256,4791,0,356485,759701,1116187
2024-09-27,2024,9,27,chokepoint4,Bab el-Mandeb Strait,5,8,4,1,14,18,32,79061,284547,20913,0,696695,384523,1081219
2024-09-27,2024,9,27,chokepoint7,Cape of Good Hope,21,44,4,3,27,72,99,1294641,3666103,37317,19975,1346746,5018039,6364785
2024-09-28,2024,9,28,chokepoint1,Suez Canal,6,9,4,1,20,20,40,67977,556708,10776,0,618967,635462,1254430
2024-09-28,2024,9,28,chokepoint4,Bab el-Mandeb Strait,5,10,2,1,8,18,26,42573,437655,756,0,318258,480985,799244
2024-09-28,2024,9,28,chokepoint7,Cape of Good Hope,14,37,1,1,14,53,67,558656,3938122,6131,7314,773322,4510224,5283546
2024-09-29,2024,9,29,chokepoint1,Suez Canal,3,11,4,0,9,18,27,164972,434389,21287,0,246493,620649,867142
2024-09-29,2024,9,29,chokepoint4,Bab el-Mandeb Strait,4,10,1,2,10,17,27,42729,496755,2177,3440,726190,545102,1271293
2024-09-29,2024,9,29,chokepoint7,Cape of Good Hope,4,30,1,0,16,35,51,377782,2057623,4043,0,988300,2439449,3427749
2024-09-30,2024,9,30,chokepoint1,Suez Canal,8,13,1,0,14,22,36,130129,720256,9171,0,670844,859556,1530401
2024-09-30,2024,9,30,chokepoint4,Bab el-Mandeb Strait,2,8,5,0,13,15,28,37794,347510,21464,0,826951,406769,1233720
2024-09-30,2024,9,30,chokepoint7,Cape of Good Hope,3,19,2,1,11,25,36,167257,1436250,13815,5129,1000515,1622453,2622968
2024-10-01,2024,10,1,chokepoint1,Suez Canal,7,10,5,1,16,23,39,152011,477149,11383,1095,552321,641640,1193961
2024-10-01,2024,10,1,chokepoint4,Bab el-Mandeb Strait,10,8,2,0,12,20,32,164111,355531,26057,0,372062,545700,917762
2024-10-01,2024,10,1,chokepoint7,Cape of Good Hope,23,43,7,9,22,82,104,1204205,3723273,75965,26428,1865338,5029872,6895210
2024-10-02,2024,10,2,chokepoint1,Suez Canal,14,14,4,1,14,33,47,346261,768942,11767,0,967145,1126971,2094116
2024-10-02,2024,10,2,chokepoint4,Bab el-Mandeb Strait,5,10,1,0,9,16,25,77014,535232,24282,0,699935,636529,1336465
2024-10-02,2024,10,2,chokepoint7,Cape of Good Hope,29,47,5,5,18,86,104,1971902,3009579,89090,11082,1231320,5081654,6312975
2024-10-03,2024,10,3,chokepoint1,Suez Canal,4,14,1,0,20,19,39,47663,537474,996,0,711808,586134,1297943
2024-10-03,2024,10,3,chokepoint4,Bab el-Mandeb Strait,7,12,3,1,10,23,33,98591,470823,7411,0,276308,576826,853134
2024-10-03,2024,10,3,chokepoint7,Cape of Good Hope,31,42,2,12,28,87,115,1588822,3359107,18663,56096,2534788,5022689,7557478
2024-10-04,2024,10,4,chokepoint1,Suez Canal,6,9,4,0,9,19,28,51879,277217,35423,0,392142,364519,756662
2024-10-04,2024,10,4,chokepoint4,Bab el-Mandeb Strait,1,14,4,0,7,19,26,36682,629344,14144,0,374463,680171,1054634
2024-10-04,2024,10,4,chokepoint7,Cape of Good Hope,25,32,9,2,24,68,92,1682447,2174922,72137,12245,1348219,3941752,5289972
2024-10-05,2024,10,5,chokepoint1,Suez Canal,11,8,2,1,11,22,33,312931,302568,3546,1987,476719,621034,1097753
2024-10-05,2024,10,5,chokepoint4,Bab el-Mandeb Strait,8,13,7,0,10,28,38,134863,803964,74014,0,138964,1012842,1151807
2024-10-05,2024,10,5,chokepoint7,Cape of Good Hope,28,48,6,6,26,88,114,1789020,3161827,61904,37075,1289065,5049828,6338893
2024-10-06,2024,10,6,chokepoint1,Suez Canal,8,6,1,1,17,16,33,81053,421503,20537,0,947116,523094,1470210
2024-10-06,2024,10,6,chokepoint4,Bab el-Mandeb Strait,5,13,5,0,10,23,33,104735,544553,16912,0,583206,666202,1249408
2024-10-06,2024,10,6,chokepoint7,Cape of Good Hope,24,43,7,2,24,76,100,1461850,2837893,89740,5770,1138097,4395255,5533352
2024-10-07,2024,10,7,chokepoint1,Suez Canal,7,9,7,0,14,23,37,214498,313880,44241,0,778241,572620,1350861
2024-10-07,2024,10,7,chokepoint4,Bab el-Mandeb Strait,7,16,3,0,11,26,37,52681,831492,13257,0,665953,897430,1563384
2024-10-07,2024,10,7,chokepoint7,Cape of Good Hope,21,36,4,2,10,63,73,927548,3218163,4012,7588,871097,4157314,5028411
2024-10-08,2024,10,8,chokepoint1,Suez Canal,8,10,4,0,17,22,39,133334,398729,14558,0,493710,546622,1040333
2024-10-08,2024,10,8,chokepoint4,Bab el-Mandeb Strait,8,12,7,2,13,29,42,91711,498476,65278,0,519814,655466,1175281
2024-10-08,2024,10,8,chokepoint7,Cape of Good Hope,15,35,1,2,20,53,73,788893,2834245,21631,5530,1779996,3650300,5430296
2024-10-09,2024,10,9,chokepoint1,Suez Canal,5,19,2,0,12,26,38,235859,610363,2738,0,488524,848960,1337485
2024-10-09,2024,10,9,chokepoint4,Bab el-Mandeb Strait,8,11,4,0,4,23,27,100491,369275,12315,0,141889,482082,623971
2024-10-09,2024,10,9,chokepoint7,Cape of Good Hope,19,43,7,4,20,73,93,1111288,3656554,47391,25306,1803103,4840540,6643644
2024-10-10,2024,10,10,chokepoint1,Suez Canal,10,8,4,0,7,22,29,184819,211874,25022,0,293554,421717,715271
2024-10-10,2024,10,10,chokepoint4,Bab el-Mandeb Strait,3,6,1,0,13,10,23,61866,442807,16122,0,381528,520796,902324
2024-10-10,2024,10,10,chokepoint7,Cape of Good Hope,12,45,4,2,19,63,82,725398,3040421,72069,6228,1317149,3844118,5161267
2024-10-11,2024,10,11,chokepoint1,Suez Canal,8,15,4,2,17,29,46,210631,405907,14816,1755,738961,633110,1372072
2024-10-11,2024,10,11,chokepoint4,Bab el-Mandeb Strait,3,5,8,1,6,17,23,19781,99961,72912,0,290527,192655,483182
2024-10-11,2024,10,11,chokepoint7,Cape of Good Hope,17,43,3,4,22,67,89,1047792,4266565,47257,24046,1363460,5385662,6749123
2024-10-12,2024,10,12,chokepoint1,Suez Canal,8,10,2,0,7,20,27,200146,488008,16200,0,218507,704354,922862
2024-10-12,2024,10,12,chokepoint4,Bab el-Mandeb Strait,12,11,0,1,21,24,45,198516,334737,0,0,704707,533254,1237961
2024-10-12,2024,10,12,chokepoint7,Cape of Good Hope,22,42,1,4,16,69,85,1297521,3036602,3275,33420,1064421,4370819,5435240
2024-10-13,2024,10,13,chokepoint1,Suez Canal,11,11,5,0,20,27,47,154743,245318,10638,0,412480,410701,823182
2024-10-13,2024,10,13,chokepoint4,Bab el-Mandeb Strait,7,11,3,0,14,21,35,101973,699951,7833,0,908752,809758,1718510
2024-10-13,2024,10,13,chokepoint7,Cape of Good Hope,21,43,4,2,26,70,96,1013551,3755204,25279,4618,1511793,4798654,6310447
2024-10-14,2024,10,14,chokepoint1,Suez Canal,17,13,2,0,10,32,42,289260,490548,10698,0,330344,790507,1120852
2024-10-14,2024,10,14,chokepoint4,Bab el-Mandeb Strait,4,7,4,1,9,16,25,45687,233324,28541,4604,142490,312157,454648
2024-10-14,2024,10,14,chokepoint7,Cape of Good Hope,13,31,6,2,21,52,73,954860,2965144,62871,10009,1619812,3992885,5612698
2024-10-15,2024,10,15,chokepoint1,Suez Canal,7,10,3,0,15,20,35,134610,415132,2050,0,640012,551792,1191805
2024-10-15,2024,10,15,chokepoint4,Bab el-Mandeb Strait,5,10,1,0,9,16,25,87618,307369,3201,0,461533,398188,859722
2024-10-15,2024,10,15,chokepoint7,Cape of Good Hope,14,26,4,2,18,46,64,1022275,1640509,61255,5384,666289,2729424,3395714
2024-10-16,2024,10,16,chokepoint1,Suez Canal,12,3,3,0,19,18,37,347808,173942,28440,0,772402,550191,1322594
2024-10-16,2024,10,16,chokepoint4,Bab el-Mandeb Strait,6,10,6,0,6,22,28,106521,353599,25854,0,302887,485975,788862
2024-10-16,2024,10,16,chokepoint7,Cape of Good Hope,20,52,5,2,24,79,103,1183322,3774563,71873,9475,1899285,5039234,6938520
2024-10-17,2024,10,17,chokepoint1,Suez Canal,7,8,4,1,17,20,37,102336,238959,13969,243,777044,355509,1132554
2024-10-17,2024,10,17,chokepoint4,Bab el-Mandeb Strait,8,8,4,1,8,21,29,63625,263281,17269,0,386476,344176,730652
2024-10-17,2024,10,17,chokepoint7,Cape of Good Hope,17,44,4,4,14,69,83,942209,2866178,25407,28508,1617267,3862305,5479572
2024-10-18,2024,10,18,chokepoint1,Suez Canal,9,13,5,0,11,27,38,158036,724609,65742,0,234689,948388,1183078
2024-10-18,2024,10,18,chokepoint4,Bab el-Mandeb Strait,8,8,10,0,9,26,35,116302,288076,94866,0,253361,499245,752607
2024-10-18,2024,10,18,chokepoint7,Cape of Good Hope,31,30,3,1,23,65,88,1846140,1893066,6224,5104,822749,3750536,4573286
2024-10-19,2024,10,19,chokepoint1,Suez Canal,9,12,0,1,12,22,34,114513,821776,0,0,541973,936290,1478263
2024-10-19,2024,10,19,chokepoint4,Bab el-Mandeb Strait,6,7,5,0,11,18,29,78778,238348,8785,0,427570,325912,753482
2024-10-19,2024,10,19,chokepoint7,Cape of Good Hope,16,48,5,6,17,75,92,811104,3953913,69366,38753,857686,4873138,5730824
2024-10-20,2024,10,20,chokepoint1,Suez Canal,3,9,6,1,16,19,35,48292,329810,28475,3583,424688,410161,834850
2024-10-20,2024,10,20,chokepoint4,Bab el-Mandeb Strait,8,14,4,0,12,26,38,68825,556073,31810,0,979010,656709,1635719
2024-10-20,2024,10,20,chokepoint7,Cape of Good Hope,14,36,5,3,19,58,77,1048980,2332570,47978,29503,1376401,3459033,4835435
2024-10-21,2024,10,21,chokepoint1,Suez Canal,12,8,3,0,15,23,38,279836,265096,12991,0,422462,557924,980386
2024-10-21,2024,10,21,chokepoint4,Bab el-Mandeb Strait,6,7,2,0,18,15,33,54799,186411,9588,0,721086,250799,971885
2024-10-21,2024,10,21,chokepoint7,Cape of Good Hope,21,30,4,4,19,59,78,1028080,2643865,19399,31805,756093,3723150,4479244
2024-10-22,2024,10,22,chokepoint1,Suez Canal,16,11,4,0,9,31,40,203823,395073,11254,0,388548,610152,998700
2024-10-22,2024,10,22,chokepoint4,Bab el-Mandeb Strait,6,4,5,0,13,15,28,79490,156169,34788,0,501916,270447,772363
2024-10-22,2024,10,22,chokepoint7,Cape of Good Hope,18,39,5,1,19,63,82,914822,3286181,89995,0,1081955,4291000,5372955
2024-10-23,2024,10,23,chokepoint1,Suez Canal,6,8,5,0,8,19,27,138585,418802,25459,0,345434,582847,928281
2024-10-23,2024,10,23,chokepoint4,Bab el-Mandeb Strait,5,14,4,0,8,23,31,80971,708231,19102,0,240718,808305,1049024
2024-10-23,2024,10,23,chokepoint7,Cape of Good Hope,18,43,3,4,19,68,87,1030813,3051350,35658,21144,1401232,4138967,5540199
2024-10-24,2024,10,24,chokepoint1,Suez Canal,7,9,12,1,17,29,46,100074,314809,74580,0,683777,489463,1173241
2024-10-24,2024,10,24,chokepoint4,Bab el-Mandeb Strait,7,8,5,0,7,20,27,121318,483554,27991,0,636249,632865,1269114
2024-10-24,2024,10,24,chokepoint7,Cape of Good Hope,16,48,0,2,25,66,91,980551,4741895,0,9669,1050214,5732116,6782330
2024-10-25,2024,10,25,chokepoint1,Suez Canal,12,9,1,0,18,22,40,255407,261254,819,0,781758,517482,1299240
2024-10-25,2024,10,25,chokepoint4,Bab el-Mandeb Strait,8,9,5,0,10,22,32,140773,494934,23988,0,364198,659697,1023895
2024-10-25,2024,10,25,chokepoint7,Cape of Good Hope,25,39,8,5,31,77,108,1712111,2156727,169194,17220,1823636,4055253,5878889
2024-10-26,2024,10,26,chokepoint1,Suez Canal,9,11,5,0,12,25,37,165715,804318,21732,0,218814,991767,1210582
2024-10-26,2024,10,26,chokepoint4,Bab el-Mandeb Strait,6,15,4,0,4,25,29,65890,517697,17375,0,59514,600963,660478
2024-10-26,2024,10,26,chokepoint7,Cape of Good Hope,17,40,7,1,24,65,89,1212956,2745055,30789,5466,1950921,3994268,5945190
2024-10-27,2024,10,27,chokepoint1,Suez Canal,10,7,4,0,15,21,36,205962,238728,14251,0,568256,458942,1027199
2024-10-27,2024,10,27,chokepoint4,Bab el-Mandeb Strait,3,9,5,1,10,18,28,24614,428395,23101,0,560964,476111,1037075
2024-10-27,2024,10,27,chokepoint7,Cape of Good Hope,11,33,5,4,10,53,63,601192,2760719,58020,14544,814606,3434477,4249084
2024-10-28,2024,10,28,chokepoint1,Suez Canal,10,7,3,1,21,21,42,270057,200071,25948,1218,608165,497295,1105461
2024-10-28,2024,10,28,chokepoint4,Bab el-Mandeb Strait,5,10,7,2,12,24,36,68457,489141,48650,0,450349,606249,1056598
2024-10-28,2024,10,28,chokepoint7,Cape of Good Hope,14,26,3,3,14,46,60,959545,1314117,26669,19383,997544,2319715,3317260
2024-10-29,2024,10,29,chokepoint1,Suez Canal,11,7,6,0,15,24,39,345642,368860,21188,0,512104,735691,1247796
2024-10-29,2024,10,29,chokepoint4,Bab el-Mandeb Strait,6,15,3,0,14,24,38,119762,752976,10511,0,766512,883250,1649763
2024-10-29,2024,10,29,chokepoint7,Cape of Good Hope,37,36,8,11,15,92,107,2198139,2958137,111400,43963,1237548,5311640,6549189
2024-10-30,2024,10,30,chokepoint1,Suez Canal,7,9,3,1,17,20,37,238933,403186,20318,0,564915,662438,1227354
2024-10-30,2024,10,30,chokepoint4,Bab el-Mandeb Strait,3,9,4,0,12,16,28,26074,350475,2159,0,419789,378710,798500
2024-10-30,2024,10,30,chokepoint7,Cape of Good Hope,22,39,11,2,16,74,90,1261142,2545559,52165,4311,1087132,3863179,4950311
2024-10-31,2024,10,31,chokepoint1,Suez Canal,8,12,4,0,13,24,37,167229,652388,10462,0,726196,830080,1556277
2024-10-31,2024,10,31,chokepoint4,Bab el-Mandeb Strait,9,14,4,0,9,27,36,135225,576576,32266,0,240286,744068,984355
2024-10-31,2024,10,31,chokepoint7,Cape of Good Hope,23,40,5,6,25,74,99,1307873,2981627,3448,24472,1546188,4317421,5863610
2024-11-01,2024,11,1,chokepoint1,Suez Canal,9,12,8,0,12,29,41,245142,541546,32829,0,648456,819518,1467974
2024-11-01,2024,11,1,chokepoint4,Bab el-Mandeb Strait,9,10,5,2,8,26,34,109087,486493,41903,4921,380141,642406,1022547
2024-11-01,2024,11,1,chokepoint7,Cape of Good Hope,25,34,7,3,23,69,92,1727690,1897191,81113,18110,1023633,3724105,4747738
2024-11-02,2024,11,2,chokepoint1,Suez Canal,10,18,2,1,17,31,48,169962,880976,22075,760,582603,1073774,1656377
2024-11-02,2024,11,2,chokepoint4,Bab el-Mandeb Strait,9,8,5,0,8,22,30,128329,346262,2555,0,368666,477147,845814
2024-11-02,2024,11,2,chokepoint7,Cape of Good Hope,22,50,4,2,17,78,95,1227044,3261492,74004,4867,786688,4567408,5354096
2024-11-03,2024,11,3,chokepoint1,Suez Canal,4,6,0,0,12,10,22,68950,408114,0,0,706144,477065,1183209
2024-11-03,2024,11,3,chokepoint4,Bab el-Mandeb Strait,8,6,5,0,16,19,35,85241,332775,36836,0,374333,454853,829186
2024-11-03,2024,11,3,chokepoint7,Cape of Good Hope,20,51,6,2,13,79,92,1336432,3685841,35655,12689,811488,5070618,5882106
2024-11-04,2024,11,4,chokepoint1,Suez Canal,9,8,4,0,10,21,31,184294,483452,17905,0,59206,685653,744860
2024-11-04,2024,11,4,chokepoint4,Bab el-Mandeb Strait,6,9,3,0,10,18,28,104066,258150,12151,0,517069,374368,891437
2024-11-04,2024,11,4,chokepoint7,Cape of Good Hope,12,37,1,2,18,52,70,747757,2266592,2393,9003,959569,3025747,3985316
2024-11-05,2024,11,5,chokepoint1,Suez Canal,9,7,5,1,13,22,35,194472,343170,17164,0,476812,554806,1031618
2024-11-05,2024,11,5,chokepoint4,Bab el-Mandeb Strait,7,15,7,1,17,30,47,73434,748613,47644,6492,438722,876185,1314908
2024-11-05,2024,11,5,chokepoint7,Cape of Good Hope,20,46,4,3,19,73,92,1157354,3382680,80976,11762,1419882,4632773,6052656
2024-11-06,2024,11,6,chokepoint1,Suez Canal,12,10,4,0,22,26,48,247000,500103,11699,0,951933,758804,1710737
2024-11-06,2024,11,6,chokepoint4,Bab el-Mandeb Strait,4,14,6,2,17,26,43,71524,645006,44055,0,824085,760586,1584672
2024-11-06,2024,11,6,chokepoint7,Cape of Good Hope,24,40,4,2,14,70,84,1190062,2495729,24708,11616,988715,3722117,4710832
2024-11-07,2024,11,7,chokepoint1,Suez Canal,9,7,4,2,15,22,37,84454,302421,7208,3139,618802,397224,1016026
2024-11-07,2024,11,7,chokepoint4,Bab el-Mandeb Strait,9,9,2,0,12,20,32,117801,387659,18410,0,366633,523872,890506
2024-11-07,2024,11,7,chokepoint7,Cape of Good Hope,14,34,3,1,10,52,62,940461,2263291,74795,1517,139841,3280065,3419907
2024-11-08,2024,11,8,chokepoint1,Suez Canal,10,7,3,1,10,21,31,285754,288162,66090,1218,564657,641226,1205883
2024-11-08,2024,11,8,chokepoint4,Bab el-Mandeb Strait,10,6,4,0,12,20,32,137552,222513,5035,0,602538,365101,967639
2024-11-08,2024,11,8,chokepoint7,Cape of Good Hope,18,40,2,5,15,65,80,1155078,3235991,25449,25353,906218,4441872,5348091
2024-11-09,2024,11,9,chokepoint1,Suez Canal,10,10,5,0,13,25,38,220565,393640,25743,0,333436,639949,973385
2024-11-09,2024,11,9,chokepoint4,Bab el-Mandeb Strait,5,8,6,1,9,20,29,53433,309836,10184,760,492878,374214,867093
2024-11-09,2024,11,9,chokepoint7,Cape of Good Hope,12,41,4,3,16,60,76,830796,2415807,13285,46940,1449901,3306829,4756731
2024-11-10,2024,11,10,chokepoint1,Suez Canal,4,8,6,0,18,18,36,43260,417386,8067,0,728339,468714,1197053
2024-11-10,2024,11,10,chokepoint4,Bab el-Mandeb Strait,3,12,2,1,13,18,31,20685,743123,4070,0,546154,767878,1314033
2024-11-10,2024,11,10,chokepoint7,Cape of Good Hope,22,38,6,4,20,70,90,1065122,2148404,43596,13669,882041,3270793,4152834
2024-11-11,2024,11,11,chokepoint1,Suez Canal,9,7,6,1,19,23,42,144787,361091,60776,6492,728642,573148,1301790
2024-11-11,2024,11,11,chokepoint4,Bab el-Mandeb Strait,9,10,2,0,7,21,28,115602,487718,10336,0,734171,613656,1347827
2024-11-11,2024,11,11,chokepoint7,Cape of Good Hope,20,49,5,6,16,80,96,1143811,3447372,34096,28999,821791,4654279,5476071
2024-11-12,2024,11,12,chokepoint1,Suez Canal,6,9,5,2,21,22,43,118315,504645,16691,3090,922919,642742,1565662
2024-11-12,2024,11,12,chokepoint4,Bab el-Mandeb Strait,10,10,3,0,16,23,39,135775,523832,40990,0,448264,700598,1148863
2024-11-12,2024,11,12,chokepoint7,Cape of Good Hope,19,46,6,4,17,75,92,1450384,3781711,46636,8115,948440,5286849,6235289
2024-11-13,2024,11,13,chokepoint1,Suez Canal,9,9,4,1,13,23,36,328030,379166,15928,0,117793,723125,840919
2024-11-13,2024,11,13,chokepoint4,Bab el-Mandeb Strait,6,9,7,0,14,22,36,47371,363232,38547,0,859681,449151,1308833
2024-11-13,2024,11,13,chokepoint7,Cape of Good Hope,12,57,4,5,17,78,95,715463,3801597,21312,16553,1241887,4554927,5796814
2024-11-14,2024,11,14,chokepoint1,Suez Canal,11,10,7,1,11,29,40,303948,376276,20293,0,594318,700519,1294837
2024-11-14,2024,11,14,chokepoint4,Bab el-Mandeb Strait,6,12,2,1,10,21,31,70970,480294,4296,0,424804,555561,980366
2024-11-14,2024,11,14,chokepoint7,Cape of Good Hope,19,42,2,5,14,68,82,1250267,2206746,31837,25036,925942,3513887,4439829
2024-11-15,2024,11,15,chokepoint1,Suez Canal,7,6,4,0,8,17,25,93607,252655,2029,0,516488,348292,864781
2024-11-15,2024,11,15,chokepoint4,Bab el-Mandeb Strait,6,6,6,0,9,18,27,56585,259447,23977,0,493774,340010,833784
2024-11-15,2024,11,15,chokepoint7,Cape of Good Hope,23,40,4,2,19,69,88,1175046,3062649,58753,8248,421108,4304698,4725807
2024-11-16,2024,11,16,chokepoint1,Suez Canal,9,8,3,1,14,21,35,100573,265455,7958,0,505899,373986,879886
2024-11-16,2024,11,16,chokepoint4,Bab el-Mandeb Strait,4,10,8,0,17,22,39,46254,448613,103175,0,945131,598043,1543174
2024-11-16,2024,11,16,chokepoint7,Cape of Good Hope,16,38,2,3,18,59,77,1032669,1875314,4098,25074,1104198,2937156,4041355
2024-11-17,2024,11,17,chokepoint1,Suez Canal,5,6,4,0,13,15,28,123144,311306,22583,0,235095,457034,692130
2024-11-17,2024,11,17,chokepoint4,Bab el-Mandeb Strait,7,12,6,0,11,25,36,45657,526381,29757,0,254886,601796,856683
2024-11-17,2024,11,17,chokepoint7,Cape of Good Hope,17,36,6,5,26,64,90,972272,3415639,74814,23283,1466082,4486009,5952091
2024-11-18,2024,11,18,chokepoint1,Suez Canal,12,9,3,0,7,24,31,261239,336274,8144,0,209617,605657,815275
2024-11-18,2024,11,18,chokepoint4,Bab el-Mandeb Strait,8,8,1,2,8,19,27,83770,296728,3060,2959,500354,386518,886872
2024-11-18,2024,11,18,chokepoint7,Cape of Good Hope,24,35,7,4,18,70,88,1413704,2589767,86282,10944,1387947,4100698,5488645
2024-11-19,2024,11,19,chokepoint1,Suez Canal,12,13,2,0,12,27,39,220569,485866,9785,0,560367,716220,1276587
2024-11-19,2024,11,19,chokepoint4,Bab el-Mandeb Strait,4,11,3,0,12,18,30,61202,429680,11306,0,623389,502188,1125578
2024-11-19,2024,11,19,chokepoint7,Cape of Good Hope,22,45,5,1,14,73,87,1501687,3007938,57040,6099,751059,4572766,5323826
2024-11-20,2024,11,20,chokepoint1,Suez Canal,6,10,1,1,10,18,28,187248,586127,5187,0,552203,778562,1330766
2024-11-20,2024,11,20,chokepoint4,Bab el-Mandeb Strait,4,8,3,1,13,16,29,38705,280843,19771,0,436100,339320,775420
2024-11-20,2024,11,20,chokepoint7,Cape of Good Hope,19,41,3,5,21,68,89,1166821,3343332,43544,22563,1171173,4576261,5747435
2024-11-21,2024,11,21,chokepoint1,Suez Canal,11,6,4,4,10,25,35,247221,202589,8475,0,302248,458285,760533
2024-11-21,2024,11,21,chokepoint4,Bab el-Mandeb Strait,6,7,4,0,7,17,24,167175,176014,34556,0,129985,377745,507731
2024-11-21,2024,11,21,chokepoint7,Cape of Good Hope,22,36,4,5,17,67,84,1522175,3039138,22621,23698,839006,4607633,5446640
2024-11-22,2024,11,22,chokepoint1,Suez Canal,6,8,4,1,17,19,36,59434,397341,23281,0,624170,480057,1104227
2024-11-22,2024,11,22,chokepoint4,Bab el-Mandeb Strait,6,12,4,0,11,22,33,106632,479668,16812,0,327460,603112,930573
2024-11-22,2024,11,22,chokepoint7,Cape of Good Hope,22,38,3,1,19,64,83,1239214,2587884,22271,4920,1439044,3854291,5293335
2024-11-23,2024,11,23,chokepoint1,Suez Canal,16,14,3,1,16,34,50,330311,481240,12081,0,788032,823633,1611666
2024-11-23,2024,11,23,chokepoint4,Bab el-Mandeb Strait,6,9,5,0,9,20,29,71763,480473,25034,0,383260,577272,960533
2024-11-23,2024,11,23,chokepoint7,Cape of Good Hope,17,41,7,4,23,69,92,1026150,2845159,51925,7163,1716054,3930399,5646454
2024-11-24,2024,11,24,chokepoint1,Suez Canal,12,11,3,0,19,26,45,101295,512533,9107,0,1178070,622936,1801007
2024-11-24,2024,11,24,chokepoint4,Bab el-Mandeb Strait,13,16,6,1,8,36,44,189378,459580,38716,0,473427,687675,1161103
2024-11-24,2024,11,24,chokepoint7,Cape of Good Hope,17,41,9,4,25,71,96,857615,3394575,98742,32672,1525851,4383605,5909457
2024-11-25,2024,11,25,chokepoint1,Suez Canal,8,9,1,0,14,18,32,84990,195026,5479,0,102443,285496,387940
2024-11-25,2024,11,25,chokepoint4,Bab el-Mandeb Strait,7,9,4,3,12,23,35,66517,575739,43095,448,229014,685801,914815
2024-11-25,2024,11,25,chokepoint7,Cape of Good Hope,20,44,5,2,8,71,79,1032536,3037583,40797,14303,434476,4125221,4559697
2024-11-26,2024,11,26,chokepoint1,Suez Canal,6,6,5,0,12,17,29,175081,124227,12911,0,541655,312220,853875
2024-11-26,2024,11,26,chokepoint4,Bab el-Mandeb Strait,8,8,4,2,16,22,38,103035,382543,14573,0,699894,500153,1200048
2024-11-26,2024,11,26,chokepoint7,Cape of Good Hope,10,27,0,2,15,39,54,782895,2203891,0,3809,1040117,2990596,4030714
2024-11-27,2024,11,27,chokepoint1,Suez Canal,6,9,2,1,13,18,31,149617,251067,1525,6492,688868,408703,1097572
2024-11-27,2024,11,27,chokepoint4,Bab el-Mandeb Strait,8,10,4,0,7,22,29,126436,433044,38843,0,435215,598325,1033541
2024-11-27,2024,11,27,chokepoint7,Cape of Good Hope,19,29,3,2,8,53,61,1002282,2444437,12605,13283,243248,3472609,3715858
2024-11-28,2024,11,28,chokepoint1,Suez Canal,15,14,7,1,10,37,47,189416,855640,24569,0,375472,1069625,1445097
2024-11-28,2024,11,28,chokepoint4,Bab el-Mandeb Strait,7,6,2,2,13,17,30,52278,448786,8909,10826,684506,520800,1205307
2024-11-28,2024,11,28,chokepoint7,Cape of Good Hope,30,28,4,5,17,67,84,1746130,1428241,32070,19550,1067731,3225992,4293723
2024-11-29,2024,11,29,chokepoint1,Suez Canal,6,6,5,0,8,17,25,132068,326608,56898,0,143321,515575,658896
2024-11-29,2024,11,29,chokepoint4,Bab el-Mandeb Strait,14,5,4,1,10,24,34,159936,212010,12837,0,465372,384783,850155
2024-11-29,2024,11,29,chokepoint7,Cape of Good Hope,23,37,4,2,12,66,78,1076242,2586492,45686,1643,705286,3710064,4415350
2024-11-30,2024,11,30,chokepoint1,Suez Canal,9,11,2,1,10,23,33,326183,330580,33395,0,482504,690159,1172664
2024-11-30,2024,11,30,chokepoint4,Bab el-Mandeb Strait,8,8,5,0,9,21,30,70801,161759,45439,0,432922,277999,710922
2024-11-30,2024,11,30,chokepoint7,Cape of Good Hope,14,39,4,2,21,59,80,1109892,3157085,52391,8848,951755,4328217,5279973
2024-12-01,2024,12,1,chokepoint1,Suez Canal,9,9,2,0,15,20,35,114081,406689,29729,0,348382,550500,898882
2024-12-01,2024,12,1,chokepoint4,Bab el-Mandeb Strait,4,5,5,0,16,14,30,48122,113497,40490,0,1161196,202111,1363307
2024-12-01,2024,12,1,chokepoint7,Cape of Good Hope,15,40,6,4,17,65,82,1037921,3633422,62058,17687,797815,4751089,5548905
2024-12-02,2024,12,2,chokepoint1,Suez Canal,8,11,4,1,10,24,34,177704,302390,23813,1218,352441,505126,857568
2024-12-02,2024,12,2,chokepoint4,Bab el-Mandeb Strait,5,6,1,0,8,12,20,56659,114619,4113,0,116388,175392,291780
2024-12-02,2024,12,2,chokepoint7,Cape of Good Hope,25,36,7,3,15,71,86,1722845,2112928,47888,14594,1254352,3898257,5152610
2024-12-03,2024,12,3,chokepoint1,Suez Canal,9,8,2,0,12,19,31,95894,264262,3716,0,608972,363873,972846
2024-12-03,2024,12,3,chokepoint4,Bab el-Mandeb Strait,6,11,3,0,12,20,32,72111,265408,48196,0,684162,385717,1069879
2024-12-03,2024,12,3,chokepoint7,Cape of Good Hope,29,48,4,3,23,84,107,1833418,4282524,10118,12231,1515543,6138294,7653838
2024-12-04,2024,12,4,chokepoint1,Suez Canal,9,8,3,0,10,20,30,174520,366357,8062,0,564672,548941,1113613
2024-12-04,2024,12,4,chokepoint4,Bab el-Mandeb Strait,3,11,2,0,13,16,29,20035,577985,3616,0,260424,601637,862061
2024-12-04,2024,12,4,chokepoint7,Cape of Good Hope,20,33,10,3,23,66,89,993926,2312565,153628,11347,2059282,3471468,5530750
2024-12-05,2024,12,5,chokepoint1,Suez Canal,9,13,7,1,16,30,46,162033,582220,33872,448,623393,778575,1401969
2024-12-05,2024,12,5,chokepoint4,Bab el-Mandeb Strait,5,7,5,1,11,18,29,58644,299238,41019,6055,457782,404958,862741
2024-12-05,2024,12,5,chokepoint7,Cape of Good Hope,22,36,3,3,16,64,80,1031043,3105538,22370,10857,1582630,4169809,5752440
2024-12-06,2024,12,6,chokepoint1,Suez Canal,10,5,0,0,16,15,31,323005,376184,0,0,614013,699190,1313203
2024-12-06,2024,12,6,chokepoint4,Bab el-Mandeb Strait,5,14,7,0,14,26,40,63310,461994,50430,0,544334,575735,1120069
2024-12-06,2024,12,6,chokepoint7,Cape of Good Hope,13,33,3,1,11,50,61,858086,2143506,25057,2577,678163,3029227,3707391
2024-12-07,2024,12,7,chokepoint1,Suez Canal,8,5,3,0,18,16,34,236022,118305,17408,0,706121,371736,1077858
2024-12-07,2024,12,7,chokepoint4,Bab el-Mandeb Strait,9,7,6,1,7,23,30,132115,448400,17993,0,101660,598509,700169
2024-12-07,2024,12,7,chokepoint7,Cape of Good Hope,14,40,5,4,15,63,78,839967,3611745,23013,12464,1231396,4487191,5718588
2024-12-08,2024,12,8,chokepoint1,Suez Canal,9,14,4,1,13,28,41,201590,568836,17746,5677,816704,793850,1610555
2024-12-08,2024,12,8,chokepoint4,Bab el-Mandeb Strait,8,5,5,0,7,18,25,135940,188430,23184,0,546013,347556,893569
2024-12-08,2024,12,8,chokepoint7,Cape of Good Hope,18,43,5,0,21,66,87,1149995,2817765,56017,0,1003231,4023778,5027010
2024-12-09,2024,12,9,chokepoint1,Suez Canal,12,12,6,0,8,30,38,265637,561572,57440,0,323729,884650,1208380
2024-12-09,2024,12,9,chokepoint4,Bab el-Mandeb Strait,5,8,5,0,13,18,31,59372,311967,21171,0,472743,392511,865254
2024-12-09,2024,12,9,chokepoint7,Cape of Good Hope,23,37,3,4,13,67,80,1427966,2077102,45538,22721,588185,3573328,4161514
2024-12-10,2024,12,10,chokepoint1,Suez Canal,7,12,2,0,13,21,34,97061,717901,10120,0,395118,825083,1220202
2024-12-10,2024,12,10,chokepoint4,Bab el-Mandeb Strait,12,17,3,0,8,32,40,194310,899407,2796,0,464478,1096514,1560993
2024-12-10,2024,12,10,chokepoint7,Cape of Good Hope,21,30,3,1,16,55,71,1188980,3061633,62239,0,1068846,4312853,5381700
2024-12-11,2024,12,11,chokepoint1,Suez Canal,14,15,4,2,21,35,56,275282,710104,21755,1703,817268,1008846,1826114
2024-12-11,2024,12,11,chokepoint4,Bab el-Mandeb Strait,8,8,9,0,13,25,38,57143,391275,99078,0,676855,547496,1224352
2024-12-11,2024,12,11,chokepoint7,Cape of Good Hope,22,30,2,4,15,58,73,1436939,2146740,12804,8872,946284,3605356,4551641
2024-12-12,2024,12,12,chokepoint1,Suez Canal,5,2,3,0,0,10,10,231668,51686,13057,0,0,296411,296411
2024-12-12,2024,12,12,chokepoint4,Bab el-Mandeb Strait,6,10,7,0,18,23,41,75238,377247,33150,0,874648,485636,1360284
2024-12-12,2024,12,12,chokepoint7,Cape of Good Hope,12,33,4,6,19,55,74,757590,2218213,45967,33457,1015885,3055228,4071113
2024-12-13,2024,12,13,chokepoint1,Suez Canal,9,7,2,0,19,18,37,237478,227736,2810,0,825085,468024,1293109
2024-12-13,2024,12,13,chokepoint4,Bab el-Mandeb Strait,7,13,4,1,9,25,34,92180,537451,67067,6258,630053,702958,1333012
2024-12-13,2024,12,13,chokepoint7,Cape of Good Hope,15,27,5,1,24,48,72,1119933,3039814,3402,13200,1295592,4176350,5471942
2024-12-14,2024,12,14,chokepoint1,Suez Canal,7,9,3,0,11,19,30,85157,529141,13728,0,354207,628027,982235
2024-12-14,2024,12,14,chokepoint4,Bab el-Mandeb Strait,8,14,7,0,9,29,38,82354,704204,68619,0,241529,855178,1096708
2024-12-14,2024,12,14,chokepoint7,Cape of Good Hope,22,39,3,4,13,68,81,1109927,2768229,44960,25227,704921,3948344,4653266
2024-12-15,2024,12,15,chokepoint1,Suez Canal,7,9,3,0,14,19,33,128247,442992,5441,0,501654,576681,1078335
2024-12-15,2024,12,15,chokepoint4,Bab el-Mandeb Strait,7,19,5,1,11,32,43,132233,895432,56936,5611,454865,1090213,1545078
2024-12-15,2024,12,15,chokepoint7,Cape of Good Hope,13,41,6,3,16,63,79,1006393,2701321,18131,11534,558785,3737380,4296165
2024-12-16,2024,12,16,chokepoint1,Suez Canal,11,8,8,1,13,28,41,207407,322069,31673,1095,831701,562246,1393948
2024-12-16,2024,12,16,chokepoint4,Bab el-Mandeb Strait,4,13,2,0,9,19,28,62376,783481,11184,0,441581,857042,1298624
2024-12-16,2024,12,16,chokepoint7,Cape of Good Hope,18,39,3,1,12,61,73,869011,2708538,108670,4400,897718,3690620,4588339
2024-12-17,2024,12,17,chokepoint1,Suez Canal,10,11,10,1,14,32,46,172965,336008,35223,2272,586022,546470,1132493
2024-12-17,2024,12,17,chokepoint4,Bab el-Mandeb Strait,6,6,2,0,8,14,22,96259,267802,11506,0,510771,375568,886340
2024-12-17,2024,12,17,chokepoint7,Cape of Good Hope,26,29,7,2,12,64,76,1802332,1790530,81037,12151,1268739,3686051,4954790
2024-12-18,2024,12,18,chokepoint1,Suez Canal,9,13,3,0,14,25,39,179014,600530,7992,0,536150,787537,1323687
2024-12-18,2024,12,18,chokepoint4,Bab el-Mandeb Strait,5,11,9,0,11,25,36,127398,584352,38432,0,386806,750183,1136990
2024-12-18,2024,12,18,chokepoint7,Cape of Good Hope,20,39,6,7,28,72,100,1070527,2816850,23684,34962,1626504,3946024,5572528
2024-12-19,2024,12,19,chokepoint1,Suez Canal,7,13,5,0,10,25,35,159692,515817,38953,0,429736,714463,1144199
2024-12-19,2024,12,19,chokepoint4,Bab el-Mandeb Strait,6,6,2,0,8,14,22,89363,291826,11295,0,345852,392486,738339
2024-12-19,2024,12,19,chokepoint7,Cape of Good Hope,23,41,5,1,17,70,87,1537317,3192960,52235,5014,1064333,4787527,5851860
2024-12-20,2024,12,20,chokepoint1,Suez Canal,8,15,6,0,17,29,46,181039,428640,15435,0,908465,625115,1533580
2024-12-20,2024,12,20,chokepoint4,Bab el-Mandeb Strait,8,5,3,0,11,16,27,100059,293088,5340,0,775627,398487,1174115
2024-12-20,2024,12,20,chokepoint7,Cape of Good Hope,14,36,7,2,18,59,77,725141,2539819,51728,6914,1092324,3323604,4415928
2024-12-21,2024,12,21,chokepoint1,Suez Canal,8,12,7,0,11,27,38,106259,637099,12931,0,362376,756289,1118666
2024-12-21,2024,12,21,chokepoint4,Bab el-Mandeb Strait,8,11,3,1,8,23,31,96561,438083,28465,1703,221054,564812,785866
2024-12-21,2024,12,21,chokepoint7,Cape of Good Hope,20,40,4,2,13,66,79,1398891,2949436,61236,5475,1192855,4415040,5607896
2024-12-22,2024,12,22,chokepoint1,Suez Canal,9,8,3,0,17,20,37,180089,294409,72229,0,558463,546728,1105191
2024-12-22,2024,12,22,chokepoint4,Bab el-Mandeb Strait,3,9,5,1,9,18,27,26484,282938,35265,0,557726,344688,902414
2024-12-22,2024,12,22,chokepoint7,Cape of Good Hope,15,45,3,4,22,67,89,1063209,3127576,53945,17831,1996365,4262562,6258928
2024-12-23,2024,12,23,chokepoint1,Suez Canal,9,9,5,1,12,24,36,161453,555593,20257,6160,845820,743465,1589286
2024-12-23,2024,12,23,chokepoint4,Bab el-Mandeb Strait,2,8,2,0,11,12,23,57928,313166,2798,0,565725,373893,939619
2024-12-23,2024,12,23,chokepoint7,Cape of Good Hope,20,42,3,2,18,67,85,1312650,3376620,23644,2192,1179540,4715106,5894646
2024-12-24,2024,12,24,chokepoint1,Suez Canal,9,12,5,0,13,26,39,212667,751403,27735,0,482588,991806,1474395
2024-12-24,2024,12,24,chokepoint4,Bab el-Mandeb Strait,9,8,3,0,11,20,31,110409,470553,19326,0,643658,600288,1243947
2024-12-24,2024,12,24,chokepoint7,Cape of Good Hope,24,37,2,2,17,65,82,998125,2348570,30485,8964,1280119,3386145,4666265
2024-12-25,2024,12,25,chokepoint1,Suez Canal,10,3,2,1,13,16,29,294727,198501,8330,4289,676602,505849,1182452
2024-12-25,2024,12,25,chokepoint4,Bab el-Mandeb Strait,8,4,2,1,16,15,31,73936,122802,6531,1095,699875,204366,904241
2024-12-25,2024,12,25,chokepoint7,Cape of Good Hope,20,40,5,5,19,70,89,1218808,2795164,35765,22879,700587,4072618,4773205
2024-12-26,2024,12,26,chokepoint1,Suez Canal,11,8,2,1,17,22,39,191815,361651,5105,0,555243,558572,1113815
2024-12-26,2024,12,26,chokepoint4,Bab el-Mandeb Strait,2,8,8,0,19,18,37,45170,284541,46073,0,655499,375786,1031285
2024-12-26,2024,12,26,chokepoint7,Cape of Good Hope,15,32,5,6,17,58,75,836613,1680959,66992,36087,1315906,2620653,3936560
2024-12-27,2024,12,27,chokepoint1,Suez Canal,7,13,3,0,15,23,38,284943,845687,8531,0,1133331,1139162,2272494
2024-12-27,2024,12,27,chokepoint4,Bab el-Mandeb Strait,6,10,4,0,9,20,29,73326,356867,41226,0,443302,471421,914723
2024-12-27,2024,12,27,chokepoint7,Cape of Good Hope,25,41,9,2,16,77,93,1562696,2957445,51799,2968,1189609,4574910,5764520
2024-12-28,2024,12,28,chokepoint1,Suez Canal,9,6,4,1,13,20,33,267487,267394,27248,0,388456,562129,950586
2024-12-28,2024,12,28,chokepoint4,Bab el-Mandeb Strait,8,9,5,0,11,22,33,83374,647939,23152,0,599239,754466,1353705
2024-12-28,2024,12,28,chokepoint7,Cape of Good Hope,13,41,4,4,15,62,77,657217,4089763,22515,24292,768485,4793788,5562273
2024-12-29,2024,12,29,chokepoint1,Suez Canal,9,3,4,0,12,16,28,125942,107346,2552,0,246574,235841,482416
2024-12-29,2024,12,29,chokepoint4,Bab el-Mandeb Strait,6,10,6,0,14,22,36,82200,568234,48749,0,303842,699184,1003027
2024-12-29,2024,12,29,chokepoint7,Cape of Good Hope,16,37,5,3,10,61,71,1274071,2808195,48030,18361,329220,4148658,4477878
2024-12-30,2024,12,30,chokepoint1,Suez Canal,11,11,1,1,11,24,35,191392,781519,12813,0,432523,985725,1418249
2024-12-30,2024,12,30,chokepoint4,Bab el-Mandeb Strait,8,7,5,1,17,21,38,80243,347423,25746,4093,865963,457507,1323470
2024-12-30,2024,12,30,chokepoint7,Cape of Good Hope,20,44,3,1,11,68,79,1015353,3359627,21417,9881,426859,4406279,4833138
2024-12-31,2024,12,31,chokepoint1,Suez Canal,4,6,4,0,10,14,24,25026,207580,17243,0,294009,249850,543859
2024-12-31,2024,12,31,chokepoint4,Bab el-Mandeb Strait,6,12,6,0,10,24,34,81005,405437,36515,0,299075,522958,822033
2024-12-31,2024,12,31,chokepoint7,Cape of Good Hope,14,32,3,6,20,55,75,854987,2306190,28036,29653,980395,3218868,4199263
2025-01-01,2025,1,1,chokepoint1,Suez Canal,7,13,3,0,9,23,32,149058,564789,13897,0,397288,727745,1125034
2025-01-01,2025,1,1,chokepoint4,Bab el-Mandeb Strait,5,18,5,2,16,30,46,72003,781626,47096,0,1008015,900726,1908742
2025-01-01,2025,1,1,chokepoint7,Cape of Good Hope,26,31,5,1,16,63,79,1770838,2461424,60349,5548,1211920,4298161,5510081
2025-01-02,2025,1,2,chokepoint1,Suez Canal,12,5,6,1,8,24,32,270572,293536,54720,2730,446283,621560,1067844
2025-01-02,2025,1,2,chokepoint4,Bab el-Mandeb Strait,10,11,8,0,7,29,36,169967,324149,34093,0,152222,528210,680433
2025-01-02,2025,1,2,chokepoint7,Cape of Good Hope,14,37,3,1,11,55,66,887683,2975296,21667,6214,194275,3890862,4085138
2025-01-03,2025,1,3,chokepoint1,Suez Canal,13,7,7,2,20,29,49,241874,512716,39557,1218,775063,795367,1570431
2025-01-03,2025,1,3,chokepoint4,Bab el-Mandeb Strait,6,3,7,1,4,17,21,115037,44273,43540,0,0,202851,202851
2025-01-03,2025,1,3,chokepoint7,Cape of Good Hope,22,41,5,7,24,75,99,1083095,3044995,84720,27829,1462206,4240640,5702847
2025-01-04,2025,1,4,chokepoint1,Suez Canal,6,8,2,0,13,16,29,97328,322766,8358,0,348425,428454,776879
2025-01-04,2025,1,4,chokepoint4,Bab el-Mandeb Strait,8,10,2,0,5,20,25,67019,815897,22017,0,371840,904934,1276775
2025-01-04,2025,1,4,chokepoint7,Cape of Good Hope,18,37,4,3,26,62,88,1017311,2541370,69231,9633,1354492,3637547,4992039
2025-01-05,2025,1,5,chokepoint1,Suez Canal,9,2,4,1,14,16,30,265552,54266,25642,0,522191,345461,867653
2025-01-05,2025,1,5,chokepoint4,Bab el-Mandeb Strait,4,9,4,1,9,18,27,59054,989115,19585,0,441294,1067755,1509049
2025-01-05,2025,1,5,chokepoint7,Cape of Good Hope,22,39,3,1,16,65,81,1709207,2664278,24821,0,974360,4398307,5372667
2025-01-06,2025,1,6,chokepoint1,Suez Canal,12,22,4,1,16,39,55,229511,875916,23091,3583,437761,1132103,1569864
2025-01-06,2025,1,6,chokepoint4,Bab el-Mandeb Strait,7,11,3,0,10,21,31,67089,409692,20889,0,292073,497672,789746
2025-01-06,2025,1,6,chokepoint7,Cape of Good Hope,16,48,2,3,13,69,82,733906,3511831,55101,26826,755845,4327666,5083512
2025-01-07,2025,1,7,chokepoint1,Suez Canal,8,14,3,0,16,25,41,71675,572357,25673,0,777740,669707,1447447
2025-01-07,2025,1,7,chokepoint4,Bab el-Mandeb Strait,3,11,1,1,10,16,26,51472,420165,1601,0,712293,473239,1185532
2025-01-07,2025,1,7,chokepoint7,Cape of Good Hope,23,29,3,3,18,58,76,1491880,1519407,14034,14995,1729938,3040318,4770256
2025-01-08,2025,1,8,chokepoint1,Suez Canal,7,9,6,1,9,23,32,208195,400512,23462,0,138880,632170,771051
2025-01-08,2025,1,8,chokepoint4,Bab el-Mandeb Strait,9,9,7,1,13,26,39,128091,550609,29729,4092,335691,712522,1048213
2025-01-08,2025,1,8,chokepoint7,Cape of Good Hope,18,36,5,2,14,61,75,1095131,2010721,57381,0,781471,3163234,3944706
2025-01-09,2025,1,9,chokepoint1,Suez Canal,10,10,6,0,10,26,36,301091,397669,12636,0,618410,711397,1329807
2025-01-09,2025,1,9,chokepoint4,Bab el-Mandeb Strait,6,8,3,1,9,18,27,76042,385895,38104,4029,389773,504071,893845
2025-01-09,2025,1,9,chokepoint7,Cape of Good Hope,16,32,2,6,8,56,64,866990,2105401,14063,25464,453882,3011920,3465802
2025-01-10,2025,1,10,chokepoint1,Suez Canal,11,12,5,0,8,28,36,212732,407689,11900,0,329734,632322,962057
2025-01-10,2025,1,10,chokepoint4,Bab el-Mandeb Strait,6,8,5,0,15,19,34,49974,338229,25227,0,469122,413431,882554
2025-01-10,2025,1,10,chokepoint7,Cape of Good Hope,16,40,11,8,20,75,95,1017272,2826938,98528,36881,1296796,3979620,5276416
2025-01-11,2025,1,11,chokepoint1,Suez Canal,11,9,5,1,11,26,37,263036,830404,28136,0,576131,1121577,1697708
2025-01-11,2025,1,11,chokepoint4,Bab el-Mandeb Strait,6,10,4,0,9,20,29,64128,379135,32910,0,323871,476175,800046
2025-01-11,2025,1,11,chokepoint7,Cape of Good Hope,16,56,4,5,19,81,100,1298935,3678286,78882,23262,1148969,5079367,6228337
2025-01-12,2025,1,12,chokepoint1,Suez Canal,9,8,2,0,11,19,30,69280,286588,4121,0,468342,359991,828333
2025-01-12,2025,1,12,chokepoint4,Bab el-Mandeb Strait,11,14,5,1,13,31,44,147516,661633,32293,6492,311972,847936,1159909
2025-01-12,2025,1,12,chokepoint7,Cape of Good Hope,27,27,2,4,15,60,75,1471179,1806041,39186,22965,641834,3339373,3981207
2025-01-13,2025,1,13,chokepoint1,Suez Canal,11,8,5,1,18,25,43,257669,206418,21438,2251,742256,487778,1230034
2025-01-13,2025,1,13,chokepoint4,Bab el-Mandeb Strait,12,17,6,0,15,35,50,180927,938124,29229,0,562063,1148281,1710344
2025-01-13,2025,1,13,chokepoint7,Cape of Good Hope,19,43,2,2,16,66,82,1117145,3722806,5452,14956,781998,4860360,5642359
2025-01-14,2025,1,14,chokepoint1,Suez Canal,6,11,7,0,15,24,39,207341,573171,23218,0,579916,803731,1383648
2025-01-14,2025,1,14,chokepoint4,Bab el-Mandeb Strait,6,6,2,0,8,14,22,105855,258270,11174,0,468698,375300,843999
2025-01-14,2025,1,14,chokepoint7,Cape of Good Hope,23,36,2,0,22,61,83,1581257,2830511,21825,0,1784761,4433594,6218355
2025-01-15,2025,1,15,chokepoint1,Suez Canal,5,5,3,1,14,14,28,138748,259173,14974,0,551852,412895,964747
2025-01-15,2025,1,15,chokepoint4,Bab el-Mandeb Strait,12,8,8,0,11,28,39,120566,287305,25062,0,205169,432933,638102
2025-01-15,2025,1,15,chokepoint7,Cape of Good Hope,18,37,2,3,16,60,76,887198,2303297,47619,23433,1116823,3261548,4378371
2025-01-16,2025,1,16,chokepoint1,Suez Canal,9,13,4,1,14,27,41,181116,726513,11508,4660,360513,923798,1284312
2025-01-16,2025,1,16,chokepoint4,Bab el-Mandeb Strait,9,6,4,0,11,19,30,101708,221253,12583,0,459284,335545,794830
2025-01-16,2025,1,16,chokepoint7,Cape of Good Hope,20,46,7,1,15,74,89,1511841,4061676,79862,4218,800507,5657597,6458105
2025-01-17,2025,1,17,chokepoint1,Suez Canal,7,12,1,2,14,22,36,89218,544431,9405,7897,570853,650953,1221806
2025-01-17,2025,1,17,chokepoint4,Bab el-Mandeb Strait,6,13,2,0,9,21,30,113453,484832,15107,0,572119,613392,1185512
2025-01-17,2025,1,17,chokepoint7,Cape of Good Hope,19,38,3,1,13,61,74,976750,2689188,43680,0,643495,3709619,4353114
2025-01-18,2025,1,18,chokepoint1,Suez Canal,9,6,4,0,12,19,31,166954,237012,14970,0,893391,418936,1312328
2025-01-18,2025,1,18,chokepoint4,Bab el-Mandeb Strait,2,8,3,0,6,13,19,21544,419997,33557,0,330557,475099,805656
2025-01-18,2025,1,18,chokepoint7,Cape of Good Hope,12,35,8,5,12,60,72,865228,1846242,116848,15003,777303,2843322,3620625
2025-01-19,2025,1,19,chokepoint1,Suez Canal,10,12,4,0,12,26,38,223215,619216,21172,0,728495,863604,1592100
2025-01-19,2025,1,19,chokepoint4,Bab el-Mandeb Strait,7,10,1,0,16,18,34,107898,737934,3558,0,765483,849391,1614874
2025-01-19,2025,1,19,chokepoint7,Cape of Good Hope,18,45,8,5,13,76,89,1027860,3593711,32033,11885,592235,4665490,5257726
2025-01-20,2025,1,20,chokepoint1,Suez Canal,10,9,5,1,13,25,38,216612,492001,7681,0,406826,716296,1123123
2025-01-20,2025,1,20,chokepoint4,Bab el-Mandeb Strait,5,12,3,0,8,20,28,57924,423414,19622,0,69715,500961,570676
2025-01-20,2025,1,20,chokepoint7,Cape of Good Hope,20,45,3,4,22,72,94,1034075,2767178,51271,11977,1488524,3864502,5353026
2025-01-21,2025,1,21,chokepoint1,Suez Canal,6,7,2,0,8,15,23,197032,467902,3840,0,249477,668775,918252
2025-01-21,2025,1,21,chokepoint4,Bab el-Mandeb Strait,12,9,4,0,9,25,34,170099,523552,9005,0,294927,702657,997584
2025-01-21,2025,1,21,chokepoint7,Cape of Good Hope,26,49,5,5,18,85,103,1606083,2092393,45503,19172,2253903,3763153,6017056
2025-01-22,2025,1,22,chokepoint1,Suez Canal,11,8,7,0,18,26,44,305114,190964,43890,0,1112942,539969,1652912
2025-01-22,2025,1,22,chokepoint4,Bab el-Mandeb Strait,4,11,2,1,11,18,29,73666,444836,9520,0,495493,528023,1023516
2025-01-22,2025,1,22,chokepoint7,Cape of Good Hope,27,51,7,3,13,88,101,1668701,3076736,52722,14300,775486,4812461,5587947
2025-01-23,2025,1,23,chokepoint1,Suez Canal,7,12,7,0,9,26,35,288792,770427,19997,0,731651,1079216,1810868
2025-01-23,2025,1,23,chokepoint4,Bab el-Mandeb Strait,5,17,5,0,12,27,39,40966,694893,41749,0,711400,777609,1489010
2025-01-23,2025,1,23,chokepoint7,Cape of Good Hope,20,38,4,2,23,64,87,1006101,1721805,47309,4188,1516288,2779404,4295692
2025-01-24,2025,1,24,chokepoint1,Suez Canal,14,6,6,2,13,28,41,287585,272108,72641,1218,627906,633554,1261461
2025-01-24,2025,1,24,chokepoint4,Bab el-Mandeb Strait,9,11,2,1,15,23,38,121096,600924,20133,1405,997334,743560,1740894
2025-01-24,2025,1,24,chokepoint7,Cape of Good Hope,21,38,3,3,13,65,78,1398203,3103456,13680,2530,439461,4517869,4957330
2025-01-25,2025,1,25,chokepoint1,Suez Canal,10,10,6,0,12,26,38,152097,202374,25115,0,572079,379586,951665
2025-01-25,2025,1,25,chokepoint4,Bab el-Mandeb Strait,10,5,1,1,10,17,27,112294,110370,1037,0,367378,223702,591081
2025-01-25,2025,1,25,chokepoint7,Cape of Good Hope,16,52,4,8,21,80,101,1225603,2864520,40528,36069,1536480,4166722,5703202
2025-01-26,2025,1,26,chokepoint1,Suez Canal,9,10,6,1,11,26,37,132866,496851,36367,0,412992,666085,1079078
2025-01-26,2025,1,26,chokepoint4,Bab el-Mandeb Strait,10,4,5,0,9,19,28,94719,319373,31555,0,534907,445648,980556
2025-01-26,2025,1,26,chokepoint7,Cape of Good Hope,17,51,4,2,8,74,82,1027871,3212162,60000,15380,985362,4315415,5300777
2025-01-27,2025,1,27,chokepoint1,Suez Canal,8,11,3,0,17,22,39,90922,631450,36318,0,657555,758691,1416246
2025-01-27,2025,1,27,chokepoint4,Bab el-Mandeb Strait,8,10,4,1,15,23,38,125311,303064,30682,1535,967476,460593,1428069
2025-01-27,2025,1,27,chokepoint7,Cape of Good Hope,17,39,0,4,10,60,70,859981,2096492,0,13077,507899,2969552,3477451
2025-01-28,2025,1,28,chokepoint1,Suez Canal,7,11,5,0,17,23,40,117937,375263,39330,0,502212,532531,1034744
2025-01-28,2025,1,28,chokepoint4,Bab el-Mandeb Strait,5,7,5,0,11,17,28,81328,442446,68492,0,664959,592267,1257226
2025-01-28,2025,1,28,chokepoint7,Cape of Good Hope,25,55,2,1,9,83,92,1517008,3256322,15213,0,557275,4788544,5345820
2025-01-29,2025,1,29,chokepoint1,Suez Canal,15,15,4,1,10,35,45,272068,808287,18527,0,577128,1098883,1676011
2025-01-29,2025,1,29,chokepoint4,Bab el-Mandeb Strait,10,13,2,0,10,25,35,122803,552935,17696,0,546153,693436,1239590
2025-01-29,2025,1,29,chokepoint7,Cape of Good Hope,25,43,7,4,18,79,97,1128373,2087866,46137,19886,1383253,3282263,4665517
2025-01-30,2025,1,30,chokepoint1,Suez Canal,5,10,4,0,11,19,30,175621,271796,20728,0,519870,468147,988018
2025-01-30,2025,1,30,chokepoint4,Bab el-Mandeb Strait,10,3,4,1,9,18,27,201694,152860,39754,0,582129,394308,976438
2025-01-30,2025,1,30,chokepoint7,Cape of Good Hope,22,44,7,4,11,77,88,1379813,2695452,87391,6742,1199530,4169399,5368930
2025-01-31,2025,1,31,chokepoint1,Suez Canal,10,7,4,0,21,21,42,253220,375242,11266,0,985397,639728,1625126
2025-01-31,2025,1,31,chokepoint4,Bab el-Mandeb Strait,6,8,5,1,11,20,31,102275,516857,37346,3311,225838,659790,885629
2025-01-31,2025,1,31,chokepoint7,Cape of Good Hope,18,36,8,6,8,68,76,1149011,2544414,77550,20820,312202,3791796,4103998
2025-02-01,2025,2,1,chokepoint1,Suez Canal,10,3,1,0,10,14,24,107321,84094,1823,0,406061,193238,599300
2025-02-01,2025,2,1,chokepoint4,Bab el-Mandeb Strait,8,10,7,0,9,25,34,91059,505554,72203,0,313451,668816,982267
2025-02-01,2025,2,1,chokepoint7,Cape of Good Hope,13,42,3,5,10,63,73,1088211,2369965,9569,20136,875486,3487882,4363368
2025-02-02,2025,2,2,chokepoint1,Suez Canal,13,3,6,0,14,22,36,259722,124343,47847,0,641690,431912,1073603
2025-02-02,2025,2,2,chokepoint4,Bab el-Mandeb Strait,10,10,6,1,10,27,37,108051,461083,41316,0,755002,610451,1365454
2025-02-02,2025,2,2,chokepoint7,Cape of Good Hope,16,42,0,2,13,60,73,696125,2716721,0,10385,1228290,3423232,4651522
2025-02-03,2025,2,3,chokepoint1,Suez Canal,13,5,3,1,8,22,30,350838,273516,5203,1535,435180,631094,1066275
2025-02-03,2025,2,3,chokepoint4,Bab el-Mandeb Strait,4,7,3,0,7,14,21,61806,298823,17489,0,335953,378119,714072
2025-02-03,2025,2,3,chokepoint7,Cape of Good Hope,28,45,7,2,19,82,101,1910756,2322646,136984,0,953255,4370386,5323642
2025-02-04,2025,2,4,chokepoint1,Suez Canal,9,12,2,2,4,25,29,319932,566392,5846,9345,166383,901516,1067900
2025-02-04,2025,2,4,chokepoint4,Bab el-Mandeb Strait,6,8,4,1,10,19,29,69340,444421,24555,0,492131,538317,1030449
2025-02-04,2025,2,4,chokepoint7,Cape of Good Hope,21,49,3,3,17,76,93,1263712,2544657,5358,7994,991659,3821722,4813382
2025-02-05,2025,2,5,chokepoint1,Suez Canal,8,9,0,0,15,17,32,122013,530940,0,0,737486,652954,1390440
2025-02-05,2025,2,5,chokepoint4,Bab el-Mandeb Strait,7,4,7,0,9,18,27,79858,249202,45946,0,341396,375007,716403
2025-02-05,2025,2,5,chokepoint7,Cape of Good Hope,21,36,5,3,14,65,79,1617613,1724030,31804,4668,825292,3378116,4203408
2025-02-06,2025,2,6,chokepoint1,Suez Canal,8,9,2,0,11,19,30,111620,731051,2720,0,466198,845392,1311590
2025-02-06,2025,2,6,chokepoint4,Bab el-Mandeb Strait,7,12,4,1,13,24,37,70122,588169,37951,0,455544,696244,1151788
2025-02-06,2025,2,6,chokepoint7,Cape of Good Hope,18,37,3,6,18,64,82,931788,2812214,5916,23445,1259723,3773364,5033088
2025-02-07,2025,2,7,chokepoint1,Suez Canal,7,14,2,0,7,23,30,133938,443791,7502,0,238364,585232,823597
2025-02-07,2025,2,7,chokepoint4,Bab el-Mandeb Strait,6,12,5,2,12,25,37,101244,446509,55336,9260,732679,612351,1345031
2025-02-07,2025,2,7,chokepoint7,Cape of Good Hope,29,48,1,4,11,82,93,1381442,3260138,23243,24367,858783,4689192,5547976
2025-02-08,2025,2,8,chokepoint1,Suez Canal,10,2,2,0,7,14,21,272378,109054,7289,0,342437,388722,731160
2025-02-08,2025,2,8,chokepoint4,Bab el-Mandeb Strait,8,7,6,1,10,22,32,112933,236044,26090,0,180615,375069,555685
2025-02-08,2025,2,8,chokepoint7,Cape of Good Hope,8,33,1,2,21,44,65,318421,2399981,3329,4893,1181264,2726626,3907890
2025-02-09,2025,2,9,chokepoint1,Suez Canal,9,8,8,0,20,25,45,222055,462594,55381,0,727818,740031,1467850
2025-02-09,2025,2,9,chokepoint4,Bab el-Mandeb Strait,6,10,4,1,11,21,32,58274,485681,27507,5482,688561,576945,1265507
2025-02-09,2025,2,9,chokepoint7,Cape of Good Hope,18,30,5,2,18,55,73,850559,2486423,52115,9646,608941,3398743,4007685
2025-02-10,2025,2,10,chokepoint1,Suez Canal,9,15,4,0,13,28,41,138981,1168732,11039,0,822212,1318754,2140966
2025-02-10,2025,2,10,chokepoint4,Bab el-Mandeb Strait,9,11,5,0,10,25,35,94734,499359,53958,0,334982,648052,983034
2025-02-10,2025,2,10,chokepoint7,Cape of Good Hope,20,45,7,2,17,74,91,1079220,3008869,58562,11387,940590,4158040,5098630
2025-02-11,2025,2,11,chokepoint1,Suez Canal,11,7,4,0,16,22,38,384826,212264,23695,0,732384,620786,1353171
2025-02-11,2025,2,11,chokepoint4,Bab el-Mandeb Strait,6,8,4,1,12,19,31,76325,574063,9438,953,392563,660781,1053344
2025-02-11,2025,2,11,chokepoint7,Cape of Good Hope,26,49,2,1,19,78,97,1977489,2374799,30120,12622,1693785,4395031,6088817
2025-02-12,2025,2,12,chokepoint1,Suez Canal,9,15,4,2,12,30,42,290095,754478,32437,947,342740,1077959,1420700
2025-02-12,2025,2,12,chokepoint4,Bab el-Mandeb Strait,4,7,3,0,6,14,20,61846,192564,23117,0,416338,277528,693867
2025-02-12,2025,2,12,chokepoint7,Cape of Good Hope,16,51,13,1,14,81,95,712056,3106567,80025,4993,504211,3903642,4407853
2025-02-13,2025,2,13,chokepoint1,Suez Canal,14,11,5,0,12,30,42,289968,263482,10056,0,327885,563507,891393
2025-02-13,2025,2,13,chokepoint4,Bab el-Mandeb Strait,11,8,2,1,17,22,39,136953,523265,5834,5677,891187,671731,1562919
2025-02-13,2025,2,13,chokepoint7,Cape of Good Hope,18,50,2,2,13,72,85,1167971,3203997,911,6766,913613,4379646,5293260
2025-02-14,2025,2,14,chokepoint1,Suez Canal,12,5,3,0,14,20,34,175498,223264,7562,0,430361,406326,836688
2025-02-14,2025,2,14,chokepoint4,Bab el-Mandeb Strait,5,8,6,1,16,20,36,42259,441020,12464,0,690412,495743,1186156
2025-02-14,2025,2,14,chokepoint7,Cape of Good Hope,16,49,5,2,11,72,83,1077775,3340479,98095,5398,1277432,4521749,5799181
2025-02-15,2025,2,15,chokepoint1,Suez Canal,7,10,4,0,10,21,31,221723,776675,34451,0,358817,1032850,1391667
2025-02-15,2025,2,15,chokepoint4,Bab el-Mandeb Strait,10,10,4,0,7,24,31,136634,752396,21148,0,284476,910179,1194655
2025-02-15,2025,2,15,chokepoint7,Cape of Good Hope,24,49,3,4,14,80,94,1586198,3037751,47529,23865,995563,4695344,5690908
2025-02-16,2025,2,16,chokepoint1,Suez Canal,5,5,5,0,20,15,35,68066,122408,47272,0,938637,237747,1176385
2025-02-16,2025,2,16,chokepoint4,Bab el-Mandeb Strait,3,13,2,0,9,18,27,27822,639940,27153,0,489891,694916,1184807
2025-02-16,2025,2,16,chokepoint7,Cape of Good Hope,26,42,4,5,20,77,97,1823162,2131737,15729,26825,957626,3997454,4955081
2025-02-17,2025,2,17,chokepoint1,Suez Canal,11,6,4,0,12,21,33,176769,205789,5467,0,643798,388027,1031826
2025-02-17,2025,2,17,chokepoint4,Bab el-Mandeb Strait,11,13,5,0,9,29,38,157606,548293,43066,0,485540,748965,1234505
2025-02-17,2025,2,17,chokepoint7,Cape of Good Hope,17,51,5,4,10,77,87,787136,3192902,94239,28781,593079,4103059,4696139
2025-02-18,2025,2,18,chokepoint1,Suez Canal,7,9,2,1,17,19,36,136660,497247,17892,4660,959963,656461,1616424
2025-02-18,2025,2,18,chokepoint4,Bab el-Mandeb Strait,10,7,2,0,11,19,30,144281,261310,6203,0,393546,411795,805341
2025-02-18,2025,2,18,chokepoint7,Cape of Good Hope,16,44,7,3,24,70,94,1032495,1548800,64621,13814,1049812,2659732,3709545
2025-02-19,2025,2,19,chokepoint1,Suez Canal,13,10,3,1,13,27,40,379319,593742,8085,3828,149271,984975,1134247
2025-02-19,2025,2,19,chokepoint4,Bab el-Mandeb Strait,8,8,5,0,11,21,32,79372,224739,32260,0,443589,336372,779962
2025-02-19,2025,2,19,chokepoint7,Cape of Good Hope,15,42,2,5,16,64,80,1168290,1981749,2092,14549,1557467,3166683,4724150
2025-02-20,2025,2,20,chokepoint1,Suez Canal,8,7,5,2,9,22,31,190809,270132,33602,0,174343,494544,668888
2025-02-20,2025,2,20,chokepoint4,Bab el-Mandeb Strait,6,10,6,1,14,23,37,58905,728681,41738,1105,1080103,830431,1910534
2025-02-20,2025,2,20,chokepoint7,Cape of Good Hope,24,63,7,3,15,97,112,1127695,3926357,14955,7322,1091873,5076331,6168204
2025-02-21,2025,2,21,chokepoint1,Suez Canal,12,4,4,1,14,21,35,189827,189000,41530,0,771114,420357,1191472
2025-02-21,2025,2,21,chokepoint4,Bab el-Mandeb Strait,11,5,5,0,10,21,31,158300,67259,16527,0,523783,242088,765871
2025-02-21,2025,2,21,chokepoint7,Cape of Good Hope,22,37,6,4,13,69,82,1456384,3000787,55357,8907,789120,4521437,5310557
2025-02-22,2025,2,22,chokepoint1,Suez Canal,8,8,4,0,12,20,32,86106,413647,54422,0,430580,554175,984756
2025-02-22,2025,2,22,chokepoint4,Bab el-Mandeb Strait,4,9,5,0,14,18,32,60976,362844,28699,0,564982,452520,1017503
2025-02-22,2025,2,22,chokepoint7,Cape of Good Hope,23,44,4,5,18,76,94,1277144,3482261,7402,8577,1585994,4775385,6361380
2025-02-23,2025,2,23,chokepoint1,Suez Canal,7,7,3,0,10,17,27,212692,254072,21990,0,638795,488755,1127550
2025-02-23,2025,2,23,chokepoint4,Bab el-Mandeb Strait,9,4,1,1,9,15,24,219446,186695,1750,0,482245,407893,890138
2025-02-23,2025,2,23,chokepoint7,Cape of Good Hope,23,46,3,1,15,73,88,1342837,3847862,7632,5014,742829,5203346,5946175
2025-02-24,2025,2,24,chokepoint1,Suez Canal,7,7,5,0,14,19,33,164155,299528,40028,0,425847,503711,929559
2025-02-24,2025,2,24,chokepoint4,Bab el-Mandeb Strait,6,10,3,2,11,21,32,68737,771428,1702,0,381831,841868,1223700
2025-02-24,2025,2,24,chokepoint7,Cape of Good Hope,22,47,5,2,17,76,93,1310122,2576210,22649,4376,1932762,3913358,5846121
2025-02-25,2025,2,25,chokepoint1,Suez Canal,7,8,3,0,16,18,34,173882,533824,5144,0,656708,712850,1369558
2025-02-25,2025,2,25,chokepoint4,Bab el-Mandeb Strait,8,10,6,1,9,25,34,69343,256895,22716,6258,439514,355214,794729
2025-02-25,2025,2,25,chokepoint7,Cape of Good Hope,18,47,3,8,20,76,96,1119185,2513939,16582,39583,1213913,3689291,4903205
2025-02-26,2025,2,26,chokepoint1,Suez Canal,7,9,8,0,12,24,36,147014,465880,43839,0,522545,656735,1179280
2025-02-26,2025,2,26,chokepoint4,Bab el-Mandeb Strait,4,7,7,2,13,20,33,58301,282833,76151,1405,637528,418691,1056220
2025-02-26,2025,2,26,chokepoint7,Cape of Good Hope,17,37,4,0,13,58,71,1570950,2355818,51026,0,716179,3977796,4693976
2025-02-27,2025,2,27,chokepoint1,Suez Canal,9,12,10,0,10,31,41,246264,1024773,51561,0,233637,1322598,1556236
2025-02-27,2025,2,27,chokepoint4,Bab el-Mandeb Strait,5,9,5,0,11,19,30,90322,713496,61101,0,659003,864920,1523923
2025-02-27,2025,2,27,chokepoint7,Cape of Good Hope,28,46,4,2,13,80,93,1772509,2885184,41393,6464,478414,4705552,5183966
2025-02-28,2025,2,28,chokepoint1,Suez Canal,12,13,0,0,10,25,35,230369,839170,0,0,380807,1069540,1450348
2025-02-28,2025,2,28,chokepoint4,Bab el-Mandeb Strait,11,10,3,0,6,24,30,176870,456906,21237,0,283350,655013,938363
2025-02-28,2025,2,28,chokepoint7,Cape of Good Hope,18,42,8,2,21,70,91,941549,2661419,139461,17529,827720,3759959,4587679
2025-03-01,2025,3,1,chokepoint1,Suez Canal,7,11,2,0,12,20,32,85466,492122,4324,0,356179,581912,938092
2025-03-01,2025,3,1,chokepoint4,Bab el-Mandeb Strait,3,5,4,0,10,12,22,26472,116938,21463,0,348792,164874,513667
2025-03-01,2025,3,1,chokepoint7,Cape of Good Hope,20,39,4,3,20,66,86,1109596,2190524,24788,3956,1618525,3328865,4947390
2025-03-02,2025,3,2,chokepoint1,Suez Canal,8,9,5,0,13,22,35,178853,396279,27937,0,926168,603070,1529239
2025-03-02,2025,3,2,chokepoint4,Bab el-Mandeb Strait,6,11,6,2,16,25,41,80341,486092,38547,0,683179,604981,1288161
2025-03-02,2025,3,2,chokepoint7,Cape of Good Hope,15,37,6,2,23,60,83,958498,2560781,37009,4050,1489560,3560340,5049900
2025-03-03,2025,3,3,chokepoint1,Suez Canal,8,7,6,2,12,23,35,261593,312482,48985,3218,404942,626280,1031223
2025-03-03,2025,3,3,chokepoint4,Bab el-Mandeb Strait,2,6,4,0,13,12,25,9708,400700,5425,0,583475,415834,999309
2025-03-03,2025,3,3,chokepoint7,Cape of Good Hope,16,52,4,3,18,75,93,898797,3285266,46592,6099,950578,4236756,5187334
2025-03-04,2025,3,4,chokepoint1,Suez Canal,11,11,6,1,21,29,50,361840,544004,24738,0,1087945,930582,2018527
2025-03-04,2025,3,4,chokepoint4,Bab el-Mandeb Strait,8,11,3,0,11,22,33,100159,890682,14479,0,716943,1005320,1722264
2025-03-04,2025,3,4,chokepoint7,Cape of Good Hope,15,44,0,6,19,65,84,763088,2780754,0,35160,1153008,3579003,4732012
2025-03-05,2025,3,5,chokepoint1,Suez Canal,6,11,2,2,10,21,31,68550,520347,20973,4289,537125,614161,1151287
2025-03-05,2025,3,5,chokepoint4,Bab el-Mandeb Strait,8,16,1,0,4,25,29,92447,653357,13109,0,101240,758914,860154
2025-03-05,2025,3,5,chokepoint7,Cape of Good Hope,15,47,5,3,8,70,78,892296,3217893,57260,8893,884352,4176344,5060697
2025-03-06,2025,3,6,chokepoint1,Suez Canal,8,6,3,0,12,17,29,216455,227612,11400,0,456605,455468,912073
2025-03-06,2025,3,6,chokepoint4,Bab el-Mandeb Strait,7,13,4,0,14,24,38,71119,591532,16334,0,829072,678987,1508059
2025-03-06,2025,3,6,chokepoint7,Cape of Good Hope,15,41,5,4,11,65,76,1009082,2880410,27607,24592,1200680,3941693,5142373
2025-03-07,2025,3,7,chokepoint1,Suez Canal,15,8,3,1,19,27,46,316680,197563,7101,0,678631,521345,1199976
2025-03-07,2025,3,7,chokepoint4,Bab el-Mandeb Strait,12,5,9,0,9,26,35,122799,223092,68206,0,612425,414098,1026523
2025-03-07,2025,3,7,chokepoint7,Cape of Good Hope,25,30,2,5,13,62,75,1638125,2332274,15977,27960,750077,4014338,4764416
2025-03-08,2025,3,8,chokepoint1,Suez Canal,8,14,4,2,9,28,37,149357,1311239,7096,0,705121,1467692,2172814
2025-03-08,2025,3,8,chokepoint4,Bab el-Mandeb Strait,8,12,6,1,8,27,35,133051,661583,22712,0,373553,817347,1190900
2025-03-08,2025,3,8,chokepoint7,Cape of Good Hope,23,53,4,5,12,85,97,1275671,4335877,38215,7167,769192,5656931,6426124
2025-03-09,2025,3,9,chokepoint1,Suez Canal,7,13,2,1,11,23,34,112182,748999,1909,0,608428,863090,1471519
2025-03-09,2025,3,9,chokepoint4,Bab el-Mandeb Strait,5,6,4,0,15,15,30,51126,323299,16625,0,902361,391050,1293412
2025-03-09,2025,3,9,chokepoint7,Cape of Good Hope,24,51,2,3,25,80,105,1361916,2547911,17585,13829,1695426,3941243,5636669
2025-03-10,2025,3,10,chokepoint1,Suez Canal,11,6,2,0,15,19,34,142061,259698,17289,0,583833,419049,1002882
2025-03-10,2025,3,10,chokepoint4,Bab el-Mandeb Strait,7,10,5,0,10,22,32,96800,387502,37181,0,316856,521484,838341
2025-03-10,2025,3,10,chokepoint7,Cape of Good Hope,24,35,3,2,18,64,82,1185266,2154489,35582,10328,1476610,3385666,4862277
2025-03-11,2025,3,11,chokepoint1,Suez Canal,8,5,4,0,21,17,38,272905,311051,47657,0,1593030,631613,2224643
2025-03-11,2025,3,11,chokepoint4,Bab el-Mandeb Strait,7,8,7,2,14,24,38,105119,465872,23782,0,834361,594773,1429135
2025-03-11,2025,3,11,chokepoint7,Cape of Good Hope,15,43,1,2,15,61,76,719998,3121286,2262,6132,1025366,3849680,4875047
2025-03-12,2025,3,12,chokepoint1,Suez Canal,13,6,5,1,9,25,34,285601,331554,9354,916,667434,627426,1294861
2025-03-12,2025,3,12,chokepoint4,Bab el-Mandeb Strait,5,4,0,2,8,11,19,53383,137138,0,9044,458363,199565,657928
2025-03-12,2025,3,12,chokepoint7,Cape of Good Hope,16,44,2,1,13,63,76,1044344,2470514,4271,5963,728588,3525093,4253682
2025-03-13,2025,3,13,chokepoint1,Suez Canal,13,8,5,2,13,28,41,239532,426381,16508,0,434759,682422,1117182
2025-03-13,2025,3,13,chokepoint4,Bab el-Mandeb Strait,9,10,3,1,15,23,38,122497,556689,2821,1405,1049098,683413,1732512
2025-03-13,2025,3,13,chokepoint7,Cape of Good Hope,10,25,2,2,17,39,56,468000,1417290,0,14458,1024646,1899749,2924395
2025-03-14,2025,3,14,chokepoint1,Suez Canal,7,7,4,2,13,20,33,179856,347288,21751,0,947919,548897,1496816
2025-03-14,2025,3,14,chokepoint4,Bab el-Mandeb Strait,5,15,4,1,8,25,33,103424,893276,18824,5115,316555,1020640,1337196
2025-03-14,2025,3,14,chokepoint7,Cape of Good Hope,22,24,3,1,9,50,59,1665072,1031913,40069,13863,350102,2750918,3101021
2025-03-15,2025,3,15,chokepoint1,Suez Canal,9,12,4,0,11,25,36,222161,603571,66527,0,811615,892260,1703876
2025-03-15,2025,3,15,chokepoint4,Bab el-Mandeb Strait,14,12,1,0,15,27,42,172257,400242,1293,0,1282587,573793,1856380
2025-03-15,2025,3,15,chokepoint7,Cape of Good Hope,26,47,9,5,13,87,100,1668714,3556689,45142,22460,1348535,5293007,6641542
2025-03-16,2025,3,16,chokepoint1,Suez Canal,10,11,6,1,21,28,49,150302,201176,46776,9044,1081485,407300,1488786
2025-03-16,2025,3,16,chokepoint4,Bab el-Mandeb Strait,5,8,3,1,14,17,31,73268,299758,48322,0,624370,421349,1045720
2025-03-16,2025,3,16,chokepoint7,Cape of Good Hope,25,36,2,3,17,66,83,1513993,2514056,11116,20826,1846524,4059992,5906517
2025-03-17,2025,3,17,chokepoint1,Suez Canal,9,6,5,1,16,21,37,168697,210271,24885,0,857049,403854,1260904
2025-03-17,2025,3,17,chokepoint4,Bab el-Mandeb Strait,7,7,4,1,15,19,34,119299,494003,11734,0,880204,625037,1505242
2025-03-17,2025,3,17,chokepoint7,Cape of Good Hope,18,40,3,5,7,66,73,960797,3347836,50505,24255,1112449,4383395,5495844
2025-03-18,2025,3,18,chokepoint1,Suez Canal,9,7,3,1,9,20,29,213674,259771,13245,0,378489,486691,865180
2025-03-18,2025,3,18,chokepoint4,Bab el-Mandeb Strait,3,15,4,2,13,24,37,23833,577846,36409,10522,413042,648610,1061652
2025-03-18,2025,3,18,chokepoint7,Cape of Good Hope,21,35,5,2,10,63,73,1017169,2800834,61146,8424,555516,3887573,4443090
2025-03-19,2025,3,19,chokepoint1,Suez Canal,4,8,1,0,14,13,27,76048,398988,742,0,561102,475780,1036882
2025-03-19,2025,3,19,chokepoint4,Bab el-Mandeb Strait,10,9,5,0,17,24,41,96069,513037,5811,0,611942,614918,1226861
2025-03-19,2025,3,19,chokepoint7,Cape of Good Hope,15,32,2,3,13,52,65,1033188,2738347,13385,18269,806896,3803192,4610088
2025-03-20,2025,3,20,chokepoint1,Suez Canal,5,12,4,2,13,23,36,101169,678854,18711,3583,740542,802318,1542861
2025-03-20,2025,3,20,chokepoint4,Bab el-Mandeb Strait,4,5,3,0,12,12,24,35209,238193,17848,0,957918,291251,1249169
2025-03-20,2025,3,20,chokepoint7,Cape of Good Hope,24,40,1,5,10,70,80,1318445,2868476,3537,19220,1425143,4209679,5634823
2025-03-21,2025,3,21,chokepoint1,Suez Canal,10,10,4,1,17,25,42,172159,605665,10881,0,701435,788705,1490141
2025-03-21,2025,3,21,chokepoint4,Bab el-Mandeb Strait,14,6,4,0,11,24,35,214420,226541,51227,0,562827,492189,1055017
2025-03-21,2025,3,21,chokepoint7,Cape of Good Hope,21,41,3,0,22,65,87,1222429,4003605,53195,0,1155809,5279231,6435040
2025-03-22,2025,3,22,chokepoint1,Suez Canal,7,11,7,2,13,27,40,169588,526457,19312,10522,562351,725880,1288232
2025-03-22,2025,3,22,chokepoint4,Bab el-Mandeb Strait,5,10,4,0,10,19,29,44363,315229,21756,0,723318,381349,1104667
2025-03-22,2025,3,22,chokepoint7,Cape of Good Hope,23,38,10,7,12,78,90,1607059,2469682,136086,38040,1101058,4250868,5351927
2025-03-23,2025,3,23,chokepoint1,Suez Canal,10,15,5,0,15,30,45,263046,622611,6542,0,525251,892200,1417451
2025-03-23,2025,3,23,chokepoint4,Bab el-Mandeb Strait,7,9,4,0,16,20,36,115209,336291,19352,0,933053,470853,1403906
2025-03-23,2025,3,23,chokepoint7,Cape of Good Hope,14,38,3,4,12,59,71,1069102,2054901,64194,14081,1024351,3202280,4226631
2025-03-24,2025,3,24,chokepoint1,Suez Canal,5,13,4,0,19,22,41,87478,688728,4677,0,985250,780884,1766134
2025-03-24,2025,3,24,chokepoint4,Bab el-Mandeb Strait,7,4,4,0,11,15,26,94924,142475,56502,0,441395,293902,735297
2025-03-24,2025,3,24,chokepoint7,Cape of Good Hope,23,40,2,3,11,68,79,1373409,2818983,22765,18721,1022841,4233879,5256720
2025-03-25,2025,3,25,chokepoint1,Suez Canal,8,7,4,0,13,19,32,230999,350870,7763,0,440761,589632,1030394
2025-03-25,2025,3,25,chokepoint4,Bab el-Mandeb Strait,6,13,2,1,13,22,35,137982,741768,5930,0,730035,885681,1615716
2025-03-25,2025,3,25,chokepoint7,Cape of Good Hope,12,32,4,4,8,52,60,579909,1811644,5017,15813,869105,2412384,3281489
2025-03-26,2025,3,26,chokepoint1,Suez Canal,11,10,3,0,17,24,41,349180,624854,15211,0,793633,989246,1782879
2025-03-26,2025,3,26,chokepoint4,Bab el-Mandeb Strait,5,7,2,1,10,15,25,61611,306197,5772,0,579655,373581,953236
2025-03-26,2025,3,26,chokepoint7,Cape of Good Hope,24,36,2,4,24,66,90,1439106,2626005,2900,19581,2087275,4087594,6174869
2025-03-27,2025,3,27,chokepoint1,Suez Canal,9,5,3,0,17,17,34,145386,287067,45313,0,829742,477767,1307509
2025-03-27,2025,3,27,chokepoint4,Bab el-Mandeb Strait,10,13,0,1,8,24,32,128709,706715,0,760,400194,836185,1236379
2025-03-27,2025,3,27,chokepoint7,Cape of Good Hope,25,37,4,2,22,68,90,1516090,2562111,46003,4492,1518878,4128698,5647577
2025-03-28,2025,3,28,chokepoint1,Suez Canal,11,11,3,1,24,26,50,176955,823977,75739,1102,776397,1077775,1854173
2025-03-28,2025,3,28,chokepoint4,Bab el-Mandeb Strait,6,14,7,0,13,27,40,131420,862381,15927,0,956445,1009729,1966175
2025-03-28,2025,3,28,chokepoint7,Cape of Good Hope,28,44,2,7,19,81,100,2044022,3240622,14342,35912,997785,5334900,6332685
2025-03-29,2025,3,29,chokepoint1,Suez Canal,7,5,3,0,13,15,28,203043,198314,41686,0,362365,443044,805410
2025-03-29,2025,3,29,chokepoint4,Bab el-Mandeb Strait,5,7,1,0,11,13,24,63891,446355,0,0,551962,510247,1062210
2025-03-29,2025,3,29,chokepoint7,Cape of Good Hope,14,49,8,1,17,72,89,949130,4345898,107476,0,1477125,5402505,6879631
2025-03-30,2025,3,30,chokepoint1,Suez Canal,7,11,4,0,19,22,41,204854,509440,29333,0,613995,743627,1357623
2025-03-30,2025,3,30,chokepoint4,Bab el-Mandeb Strait,9,10,3,0,13,22,35,97003,491998,5238,0,809557,594239,1403797
2025-03-30,2025,3,30,chokepoint7,Cape of Good Hope,8,40,0,2,13,50,63,398579,2878434,0,16230,781590,3293244,4074834
2025-03-31,2025,3,31,chokepoint1,Suez Canal,8,9,4,2,12,23,35,130171,629659,30018,0,789193,789849,1579042
2025-03-31,2025,3,31,chokepoint4,Bab el-Mandeb Strait,14,13,4,0,10,31,41,169857,681546,51985,0,554682,903389,1458072
2025-03-31,2025,3,31,chokepoint7,Cape of Good Hope,21,42,7,4,8,74,82,1118425,2517074,83642,22529,264143,3741671,4005815
2025-04-01,2025,4,1,chokepoint1,Suez Canal,11,11,2,0,13,24,37,132721,617843,4149,0,749552,754714,1504266
2025-04-01,2025,4,1,chokepoint4,Bab el-Mandeb Strait,3,10,1,1,9,15,24,59749,767510,35096,0,236941,862356,1099298
2025-04-01,2025,4,1,chokepoint7,Cape of Good Hope,17,34,3,6,18,60,78,1265281,2321865,39898,20351,1720487,3647396,5367884
2025-04-02,2025,4,2,chokepoint1,Suez Canal,12,7,2,1,14,22,36,257925,200991,3356,0,451539,462274,913813
2025-04-02,2025,4,2,chokepoint4,Bab el-Mandeb Strait,6,9,5,2,11,22,33,58570,637695,9022,6767,613976,712056,1326033
2025-04-02,2025,4,2,chokepoint7,Cape of Good Hope,20,41,6,3,16,70,86,1108528,3689470,89530,22033,1185264,4909562,6094827
2025-04-03,2025,4,3,chokepoint1,Suez Canal,12,13,4,0,14,29,43,198614,807045,24536,0,814197,1030195,1844393
2025-04-03,2025,4,3,chokepoint4,Bab el-Mandeb Strait,9,6,6,1,19,22,41,109745,248036,41944,0,942499,399727,1342226
2025-04-03,2025,4,3,chokepoint7,Cape of Good Hope,19,42,2,1,21,64,85,1204451,2205711,23613,0,1731454,3433776,5165231
2025-04-04,2025,4,4,chokepoint1,Suez Canal,13,8,1,1,19,23,42,160534,336783,746,2293,789921,500357,1290278
2025-04-04,2025,4,4,chokepoint4,Bab el-Mandeb Strait,5,12,6,0,15,23,38,105842,670075,36111,0,791379,812029,1603408
2025-04-04,2025,4,4,chokepoint7,Cape of Good Hope,22,40,2,1,15,65,80,1465761,2806334,26327,0,859604,4298423,5158028
2025-04-05,2025,4,5,chokepoint1,Suez Canal,7,10,6,1,15,24,39,182982,514696,22773,0,708756,720453,1429209
2025-04-05,2025,4,5,chokepoint4,Bab el-Mandeb Strait,10,8,5,0,15,23,38,131462,551818,37965,0,508184,721247,1229432
2025-04-05,2025,4,5,chokepoint7,Cape of Good Hope,23,38,5,1,16,67,83,1208797,2477591,66987,6228,1238391,3759604,4997996
2025-04-06,2025,4,6,chokepoint1,Suez Canal,4,8,4,1,7,17,24,166342,444889,44467,1838,66607,657539,724146
2025-04-06,2025,4,6,chokepoint4,Bab el-Mandeb Strait,4,10,5,1,6,20,26,108207,541701,26202,0,228416,676110,904526
2025-04-06,2025,4,6,chokepoint7,Cape of Good Hope,16,30,2,3,13,51,64,1360753,3474355,30923,5789,726018,4871822,5597840
2025-04-07,2025,4,7,chokepoint1,Suez Canal,10,4,3,0,14,17,31,295963,207017,7636,0,562797,510617,1073415
2025-04-07,2025,4,7,chokepoint4,Bab el-Mandeb Strait,9,5,5,0,19,19,38,138622,180111,45854,0,1076752,364588,1441340
2025-04-07,2025,4,7,chokepoint7,Cape of Good Hope,22,34,1,6,26,63,89,1150313,1751434,0,20654,1729274,2922401,4651676
2025-04-08,2025,4,8,chokepoint1,Suez Canal,7,5,4,1,11,17,28,118185,492614,19569,0,594780,630369,1225149
2025-04-08,2025,4,8,chokepoint4,Bab el-Mandeb Strait,4,11,6,1,15,22,37,21859,640071,64260,0,613271,726192,1339463
2025-04-08,2025,4,8,chokepoint7,Cape of Good Hope,16,31,8,6,20,61,81,816393,2329685,84592,20093,1838139,3250764,5088903
2025-04-09,2025,4,9,chokepoint1,Suez Canal,7,11,3,0,16,21,37,238468,439059,13732,0,809743,691260,1501003
2025-04-09,2025,4,9,chokepoint4,Bab el-Mandeb Strait,7,9,7,1,10,24,34,85610,490138,70701,5664,753862,652114,1405976
2025-04-09,2025,4,9,chokepoint7,Cape of Good Hope,21,41,4,2,13,68,81,1573700,3418967,26948,8175,1435453,5027792,6463246
2025-04-10,2025,4,10,chokepoint1,Suez Canal,14,14,3,0,17,31,48,355859,724849,9088,0,771600,1089797,1861397
2025-04-10,2025,4,10,chokepoint4,Bab el-Mandeb Strait,4,7,8,2,10,21,31,32115,223700,82868,1838,452010,340522,792533
2025-04-10,2025,4,10,chokepoint7,Cape of Good Hope,16,29,1,1,18,47,65,787335,2500112,19548,8735,1263940,3315732,4579673
2025-04-11,2025,4,11,chokepoint1,Suez Canal,9,10,3,0,16,22,38,145251,408523,12910,0,1067134,566685,1633820
2025-04-11,2025,4,11,chokepoint4,Bab el-Mandeb Strait,6,1,2,2,14,11,25,52316,31493,8351,916,661655,93078,754733
2025-04-11,2025,4,11,chokepoint7,Cape of Good Hope,26,47,4,1,26,78,104,1675969,3421779,58482,3820,2284341,5160051,7444392
2025-04-12,2025,4,12,chokepoint1,Suez Canal,4,11,7,1,17,23,40,59326,788400,56815,0,641561,904541,1546103
2025-04-12,2025,4,12,chokepoint4,Bab el-Mandeb Strait,5,9,5,1,11,20,31,50752,496106,36287,0,658329,583145,1241475
2025-04-12,2025,4,12,chokepoint7,Cape of Good Hope,9,46,7,5,16,67,83,550890,3647952,41249,27347,1319127,4267439,5586566
2025-04-13,2025,4,13,chokepoint1,Suez Canal,10,11,5,1,25,27,52,219034,558175,46596,1095,1249586,824902,2074489
2025-04-13,2025,4,13,chokepoint4,Bab el-Mandeb Strait,9,7,6,2,16,24,40,102266,302886,30249,4912,750611,440315,1190927
2025-04-13,2025,4,13,chokepoint7,Cape of Good Hope,18,41,6,4,13,69,82,1299266,3301648,42539,20875,902523,4664330,5566854
2025-04-14,2025,4,14,chokepoint1,Suez Canal,11,5,4,2,12,22,34,293499,262498,26744,6492,466409,589234,1055644
2025-04-14,2025,4,14,chokepoint4,Bab el-Mandeb Strait,9,7,0,1,11,17,28,130320,300480,0,0,735151,430801,1165952
2025-04-14,2025,4,14,chokepoint7,Cape of Good Hope,15,43,4,1,13,63,76,1065182,3835179,60793,7886,611192,4969042,5580234
2025-04-15,2025,4,15,chokepoint1,Suez Canal,3,8,6,0,11,17,28,66227,390855,10591,0,631130,467673,1098804
2025-04-15,2025,4,15,chokepoint4,Bab el-Mandeb Strait,7,11,4,0,6,22,28,83654,668161,15456,0,352927,767272,1120199
2025-04-15,2025,4,15,chokepoint7,Cape of Good Hope,20,43,4,1,24,68,92,1313719,3309528,55326,3695,1571680,4682270,6253951
2025-04-16,2025,4,16,chokepoint1,Suez Canal,10,6,6,0,17,22,39,156585,246243,48305,0,1180657,451134,1631792
2025-04-16,2025,4,16,chokepoint4,Bab el-Mandeb Strait,9,7,2,1,16,19,35,113712,301338,7730,1754,839593,424535,1264129
2025-04-16,2025,4,16,chokepoint7,Cape of Good Hope,23,48,7,5,16,83,99,1431669,2428217,51307,15016,1046385,3926211,4972597
2025-04-17,2025,4,17,chokepoint1,Suez Canal,14,7,4,2,13,27,40,309288,356404,30630,4912,682366,701236,1383602
2025-04-17,2025,4,17,chokepoint4,Bab el-Mandeb Strait,1,10,3,0,9,14,23,0,539813,61921,0,740773,601735,1342508
2025-04-17,2025,4,17,chokepoint7,Cape of Good Hope,18,31,4,2,11,55,66,1028815,1763501,57672,11690,982390,2861678,3844069
2025-04-18,2025,4,18,chokepoint1,Suez Canal,11,7,4,1,22,23,45,84660,245865,6949,900,664726,338376,1003102
2025-04-18,2025,4,18,chokepoint4,Bab el-Mandeb Strait,6,9,3,1,13,19,32,118071,593541,18465,2768,383458,732846,1116304
2025-04-18,2025,4,18,chokepoint7,Cape of Good Hope,28,45,4,4,21,81,102,1761523,2879896,7596,14772,1239544,4663789,5903333
2025-04-19,2025,4,19,chokepoint1,Suez Canal,6,7,2,0,15,15,30,78694,219655,15266,0,610533,313617,924151
2025-04-19,2025,4,19,chokepoint4,Bab el-Mandeb Strait,8,15,7,1,13,31,44,107437,507935,61636,6492,813731,683502,1497234
2025-04-19,2025,4,19,chokepoint7,Cape of Good Hope,14,45,1,2,16,62,78,786105,3804731,0,7113,950227,4597951,5548178
2025-04-20,2025,4,20,chokepoint1,Suez Canal,8,8,3,0,12,19,31,196677,454932,9431,0,642579,661040,1303620
2025-04-20,2025,4,20,chokepoint4,Bab el-Mandeb Strait,8,6,0,1,5,15,20,95978,299497,0,0,322713,395476,718189
2025-04-20,2025,4,20,chokepoint7,Cape of Good Hope,17,27,4,4,18,52,70,1103656,1793699,56123,23942,1732738,2977420,4710159
2025-04-21,2025,4,21,chokepoint1,Suez Canal,11,13,2,0,10,26,36,196388,741303,16014,0,432494,953706,1386201
2025-04-21,2025,4,21,chokepoint4,Bab el-Mandeb Strait,8,13,8,1,13,30,43,62630,622393,60275,5677,1119545,750978,1870523
2025-04-21,2025,4,21,chokepoint7,Cape of Good Hope,17,32,4,5,19,58,77,828523,2112342,35824,19038,1287060,2995728,4282788
2025-04-22,2025,4,22,chokepoint1,Suez Canal,10,9,6,3,12,28,40,285528,481565,8547,2768,434115,778409,1212525
2025-04-22,2025,4,22,chokepoint4,Bab el-Mandeb Strait,11,10,5,1,8,27,35,189157,458622,26698,6056,579061,680535,1259596
2025-04-22,2025,4,22,chokepoint7,Cape of Good Hope,22,39,4,5,11,70,81,1429915,3005393,54814,20163,535116,4510288,5045404
2025-04-23,2025,4,23,chokepoint1,Suez Canal,9,11,4,1,14,25,39,297417,645697,38186,2502,449632,983803,1433436
2025-04-23,2025,4,23,chokepoint4,Bab el-Mandeb Strait,4,12,7,0,9,23,32,41048,625266,41569,0,609852,707885,1317737
2025-04-23,2025,4,23,chokepoint7,Cape of Good Hope,20,50,3,5,16,78,94,1208313,4441405,17198,22906,1088868,5689824,6778693
2025-04-24,2025,4,24,chokepoint1,Suez Canal,9,9,3,0,13,21,34,222089,365885,3223,0,531838,591198,1123037
2025-04-24,2025,4,24,chokepoint4,Bab el-Mandeb Strait,6,7,2,0,17,15,32,62743,285689,2365,0,1009275,350798,1360074
2025-04-24,2025,4,24,chokepoint7,Cape of Good Hope,27,48,3,5,21,83,104,1757779,3476752,28770,22688,1287712,5285990,6573702
2025-04-25,2025,4,25,chokepoint1,Suez Canal,9,12,3,0,16,24,40,116782,520861,9400,0,726048,647043,1373092
2025-04-25,2025,4,25,chokepoint4,Bab el-Mandeb Strait,8,9,2,0,12,19,31,89643,428386,5162,0,803776,523192,1326968
2025-04-25,2025,4,25,chokepoint7,Cape of Good Hope,21,51,3,1,16,76,92,1602144,4384784,31087,2505,841470,6020522,6861992
2025-04-26,2025,4,26,chokepoint1,Suez Canal,11,6,3,1,9,21,30,160636,311123,12877,5677,422538,490315,912853
2025-04-26,2025,4,26,chokepoint4,Bab el-Mandeb Strait,8,13,2,2,11,25,36,78621,526118,11507,4229,522746,620476,1143222
2025-04-26,2025,4,26,chokepoint7,Cape of Good Hope,15,44,5,7,19,71,90,967246,3274175,46668,24752,1306874,4312842,5619717
2025-04-27,2025,4,27,chokepoint1,Suez Canal,7,8,7,0,10,22,32,144773,292882,40333,0,765872,477988,1243861
2025-04-27,2025,4,27,chokepoint4,Bab el-Mandeb Strait,6,9,6,1,5,22,27,70614,614092,40850,0,201120,725556,926677
2025-04-27,2025,4,27,chokepoint7,Cape of Good Hope,21,38,3,3,13,65,78,1255525,2810950,37805,17083,1184398,4121364,5305762
2025-04-28,2025,4,28,chokepoint1,Suez Canal,7,9,6,1,10,23,33,97777,246656,59270,6056,361922,409761,771683
2025-04-28,2025,4,28,chokepoint4,Bab el-Mandeb Strait,4,11,6,0,11,21,32,77436,581268,66140,0,202491,724844,927335
2025-04-28,2025,4,28,chokepoint7,Cape of Good Hope,19,43,4,6,10,72,82,978135,2639439,25230,33206,1008800,3676010,4684811
2025-04-29,2025,4,29,chokepoint1,Suez Canal,12,15,6,2,24,35,59,156298,919124,36868,0,1015965,1112291,2128256
2025-04-29,2025,4,29,chokepoint4,Bab el-Mandeb Strait,7,13,7,1,11,28,39,107617,708078,40727,0,662272,856424,1518696
2025-04-29,2025,4,29,chokepoint7,Cape of Good Hope,16,46,2,3,22,67,89,1055869,3379872,51942,3985,1406039,4491669,5897709
2025-04-30,2025,4,30,chokepoint1,Suez Canal,3,2,1,0,11,6,17,14374,168218,434,0,472180,183027,655208
2025-04-30,2025,4,30,chokepoint4,Bab el-Mandeb Strait,4,9,5,0,10,18,28,58080,454544,8762,0,622965,521386,1144352
2025-04-30,2025,4,30,chokepoint7,Cape of Good Hope,18,46,4,2,15,70,85,1393956,3437573,68825,11062,654597,4911417,5566015
2025-05-01,2025,5,1,chokepoint1,Suez Canal,15,8,4,1,23,28,51,309622,505904,22363,6056,1408217,843946,2252164
2025-05-01,2025,5,1,chokepoint4,Bab el-Mandeb Strait,8,4,6,0,8,18,26,157875,177644,29978,0,457048,365499,822548
2025-05-01,2025,5,1,chokepoint7,Cape of Good Hope,9,35,1,2,13,47,60,598980,2319621,0,6291,1405691,2924893,4330585
2025-05-02,2025,5,2,chokepoint1,Suez Canal,8,12,3,2,10,25,35,132791,585276,22286,4442,662776,744797,1407573
2025-05-02,2025,5,2,chokepoint4,Bab el-Mandeb Strait,7,6,3,0,6,16,22,126336,103146,34670,0,316843,264152,580996
2025-05-02,2025,5,2,chokepoint7,Cape of Good Hope,20,28,0,6,9,54,63,1551862,2868771,0,8067,317067,4428701,4745768
2025-05-03,2025,5,3,chokepoint1,Suez Canal,8,8,7,0,10,23,33,123694,572599,59757,0,479949,756051,1236001
2025-05-03,2025,5,3,chokepoint4,Bab el-Mandeb Strait,9,7,3,2,20,21,41,118672,357645,51958,6258,543040,534534,1077575
2025-05-03,2025,5,3,chokepoint7,Cape of Good Hope,13,37,2,2,17,54,71,680477,2776671,52498,10207,1472178,3519855,4992033
2025-05-04,2025,5,4,chokepoint1,Suez Canal,7,9,2,0,8,18,26,154200,480376,387,0,330518,634964,965482
2025-05-04,2025,5,4,chokepoint4,Bab el-Mandeb Strait,5,8,6,2,12,21,33,61518,547648,5826,7508,747923,622501,1370425
2025-05-04,2025,5,4,chokepoint7,Cape of Good Hope,28,45,9,1,17,83,100,1995839,3516071,105861,7529,773455,5625301,6398757
2025-05-05,2025,5,5,chokepoint1,Suez Canal,9,8,4,1,13,22,35,215768,378369,32452,3556,408209,630146,1038355
2025-05-05,2025,5,5,chokepoint4,Bab el-Mandeb Strait,7,4,3,1,11,15,26,109320,351297,7884,4442,568294,472944,1041238
2025-05-05,2025,5,5,chokepoint7,Cape of Good Hope,23,59,6,5,17,93,110,1573405,4832580,59054,28203,746883,6493244,7240127
2025-05-06,2025,5,6,chokepoint1,Suez Canal,10,6,7,0,12,23,35,387168,139292,34233,0,444521,560694,1005215
2025-05-06,2025,5,6,chokepoint4,Bab el-Mandeb Strait,3,11,4,1,12,19,31,30628,574719,8985,5042,647814,619376,1267191
2025-05-06,2025,5,6,chokepoint7,Cape of Good Hope,30,45,6,5,25,86,111,1760065,3799287,30760,21162,1155611,5611275,6766886
2025-05-07,2025,5,7,chokepoint1,Suez Canal,11,8,4,0,9,23,32,291617,157536,40798,0,402614,489952,892567
2025-05-07,2025,5,7,chokepoint4,Bab el-Mandeb Strait,8,6,5,1,9,20,29,106007,401745,26401,0,303908,534154,838063
2025-05-07,2025,5,7,chokepoint7,Cape of Good Hope,19,56,6,2,14,83,97,997040,4743710,19747,7865,1629305,5768362,7397668
2025-05-08,2025,5,8,chokepoint1,Suez Canal,11,10,0,1,17,22,39,188149,472955,0,0,633604,661105,1294709
2025-05-08,2025,5,8,chokepoint4,Bab el-Mandeb Strait,6,13,7,0,13,26,39,92749,829946,36509,0,961007,959205,1920213
2025-05-08,2025,5,8,chokepoint7,Cape of Good Hope,24,52,6,2,19,84,103,1236710,3586649,75313,7210,903600,4905883,5809484
2025-05-09,2025,5,9,chokepoint1,Suez Canal,12,6,4,0,9,22,31,150688,116781,10922,0,737822,278392,1016215
2025-05-09,2025,5,9,chokepoint4,Bab el-Mandeb Strait,6,12,8,0,9,26,35,64672,835485,23637,0,292014,923795,1215809
2025-05-09,2025,5,9,chokepoint7,Cape of Good Hope,23,43,2,1,15,69,84,1625558,3091603,5562,4351,651195,4727076,5378272
2025-05-10,2025,5,10,chokepoint1,Suez Canal,10,8,2,0,22,20,42,194089,644228,4880,0,964727,843198,1807926
2025-05-10,2025,5,10,chokepoint4,Bab el-Mandeb Strait,5,6,8,1,16,20,36,55405,221580,71983,0,859007,348969,1207977
2025-05-10,2025,5,10,chokepoint7,Cape of Good Hope,3,37,2,2,20,44,64,270173,2147742,7549,18537,1100829,2444002,3544831
2025-05-11,2025,5,11,chokepoint1,Suez Canal,3,6,2,2,13,13,26,64069,188319,14169,7038,346130,273596,619727
2025-05-11,2025,5,11,chokepoint4,Bab el-Mandeb Strait,5,11,4,0,8,20,28,67075,542104,2371,0,441047,611551,1052599
2025-05-11,2025,5,11,chokepoint7,Cape of Good Hope,8,40,0,2,12,50,62,307071,3640461,0,13863,524524,3961395,4485920
2025-05-12,2025,5,12,chokepoint1,Suez Canal,5,5,4,1,9,15,24,161980,307867,17564,0,412311,487412,899723
2025-05-12,2025,5,12,chokepoint4,Bab el-Mandeb Strait,6,13,6,0,8,25,33,62397,727152,23191,0,321928,812742,1134670
2025-05-12,2025,5,12,chokepoint7,Cape of Good Hope,31,47,6,5,19,89,108,1858546,3599462,86365,29964,1392769,5574340,6967109
2025-05-13,2025,5,13,chokepoint1,Suez Canal,11,13,3,1,13,28,41,228963,666668,10834,0,350597,906466,1257064
2025-05-13,2025,5,13,chokepoint4,Bab el-Mandeb Strait,10,10,5,0,7,25,32,134293,373646,13035,0,499522,520975,1020497
2025-05-13,2025,5,13,chokepoint7,Cape of Good Hope,21,35,4,6,19,66,85,1594435,2199598,25548,23150,1551009,3842733,5393742
2025-05-14,2025,5,14,chokepoint1,Suez Canal,8,15,4,0,15,27,42,165642,674231,22900,0,1195346,862774,2058121
2025-05-14,2025,5,14,chokepoint4,Bab el-Mandeb Strait,10,9,3,1,6,23,29,146403,342719,1643,0,362153,490766,852920
2025-05-14,2025,5,14,chokepoint7,Cape of Good Hope,41,62,7,8,21,118,139,2485220,3625596,89613,41916,996936,6242347,7239283
2025-05-15,2025,5,15,chokepoint1,Suez Canal,12,14,5,2,16,33,49,160965,660190,47694,0,728812,868851,1597663
2025-05-15,2025,5,15,chokepoint4,Bab el-Mandeb Strait,4,7,3,3,17,17,34,67346,207174,2925,0,1106904,277447,1384351
2025-05-15,2025,5,15,chokepoint7,Cape of Good Hope,25,49,8,4,16,86,102,1512488,2343962,48175,18057,617753,3922684,4540437
2025-05-16,2025,5,16,chokepoint1,Suez Canal,14,11,5,1,14,31,45,209436,636384,41759,5668,666158,893249,1559407
2025-05-16,2025,5,16,chokepoint4,Bab el-Mandeb Strait,7,7,7,2,16,23,39,120262,161491,35767,6307,598278,323829,922107
2025-05-16,2025,5,16,chokepoint7,Cape of Good Hope,28,63,5,3,24,99,123,1768905,5168847,57443,16121,1881120,7011317,8892438
2025-05-17,2025,5,17,chokepoint1,Suez Canal,6,6,5,0,18,17,35,131869,361603,16227,0,1005666,509699,1515366
2025-05-17,2025,5,17,chokepoint4,Bab el-Mandeb Strait,7,8,5,1,12,21,33,155094,324048,7265,0,659462,486408,1145870
2025-05-17,2025,5,17,chokepoint7,Cape of Good Hope,18,57,7,2,16,84,100,1229469,4358955,37154,9079,743318,5634660,6377978
2025-05-18,2025,5,18,chokepoint1,Suez Canal,16,9,2,1,10,28,38,252687,590613,14660,0,412596,857960,1270557
2025-05-18,2025,5,18,chokepoint4,Bab el-Mandeb Strait,9,11,4,1,10,25,35,103493,495692,1717,0,595477,600903,1196380
2025-05-18,2025,5,18,chokepoint7,Cape of Good Hope,19,48,8,5,24,80,104,1216553,3946720,102590,28493,1456975,5294358,6751334
2025-05-19,2025,5,19,chokepoint1,Suez Canal,9,8,2,0,11,19,30,153111,453377,23503,0,681901,629992,1311894
2025-05-19,2025,5,19,chokepoint4,Bab el-Mandeb Strait,8,9,5,2,9,24,33,91726,385504,47340,9376,664174,533948,1198123
2025-05-19,2025,5,19,chokepoint7,Cape of Good Hope,11,43,4,7,19,65,84,713057,2442423,20282,26470,1846906,3202233,5049140
2025-05-20,2025,5,20,chokepoint1,Suez Canal,9,12,4,1,24,26,50,280587,455392,31728,4604,1252320,772313,2024633
2025-05-20,2025,5,20,chokepoint4,Bab el-Mandeb Strait,5,13,8,0,10,26,36,57662,633244,97298,0,556789,788205,1344994
2025-05-20,2025,5,20,chokepoint7,Cape of Good Hope,6,32,0,2,10,40,50,487882,2274302,0,6228,829568,2768413,3597981
2025-05-21,2025,5,21,chokepoint1,Suez Canal,9,7,2,1,17,19,36,211431,326918,39368,0,983014,577717,1560732
2025-05-21,2025,5,21,chokepoint4,Bab el-Mandeb Strait,7,9,7,0,15,23,38,87924,484552,30051,0,1036629,602528,1639158
2025-05-21,2025,5,21,chokepoint7,Cape of Good Hope,10,24,1,0,15,35,50,480690,2099586,0,0,1276660,2580277,3856937
2025-05-22,2025,5,22,chokepoint1,Suez Canal,7,2,3,0,15,12,27,208137,105833,35849,0,247013,349820,596833
2025-05-22,2025,5,22,chokepoint4,Bab el-Mandeb Strait,8,6,5,0,9,19,28,77757,260943,29077,0,344960,367778,712738
2025-05-22,2025,5,22,chokepoint7,Cape of Good Hope,16,30,2,1,17,49,66,834206,1814028,2624,6911,1797134,2657770,4454905
2025-05-23,2025,5,23,chokepoint1,Suez Canal,8,7,7,1,14,23,37,120152,207321,62096,1703,945662,391273,1336936
2025-05-23,2025,5,23,chokepoint4,Bab el-Mandeb Strait,8,8,6,3,15,25,40,125495,301221,35810,4921,969169,467448,1436617
2025-05-23,2025,5,23,chokepoint7,Cape of Good Hope,22,43,1,4,19,70,89,1277307,3394511,5262,13730,1331422,4690813,6022235
2025-05-24,2025,5,24,chokepoint1,Suez Canal,8,12,2,0,21,22,43,196127,634774,11610,0,859566,842512,1702078
2025-05-24,2025,5,24,chokepoint4,Bab el-Mandeb Strait,4,7,6,2,10,19,29,46417,460428,53711,1095,648554,561654,1210208
2025-05-24,2025,5,24,chokepoint7,Cape of Good Hope,34,47,6,10,14,97,111,1851339,3447071,31169,32876,605887,5362457,5968344
2025-05-25,2025,5,25,chokepoint1,Suez Canal,10,14,4,0,16,28,44,136178,650880,5419,0,582854,792479,1375333
2025-05-25,2025,5,25,chokepoint4,Bab el-Mandeb Strait,7,10,6,0,15,23,38,115141,501320,37739,0,864982,654201,1519183
2025-05-25,2025,5,25,chokepoint7,Cape of Good Hope,31,50,4,3,15,88,103,2198733,3131035,45232,26117,576582,5401118,5977700
2025-05-26,2025,5,26,chokepoint1,Suez Canal,9,7,3,1,10,20,30,255907,385836,8444,0,338319,650189,988508
2025-05-26,2025,5,26,chokepoint4,Bab el-Mandeb Strait,6,11,6,1,8,24,32,93664,482985,54084,5286,423817,636021,1059838
2025-05-26,2025,5,26,chokepoint7,Cape of Good Hope,17,47,8,2,24,74,98,964113,4006476,79818,11305,1615279,5061713,6676993
2025-05-27,2025,5,27,chokepoint1,Suez Canal,10,12,1,0,11,23,34,109542,543963,7429,0,613790,660935,1274725
2025-05-27,2025,5,27,chokepoint4,Bab el-Mandeb Strait,3,10,8,1,16,22,38,23238,255171,19688,2707,900148,300805,1200954
2025-05-27,2025,5,27,chokepoint7,Cape of Good Hope,20,50,1,3,18,74,92,1305867,4477955,6599,22865,614895,5813288,6428184
2025-05-28,2025,5,28,chokepoint1,Suez Canal,8,8,4,0,9,20,29,297895,316805,30738,0,313122,645439,958561
2025-05-28,2025,5,28,chokepoint4,Bab el-Mandeb Strait,6,4,3,1,9,14,23,125872,190304,6642,0,624108,322819,946928
2025-05-28,2025,5,28,chokepoint7,Cape of Good Hope,27,46,2,5,21,80,101,2017980,3902064,35877,17215,1225871,5973137,7199009
2025-05-29,2025,5,29,chokepoint1,Suez Canal,10,9,5,2,18,26,44,204985,348026,31752,3139,700367,587903,1288271
2025-05-29,2025,5,29,chokepoint4,Bab el-Mandeb Strait,8,11,9,1,10,29,39,77315,699654,91720,2300,605122,870990,1476112
2025-05-29,2025,5,29,chokepoint7,Cape of Good Hope,17,36,3,1,20,57,77,1055496,2626404,11188,6228,1272946,3699316,4972263
2025-05-30,2025,5,30,chokepoint1,Suez Canal,6,7,5,1,21,19,40,74588,292823,77248,0,1000851,444660,1445511
2025-05-30,2025,5,30,chokepoint4,Bab el-Mandeb Strait,8,10,5,1,13,24,37,94057,446468,9531,0,360858,550057,910916
2025-05-30,2025,5,30,chokepoint7,Cape of Good Hope,10,47,4,2,10,63,73,650185,4539539,26499,3029,287485,5219254,5506739
2025-05-31,2025,5,31,chokepoint1,Suez Canal,9,12,3,0,18,24,42,224298,658665,21578,0,1018299,904542,1922841
2025-05-31,2025,5,31,chokepoint4,Bab el-Mandeb Strait,7,7,4,1,8,19,27,104938,483816,5245,6492,633695,600492,1234187
2025-05-31,2025,5,31,chokepoint7,Cape of Good Hope,12,46,2,6,18,66,84,734178,4381915,34670,25221,1527445,5175986,6703431
2025-06-01,2025,6,1,chokepoint1,Suez Canal,10,11,3,1,12,25,37,256130,776800,42118,5042,567368,1080092,1647461
2025-06-01,2025,6,1,chokepoint4,Bab el-Mandeb Strait,10,11,6,0,12,27,39,107909,534586,43927,0,467213,686422,1153636
2025-06-01,2025,6,1,chokepoint7,Cape of Good Hope,15,38,3,3,14,59,73,1098733,2223254,49355,16855,707631,3388199,4095830
2025-06-02,2025,6,2,chokepoint1,Suez Canal,10,5,5,0,13,20,33,254694,353766,29771,0,837551,638231,1475783
2025-06-02,2025,6,2,chokepoint4,Bab el-Mandeb Strait,10,11,9,0,10,30,40,167581,527042,29962,0,522957,724587,1247544
2025-06-02,2025,6,2,chokepoint7,Cape of Good Hope,26,51,4,4,16,85,101,1516655,3622956,11633,12298,445528,5163543,5609072
2025-06-03,2025,6,3,chokepoint1,Suez Canal,6,9,1,0,11,16,27,153067,197220,8536,0,358297,358824,717122
2025-06-03,2025,6,3,chokepoint4,Bab el-Mandeb Strait,7,8,4,1,10,20,30,57270,261604,55697,0,453935,374572,828508
2025-06-03,2025,6,3,chokepoint7,Cape of Good Hope,29,52,7,8,15,96,111,1578615,4305547,96608,42725,713418,6023497,6736916
2025-06-04,2025,6,4,chokepoint1,Suez Canal,7,9,3,1,14,20,34,133708,395545,19265,0,587127,548519,1135646
2025-06-04,2025,6,4,chokepoint4,Bab el-Mandeb Strait,6,14,6,2,15,28,43,95875,574707,66098,5042,889642,741723,1631366
2025-06-04,2025,6,4,chokepoint7,Cape of Good Hope,19,47,4,1,18,71,89,1228101,3541055,61903,2923,1313985,4833983,6147968
2025-06-05,2025,6,5,chokepoint1,Suez Canal,11,4,6,4,8,25,33,180685,273162,14562,6492,331756,474903,806660
2025-06-05,2025,6,5,chokepoint4,Bab el-Mandeb Strait,7,10,3,0,11,20,31,137233,419613,37204,0,525652,594051,1119703
2025-06-05,2025,6,5,chokepoint7,Cape of Good Hope,39,43,4,4,15,90,105,2049686,2172982,44245,17663,937909,4284577,5222487
2025-06-06,2025,6,6,chokepoint1,Suez Canal,14,3,5,0,18,22,40,303597,155275,7957,0,833719,466830,1300550
2025-06-06,2025,6,6,chokepoint4,Bab el-Mandeb Strait,10,6,5,0,11,21,32,137894,315842,39308,0,792863,493045,1285908
2025-06-06,2025,6,6,chokepoint7,Cape of Good Hope,29,46,3,5,22,83,105,1787051,3079827,33154,28463,1324053,4928495,6252549
2025-06-07,2025,6,7,chokepoint1,Suez Canal,10,8,2,0,13,20,33,114125,260605,3029,0,858977,377759,1236737
2025-06-07,2025,6,7,chokepoint4,Bab el-Mandeb Strait,10,14,5,0,11,29,40,157959,873912,30886,0,543515,1062758,1606274
2025-06-07,2025,6,7,chokepoint7,Cape of Good Hope,18,57,4,0,20,79,99,1232041,4602731,20632,0,656826,5855405,6512232
2025-06-08,2025,6,8,chokepoint1,Suez Canal,8,9,5,0,15,22,37,179780,368035,18527,0,630417,566343,1196760
2025-06-08,2025,6,8,chokepoint4,Bab el-Mandeb Strait,5,8,2,2,12,17,29,65242,303042,6279,0,627976,374563,1002539
2025-06-08,2025,6,8,chokepoint7,Cape of Good Hope,14,56,3,1,14,74,88,1016222,5261838,58808,5789,436178,6342659,6778837
2025-06-09,2025,6,9,chokepoint1,Suez Canal,9,12,1,0,18,22,40,133996,501761,1676,0,965786,637434,1603221
2025-06-09,2025,6,9,chokepoint4,Bab el-Mandeb Strait,3,14,9,0,19,26,45,49709,583717,82443,0,453048,715869,1168918
2025-06-09,2025,6,9,chokepoint7,Cape of Good Hope,21,42,2,3,18,68,86,1532038,2916497,15040,19876,636743,4483451,5120195
2025-06-10,2025,6,10,chokepoint1,Suez Canal,7,11,2,0,16,20,36,245989,641177,2963,0,362358,890129,1252488
2025-06-10,2025,6,10,chokepoint4,Bab el-Mandeb Strait,4,8,5,1,11,18,29,42333,371762,39585,0,592944,453682,1046626
2025-06-10,2025,6,10,chokepoint7,Cape of Good Hope,29,30,5,7,22,71,93,1252832,2737036,87472,24408,700325,4101749,4802075
2025-06-11,2025,6,11,chokepoint1,Suez Canal,12,7,8,3,17,30,47,233611,280301,31290,0,779351,545203,1324554
2025-06-11,2025,6,11,chokepoint4,Bab el-Mandeb Strait,9,8,6,1,11,24,35,151339,445211,38120,4013,425054,638685,1063739
2025-06-11,2025,6,11,chokepoint7,Cape of Good Hope,15,36,2,3,9,56,65,815101,2869528,21879,10694,572751,3717204,4289956
2025-06-12,2025,6,12,chokepoint1,Suez Canal,10,8,5,0,15,23,38,221165,425734,22514,0,723051,669414,1392466
2025-06-12,2025,6,12,chokepoint4,Bab el-Mandeb Strait,11,13,9,0,11,33,44,109083,591909,48144,0,757506,749137,1506644
2025-06-12,2025,6,12,chokepoint7,Cape of Good Hope,19,50,0,2,12,71,83,1332654,4587052,0,4461,1200422,5924169,7124591
2025-06-13,2025,6,13,chokepoint1,Suez Canal,10,9,3,0,20,22,42,129418,534132,12114,0,999916,675665,1675581
2025-06-13,2025,6,13,chokepoint4,Bab el-Mandeb Strait,5,10,2,0,7,17,24,67081,403911,7008,0,323430,478001,801432
2025-06-13,2025,6,13,chokepoint7,Cape of Good Hope,18,43,3,5,13,69,82,761622,3872216,46686,21904,1609129,4702430,6311560
2025-06-14,2025,6,14,chokepoint1,Suez Canal,7,7,4,0,16,18,34,141018,428484,5478,0,383292,574982,958274
2025-06-14,2025,6,14,chokepoint4,Bab el-Mandeb Strait,4,12,4,2,14,22,36,77320,539680,63662,6056,521170,686719,1207890
2025-06-14,2025,6,14,chokepoint7,Cape of Good Hope,31,64,6,1,21,102,123,1905858,4367799,39778,6977,1890373,6320413,8210787
2025-06-15,2025,6,15,chokepoint1,Suez Canal,13,8,5,0,16,26,42,208631,237982,44019,0,636926,490632,1127558
2025-06-15,2025,6,15,chokepoint4,Bab el-Mandeb Strait,10,8,3,2,12,23,35,156064,361764,4072,9044,516233,530945,1047179
2025-06-15,2025,6,15,chokepoint7,Cape of Good Hope,22,46,4,8,23,80,103,1499572,3625635,74248,54101,2135833,5253557,7389390
2025-06-16,2025,6,16,chokepoint1,Suez Canal,9,5,4,0,12,18,30,112024,187719,5994,0,523382,305738,829120
2025-06-16,2025,6,16,chokepoint4,Bab el-Mandeb Strait,11,5,4,1,14,21,35,100988,180433,19020,5677,793127,306121,1099248
2025-06-16,2025,6,16,chokepoint7,Cape of Good Hope,22,61,3,5,21,91,112,954492,4397989,6759,32588,1361202,5391830,6753032
2025-06-17,2025,6,17,chokepoint1,Suez Canal,9,12,9,0,15,30,45,280632,518079,64928,0,876154,863640,1739795
2025-06-17,2025,6,17,chokepoint4,Bab el-Mandeb Strait,1,8,6,0,8,15,23,13325,417689,18226,0,798767,449241,1248009
2025-06-17,2025,6,17,chokepoint7,Cape of Good Hope,11,50,1,1,12,63,75,523279,3924991,7360,7529,800646,4463161,5263807
2025-06-18,2025,6,18,chokepoint1,Suez Canal,8,16,4,0,16,28,44,310935,534165,29974,0,656682,875075,1531757
2025-06-18,2025,6,18,chokepoint4,Bab el-Mandeb Strait,5,7,4,1,9,17,26,91193,165782,20944,2127,409373,280048,689421
2025-06-18,2025,6,18,chokepoint7,Cape of Good Hope,15,48,0,2,22,65,87,993139,2690466,0,12452,1265289,3696058,4961348
2025-06-19,2025,6,19,chokepoint1,Suez Canal,8,12,4,2,8,26,34,145268,475677,10791,15100,216305,646838,863143
2025-06-19,2025,6,19,chokepoint4,Bab el-Mandeb Strait,3,5,2,0,12,10,22,36601,368238,2943,0,659713,407783,1067497
2025-06-19,2025,6,19,chokepoint7,Cape of Good Hope,20,31,1,1,10,53,63,1187246,1988937,3438,5962,711638,3185585,3897224
2025-06-20,2025,6,20,chokepoint1,Suez Canal,10,6,8,0,11,24,35,221111,207036,66650,0,689181,494797,1183979
2025-06-20,2025,6,20,chokepoint4,Bab el-Mandeb Strait,7,4,2,1,13,14,27,88725,209277,23046,2768,751073,323817,1074890
2025-06-20,2025,6,20,chokepoint7,Cape of Good Hope,15,35,3,5,17,58,75,1267626,2875515,22543,7899,1433265,4173585,5606851
2025-06-21,2025,6,21,chokepoint1,Suez Canal,10,6,2,0,18,18,36,163303,302574,4868,0,804047,470745,1274793
2025-06-21,2025,6,21,chokepoint4,Bab el-Mandeb Strait,8,5,0,0,11,13,24,120330,277140,0,0,515422,397470,912892
2025-06-21,2025,6,21,chokepoint7,Cape of Good Hope,47,44,2,2,22,95,117,2228090,4329634,1686,3902,1784004,6563313,8347318
2025-06-22,2025,6,22,chokepoint1,Suez Canal,9,6,2,1,16,18,34,175714,236738,19012,4289,619224,435755,1054980
2025-06-22,2025,6,22,chokepoint4,Bab el-Mandeb Strait,2,5,3,0,15,10,25,27242,257766,22760,0,989790,307769,1297560
2025-06-22,2025,6,22,chokepoint7,Cape of Good Hope,29,37,5,5,13,76,89,2421144,3319779,49964,18770,1218325,5809658,7027983
2025-06-23,2025,6,23,chokepoint1,Suez Canal,5,9,4,0,9,18,27,52885,314051,8563,0,434105,375500,809606
2025-06-23,2025,6,23,chokepoint4,Bab el-Mandeb Strait,6,11,2,1,9,20,29,65891,522725,5634,6621,324248,600872,925121
2025-06-23,2025,6,23,chokepoint7,Cape of Good Hope,9,32,3,2,16,46,62,518756,2282936,70868,11440,1420110,2884003,4304113
2025-06-24,2025,6,24,chokepoint1,Suez Canal,9,7,3,1,15,20,35,333168,414170,26958,2768,547036,777065,1324101
2025-06-24,2025,6,24,chokepoint4,Bab el-Mandeb Strait,3,11,3,0,15,17,32,52646,427138,13889,0,554514,493674,1048189
2025-06-24,2025,6,24,chokepoint7,Cape of Good Hope,22,42,5,4,15,73,88,1026463,3048048,57747,7342,678651,4139600,4818251
2025-06-25,2025,6,25,chokepoint1,Suez Canal,4,4,3,1,16,12,28,191211,126044,3294,0,379313,320551,699864
2025-06-25,2025,6,25,chokepoint4,Bab el-Mandeb Strait,5,8,4,0,10,17,27,57832,342463,18446,0,527890,418743,946634
2025-06-25,2025,6,25,chokepoint7,Cape of Good Hope,8,46,2,4,9,60,69,481863,4448147,43497,23348,936368,4996856,5933224
2025-06-26,2025,6,26,chokepoint1,Suez Canal,12,5,1,1,19,19,38,189125,393304,28278,6492,829782,617201,1446983
2025-06-26,2025,6,26,chokepoint4,Bab el-Mandeb Strait,7,10,2,0,9,19,28,137247,461818,15176,0,678359,614242,1292602
2025-06-26,2025,6,26,chokepoint7,Cape of Good Hope,14,44,2,1,18,61,79,1188822,3388704,36766,7346,1025181,4621639,5646821
2025-06-27,2025,6,27,chokepoint1,Suez Canal,12,11,3,1,20,27,47,271063,712265,9411,6621,850072,999362,1849434
2025-06-27,2025,6,27,chokepoint4,Bab el-Mandeb Strait,9,3,7,0,14,19,33,119951,65391,26360,0,533442,211703,745146
2025-06-27,2025,6,27,chokepoint7,Cape of Good Hope,15,33,2,1,15,51,66,1200928,1631133,22442,7326,972251,2861831,3834082
2025-06-28,2025,6,28,chokepoint1,Suez Canal,6,9,5,2,13,22,35,142825,276224,22098,4922,694136,446071,1140207
2025-06-28,2025,6,28,chokepoint4,Bab el-Mandeb Strait,9,10,3,0,9,22,31,164966,631440,47216,0,491959,843624,1335583
2025-06-28,2025,6,28,chokepoint7,Cape of Good Hope,31,41,2,6,12,80,92,1973176,2514491,12963,15787,227863,4516418,4744282
2025-06-29,2025,6,29,chokepoint1,Suez Canal,10,11,6,0,10,27,37,284886,384030,34002,0,552393,702919,1255313
2025-06-29,2025,6,29,chokepoint4,Bab el-Mandeb Strait,5,7,1,0,6,13,19,70369,259712,14316,0,399740,344398,744139
2025-06-29,2025,6,29,chokepoint7,Cape of Good Hope,24,61,5,8,18,98,116,1526175,4637857,33264,15615,1261420,6212913,7474333
2025-06-30,2025,6,30,chokepoint1,Suez Canal,11,6,5,0,14,22,36,112248,222691,32837,0,638192,367777,1005970
2025-06-30,2025,6,30,chokepoint4,Bab el-Mandeb Strait,1,12,3,1,15,17,32,4948,542954,55350,2160,734828,605414,1340242
2025-06-30,2025,6,30,chokepoint7,Cape of Good Hope,32,70,5,11,27,118,145,2011855,5908648,52917,50494,1718529,8023915,9742444
2025-07-01,2025,7,1,chokepoint1,Suez Canal,6,10,3,1,16,20,36,184200,470759,2779,0,802872,657739,1460612
2025-07-01,2025,7,1,chokepoint4,Bab el-Mandeb Strait,6,13,5,4,15,28,43,74682,454388,27409,16565,639936,573046,1212983
2025-07-01,2025,7,1,chokepoint7,Cape of Good Hope,29,74,8,6,27,117,144,1315812,5582285,94591,15814,1619581,7008503,8628085
2025-07-02,2025,7,2,chokepoint1,Suez Canal,8,11,3,1,15,23,38,196219,352795,48961,0,984798,597975,1582774
2025-07-02,2025,7,2,chokepoint4,Bab el-Mandeb Strait,8,9,2,0,15,19,34,75044,523056,4374,0,1179251,602475,1781727
2025-07-02,2025,7,2,chokepoint7,Cape of Good Hope,23,60,8,5,12,96,108,1501717,6300826,95508,18880,861073,7916933,8778006
2025-07-03,2025,7,3,chokepoint1,Suez Canal,11,8,4,0,16,23,39,173270,416732,10081,0,762562,600084,1362646
2025-07-03,2025,7,3,chokepoint4,Bab el-Mandeb Strait,4,13,2,0,10,19,29,58868,625816,15994,0,867377,700679,1568056
2025-07-03,2025,7,3,chokepoint7,Cape of Good Hope,23,53,6,2,14,84,98,1447600,3284438,69161,5932,990424,4807133,5797557
2025-07-04,2025,7,4,chokepoint1,Suez Canal,7,9,1,1,11,18,29,119947,612162,5921,2160,540516,740192,1280708
2025-07-04,2025,7,4,chokepoint4,Bab el-Mandeb Strait,6,6,4,0,14,16,30,84821,259120,18708,0,534433,362650,897084
2025-07-04,2025,7,4,chokepoint7,Cape of Good Hope,21,48,4,3,14,76,90,1440434,3555302,21433,13444,445201,5030616,5475817
2025-07-05,2025,7,5,chokepoint1,Suez Canal,4,11,6,0,14,21,35,41436,534085,45889,0,666142,621412,1287554
2025-07-05,2025,7,5,chokepoint4,Bab el-Mandeb Strait,10,5,3,0,7,18,25,103513,226325,10138,0,437782,339977,777759
2025-07-05,2025,7,5,chokepoint7,Cape of Good Hope,9,45,4,2,15,60,75,749981,3735673,4233,12382,1032195,4502270,5534466
2025-07-06,2025,7,6,chokepoint1,Suez Canal,9,9,5,2,21,25,46,202662,281969,15919,3311,1009516,503863,1513379
2025-07-06,2025,7,6,chokepoint4,Bab el-Mandeb Strait,5,12,6,0,7,23,30,71199,467857,69830,0,430145,608887,1039032
2025-07-06,2025,7,6,chokepoint7,Cape of Good Hope,13,42,4,2,10,61,71,869710,2976310,50013,6228,778652,3902262,4680914
2025-07-07,2025,7,7,chokepoint1,Suez Canal,13,7,6,0,18,26,44,347047,254451,29552,0,1006322,631052,1637375
2025-07-07,2025,7,7,chokepoint4,Bab el-Mandeb Strait,10,11,5,0,10,26,36,178519,829532,16443,0,495064,1024495,1519560
2025-07-07,2025,7,7,chokepoint7,Cape of Good Hope,25,41,1,3,15,70,85,1387568,3539447,1696,14199,497709,4942913,5440622
2025-07-08,2025,7,8,chokepoint1,Suez Canal,8,14,4,0,10,26,36,165378,789828,3708,0,675521,958915,1634436
2025-07-08,2025,7,8,chokepoint4,Bab el-Mandeb Strait,9,11,2,0,13,22,35,112626,397658,18986,0,647747,529271,1177019
2025-07-08,2025,7,8,chokepoint7,Cape of Good Hope,20,64,6,7,14,97,111,1154022,5490759,50064,25884,1275048,6720730,7995779
2025-07-09,2025,7,9,chokepoint1,Suez Canal,10,7,9,0,19,26,45,227789,338692,56559,0,940691,623042,1563733
2025-07-09,2025,7,9,chokepoint4,Bab el-Mandeb Strait,2,9,2,0,13,13,26,28569,586909,40373,0,935472,655852,1591325
2025-07-09,2025,7,9,chokepoint7,Cape of Good Hope,25,63,6,2,26,96,122,1885919,5400234,58817,5903,1318972,7350875,8669847
2025-07-10,2025,7,10,chokepoint1,Suez Canal,8,8,6,0,16,22,38,197951,534827,39034,0,848882,771813,1620695
2025-07-10,2025,7,10,chokepoint4,Bab el-Mandeb Strait,5,10,4,1,16,20,36,66658,348666,41627,0,725941,456953,1182894
2025-07-10,2025,7,10,chokepoint7,Cape of Good Hope,20,53,4,6,19,83,102,928939,4546339,50516,33563,1220090,5559358,6779449
2025-07-11,2025,7,11,chokepoint1,Suez Canal,11,3,3,0,20,17,37,138473,166906,14228,0,801253,319608,1120862
2025-07-11,2025,7,11,chokepoint4,Bab el-Mandeb Strait,8,8,6,1,14,23,37,129555,420171,32512,11263,981969,593502,1575471
2025-07-11,2025,7,11,chokepoint7,Cape of Good Hope,7,36,1,0,14,44,58,381413,2141056,2447,0,839198,2524918,3364116
2025-07-12,2025,7,12,chokepoint1,Suez Canal,8,8,3,1,12,20,32,112266,476301,3003,0,486582,591571,1078153
2025-07-12,2025,7,12,chokepoint4,Bab el-Mandeb Strait,12,14,5,0,8,31,39,179610,781181,17067,0,351198,977859,1329058
2025-07-12,2025,7,12,chokepoint7,Cape of Good Hope,7,48,3,3,15,61,76,406364,3593261,14583,11153,997035,4025361,5022396
2025-07-13,2025,7,13,chokepoint1,Suez Canal,5,11,4,0,11,20,31,159953,551359,25977,0,558788,737291,1296079
2025-07-13,2025,7,13,chokepoint4,Bab el-Mandeb Strait,8,9,2,0,15,19,34,112887,386148,857,0,927117,499893,1427011
2025-07-13,2025,7,13,chokepoint7,Cape of Good Hope,42,62,5,3,23,112,135,2975784,4670042,80767,19476,779165,7746071,8525236
2025-07-14,2025,7,14,chokepoint1,Suez Canal,8,8,2,0,20,18,38,126612,269823,2945,0,1317650,399381,1717031
2025-07-14,2025,7,14,chokepoint4,Bab el-Mandeb Strait,2,10,6,0,8,18,26,15135,570286,52268,0,303786,637691,941477
2025-07-14,2025,7,14,chokepoint7,Cape of Good Hope,28,63,3,6,16,100,116,1329073,4337900,21388,20890,628213,5709253,6337467
2025-07-15,2025,7,15,chokepoint1,Suez Canal,7,11,2,3,14,23,37,110806,529546,8287,11263,633760,659904,1293665
2025-07-15,2025,7,15,chokepoint4,Bab el-Mandeb Strait,9,6,6,2,10,23,33,149417,439949,61719,0,657134,651086,1308220
2025-07-15,2025,7,15,chokepoint7,Cape of Good Hope,30,46,4,6,16,86,102,1426684,2576334,31126,13906,783970,4048051,4832021
2025-07-16,2025,7,16,chokepoint1,Suez Canal,8,7,6,0,16,21,37,218169,324421,15637,0,651875,558227,1210103
2025-07-16,2025,7,16,chokepoint4,Bab el-Mandeb Strait,4,6,4,1,11,15,26,34220,390512,19940,4092,541102,448766,989869
2025-07-16,2025,7,16,chokepoint7,Cape of Good Hope,17,52,4,2,16,75,91,1145691,3783792,55325,8161,1296190,4992971,6289161
2025-07-17,2025,7,17,chokepoint1,Suez Canal,11,6,5,1,10,23,33,180771,474178,30262,0,329463,685213,1014676
2025-07-17,2025,7,17,chokepoint4,Bab el-Mandeb Strait,8,7,7,0,13,22,35,102062,587747,35670,0,722369,725479,1447849
2025-07-17,2025,7,17,chokepoint7,Cape of Good Hope,8,36,5,0,17,49,66,697886,2563900,100275,0,1372894,3362062,4734956
2025-07-18,2025,7,18,chokepoint1,Suez Canal,11,7,5,0,10,23,33,264081,233478,10586,0,570526,508146,1078673
2025-07-18,2025,7,18,chokepoint4,Bab el-Mandeb Strait,4,6,2,2,10,14,24,61435,248039,9258,6160,609672,324892,934564
2025-07-18,2025,7,18,chokepoint7,Cape of Good Hope,6,33,2,2,15,43,58,500227,3087327,29790,19170,1325646,3636515,4962162
2025-07-19,2025,7,19,chokepoint1,Suez Canal,7,12,4,0,16,23,39,123042,718557,19269,0,436276,860869,1297146
2025-07-19,2025,7,19,chokepoint4,Bab el-Mandeb Strait,4,8,5,0,7,17,24,84604,292413,24593,0,259630,401611,661241
2025-07-19,2025,7,19,chokepoint7,Cape of Good Hope,37,55,4,4,20,100,120,2328323,2661330,59398,17320,991662,5066372,6058035
2025-07-20,2025,7,20,chokepoint1,Suez Canal,7,8,4,1,18,20,38,113752,351634,34933,0,771451,500321,1271772
2025-07-20,2025,7,20,chokepoint4,Bab el-Mandeb Strait,4,7,1,2,9,14,23,56883,304754,4161,2502,517498,368301,885800
2025-07-20,2025,7,20,chokepoint7,Cape of Good Hope,34,65,10,9,22,118,140,2002341,4069192,118206,42399,1754410,6232139,7986550
2025-07-21,2025,7,21,chokepoint1,Suez Canal,8,5,9,0,17,22,39,259353,364456,42243,0,633130,666053,1299184
2025-07-21,2025,7,21,chokepoint4,Bab el-Mandeb Strait,7,12,9,1,7,29,36,81634,490426,66279,0,230831,638339,869171
2025-07-21,2025,7,21,chokepoint7,Cape of Good Hope,25,48,2,2,25,77,102,1199203,3713782,46425,10528,1457062,4969939,6427002
2025-07-22,2025,7,22,chokepoint1,Suez Canal,14,13,5,0,18,32,50,225442,1157390,27292,0,1041986,1410125,2452111
2025-07-22,2025,7,22,chokepoint4,Bab el-Mandeb Strait,9,14,2,0,20,25,45,153613,635152,8098,0,652083,796865,1448948
2025-07-22,2025,7,22,chokepoint7,Cape of Good Hope,15,49,4,8,13,76,89,865257,3053295,36789,14528,635429,3969870,4605300
2025-07-23,2025,7,23,chokepoint1,Suez Canal,7,9,6,1,13,23,36,217293,480314,18459,6258,917145,722325,1639471
2025-07-23,2025,7,23,chokepoint4,Bab el-Mandeb Strait,6,3,4,0,5,13,18,64502,95574,9149,0,197013,169227,366240
2025-07-23,2025,7,23,chokepoint7,Cape of Good Hope,22,62,4,1,19,89,108,1278322,4613729,29023,3104,1225840,5924179,7150020
2025-07-24,2025,7,24,chokepoint1,Suez Canal,10,10,5,1,18,26,44,199882,625165,33187,4660,583381,862897,1446278
2025-07-24,2025,7,24,chokepoint4,Bab el-Mandeb Strait,6,12,3,1,12,22,34,94488,506702,24491,10574,616474,636256,1252731
2025-07-24,2025,7,24,chokepoint7,Cape of Good Hope,17,50,3,3,12,73,85,1289761,3854983,43601,30543,804702,5218890,6023592
2025-07-25,2025,7,25,chokepoint1,Suez Canal,14,4,2,0,17,20,37,243466,116525,7167,0,740330,367159,1107489
2025-07-25,2025,7,25,chokepoint4,Bab el-Mandeb Strait,6,7,3,1,13,17,30,91863,275720,3225,4093,939530,374904,1314434
2025-07-25,2025,7,25,chokepoint7,Cape of Good Hope,15,45,0,6,10,66,76,925515,4034266,0,30170,682232,4989952,5672184
2025-07-26,2025,7,26,chokepoint1,Suez Canal,9,7,3,0,13,19,32,148264,230661,6011,0,649519,384937,1034457
2025-07-26,2025,7,26,chokepoint4,Bab el-Mandeb Strait,9,6,6,2,7,23,30,126603,394284,50201,8078,287691,579168,866859
2025-07-26,2025,7,26,chokepoint7,Cape of Good Hope,26,46,2,3,8,77,85,1627863,3641838,16428,16063,414221,5302193,5716414
2025-07-27,2025,7,27,chokepoint1,Suez Canal,8,17,4,1,12,30,42,215213,836390,20530,0,543607,1072134,1615741
2025-07-27,2025,7,27,chokepoint4,Bab el-Mandeb Strait,11,8,1,1,10,21,31,113330,486090,765,1535,611246,601722,1212968
2025-07-27,2025,7,27,chokepoint7,Cape of Good Hope,24,54,2,4,23,84,107,1514747,4343250,48482,6574,2042490,5913055,7955545
2025-07-28,2025,7,28,chokepoint1,Suez Canal,5,18,4,1,16,28,44,191495,649678,33518,2502,805423,877195,1682618
2025-07-28,2025,7,28,chokepoint4,Bab el-Mandeb Strait,8,5,5,2,5,20,25,170657,228646,15945,11848,264659,427097,691757
2025-07-28,2025,7,28,chokepoint7,Cape of Good Hope,20,49,5,3,15,77,92,1154799,4134728,37317,13192,1087071,5340038,6427109
2025-07-29,2025,7,29,chokepoint1,Suez Canal,6,4,3,1,20,14,34,160104,365154,3453,10574,968017,539286,1507304
2025-07-29,2025,7,29,chokepoint4,Bab el-Mandeb Strait,6,3,4,0,13,13,26,79571,116216,8649,0,426951,204437,631388
2025-07-29,2025,7,29,chokepoint7,Cape of Good Hope,23,46,4,9,28,82,110,1176664,3267266,20935,52028,1142324,4516894,5659218
2025-07-30,2025,7,30,chokepoint1,Suez Canal,9,6,4,0,20,19,39,191885,250860,12447,0,527802,455192,982994
2025-07-30,2025,7,30,chokepoint4,Bab el-Mandeb Strait,4,12,1,1,7,18,25,81969,617475,4496,4921,187440,708862,896303
2025-07-30,2025,7,30,chokepoint7,Cape of Good Hope,23,45,3,0,24,71,95,1434884,2835745,54219,0,1132130,4324849,5456980
2025-07-31,2025,7,31,chokepoint1,Suez Canal,6,9,6,1,7,22,29,124053,387259,12316,3074,338211,526703,864915
2025-07-31,2025,7,31,chokepoint4,Bab el-Mandeb Strait,8,8,5,1,9,22,31,106053,379560,10578,0,664364,496192,1160556
2025-07-31,2025,7,31,chokepoint7,Cape of Good Hope,11,33,1,0,14,45,59,936997,2913872,3245,0,453368,3854114,4307482
2025-08-01,2025,8,1,chokepoint1,Suez Canal,12,12,2,3,12,29,41,192429,721004,1192,15715,606798,930342,1537140
2025-08-01,2025,8,1,chokepoint4,Bab el-Mandeb Strait,8,15,3,0,11,26,37,92782,862173,50113,0,503315,1005069,1508384
2025-08-01,2025,8,1,chokepoint7,Cape of Good Hope,5,31,2,1,20,39,59,306302,3492937,13086,3038,1288239,3815364,5103603
2025-08-02,2025,8,2,chokepoint1,Suez Canal,11,11,3,3,16,28,44,221030,418775,7570,6023,597485,653400,1250885
2025-08-02,2025,8,2,chokepoint4,Bab el-Mandeb Strait,7,11,2,1,20,21,41,90972,346317,6562,0,807998,443852,1251850
2025-08-02,2025,8,2,chokepoint7,Cape of Good Hope,42,62,6,1,23,111,134,2973736,5385367,48273,0,1705093,8407376,10112470
2025-08-03,2025,8,3,chokepoint1,Suez Canal,8,7,4,0,16,19,35,152631,463932,15523,0,748903,632086,1380990
2025-08-03,2025,8,3,chokepoint4,Bab el-Mandeb Strait,8,13,2,0,7,23,30,124897,661646,7333,0,438180,793877,1232057
2025-08-03,2025,8,3,chokepoint7,Cape of Good Hope,35,58,5,5,14,103,117,2026144,3904879,67182,35283,1307366,6033489,7340856
2025-08-04,2025,8,4,chokepoint1,Suez Canal,11,6,2,0,13,19,32,174843,381208,6869,0,837970,562921,1400891
2025-08-04,2025,8,4,chokepoint4,Bab el-Mandeb Strait,6,8,7,0,11,21,32,75076,388603,41557,0,481858,505236,987095
2025-08-04,2025,8,4,chokepoint7,Cape of Good Hope,17,34,4,8,19,63,82,872215,2203195,12708,26983,1639654,3115103,4754757
2025-08-05,2025,8,5,chokepoint1,Suez Canal,3,13,5,1,19,22,41,93055,895708,10716,5368,712173,1004849,1717023
2025-08-05,2025,8,5,chokepoint4,Bab el-Mandeb Strait,2,10,4,1,12,17,29,24633,529242,23393,0,476789,577268,1054058
2025-08-05,2025,8,5,chokepoint7,Cape of Good Hope,15,45,3,4,26,67,93,969253,3613255,54960,22800,1960369,4660269,6620639
2025-08-06,2025,8,6,chokepoint1,Suez Canal,9,4,6,0,15,19,34,259454,177194,49833,0,1042978,486482,1529461
2025-08-06,2025,8,6,chokepoint4,Bab el-Mandeb Strait,7,9,4,1,17,21,38,117507,420814,31458,4090,906186,573869,1480056
2025-08-06,2025,8,6,chokepoint7,Cape of Good Hope,16,44,10,4,17,74,91,1016137,2745529,109463,21411,1289334,3892541,5181876
2025-08-07,2025,8,7,chokepoint1,Suez Canal,8,8,5,0,12,21,33,253087,327415,13605,0,447970,594108,1042078
2025-08-07,2025,8,7,chokepoint4,Bab el-Mandeb Strait,3,4,4,0,16,11,27,27263,163126,11094,0,317934,201484,519418
2025-08-07,2025,8,7,chokepoint7,Cape of Good Hope,29,46,7,5,17,87,104,1750096,3067163,105985,25125,401003,4948371,5349374
2025-08-08,2025,8,8,chokepoint1,Suez Canal,10,15,2,2,13,29,42,168677,974777,21333,0,387743,1164788,1552532
2025-08-08,2025,8,8,chokepoint4,Bab el-Mandeb Strait,12,13,3,2,17,30,47,189337,809123,13051,6492,944247,1018005,1962252
2025-08-08,2025,8,8,chokepoint7,Cape of Good Hope,18,49,7,2,23,76,99,1016829,2736539,62997,10863,1735985,3827229,5563214
2025-08-09,2025,8,9,chokepoint1,Suez Canal,14,11,5,0,17,30,47,229833,438659,17639,0,928079,686133,1614212
2025-08-09,2025,8,9,chokepoint4,Bab el-Mandeb Strait,9,11,7,0,9,27,36,158810,452333,42425,0,283987,653570,937558
2025-08-09,2025,8,9,chokepoint7,Cape of Good Hope,10,48,1,2,19,61,80,657304,4224303,5808,14768,968778,4902183,5870962
2025-08-10,2025,8,10,chokepoint1,Suez Canal,11,6,1,2,16,20,36,162366,346197,2370,7553,891770,518488,1410259
2025-08-10,2025,8,10,chokepoint4,Bab el-Mandeb Strait,5,8,9,0,17,22,39,57732,401472,57044,0,686451,516249,1202701
2025-08-10,2025,8,10,chokepoint7,Cape of Good Hope,11,33,0,4,8,48,56,920028,1741996,0,22732,247090,2684757,2931847
2025-08-11,2025,8,11,chokepoint1,Suez Canal,7,11,4,0,17,22,39,120259,678569,21852,0,694024,820681,1514705
2025-08-11,2025,8,11,chokepoint4,Bab el-Mandeb Strait,6,11,6,2,11,25,36,52631,405476,76981,10519,783773,545610,1329384
2025-08-11,2025,8,11,chokepoint7,Cape of Good Hope,30,44,2,1,19,77,96,1963223,3059742,43412,0,1202589,5066379,6268968
2025-08-12,2025,8,12,chokepoint1,Suez Canal,8,7,5,1,16,21,37,323577,312062,25463,0,334232,661103,995336
2025-08-12,2025,8,12,chokepoint4,Bab el-Mandeb Strait,13,11,6,1,8,31,39,187674,431497,51629,0,292294,670800,963094
2025-08-12,2025,8,12,chokepoint7,Cape of Good Hope,31,58,4,3,23,96,119,1810352,4659508,7058,8985,1425032,6485904,7910936
2025-08-13,2025,8,13,chokepoint1,Suez Canal,4,2,3,1,18,10,28,79997,56706,13597,6492,773336,156793,930129
2025-08-13,2025,8,13,chokepoint4,Bab el-Mandeb Strait,7,12,11,1,15,31,46,97373,718466,52814,7117,972835,875771,1848606
2025-08-13,2025,8,13,chokepoint7,Cape of Good Hope,29,62,6,5,24,102,126,1758864,4985931,46785,27012,1632836,6818593,8451430
2025-08-14,2025,8,14,chokepoint1,Suez Canal,10,14,1,0,18,25,43,255974,631764,968,0,399511,888708,1288219
2025-08-14,2025,8,14,chokepoint4,Bab el-Mandeb Strait,9,14,10,0,7,33,40,141610,731852,59475,0,304855,932937,1237792
2025-08-14,2025,8,14,chokepoint7,Cape of Good Hope,17,46,5,5,20,73,93,1205095,3877520,74936,36295,951789,5193848,6145638
2025-08-15,2025,8,15,chokepoint1,Suez Canal,11,13,5,1,11,30,41,120638,776614,45692,7135,584342,950081,1534423
2025-08-15,2025,8,15,chokepoint4,Bab el-Mandeb Strait,8,6,3,2,13,19,32,59797,436483,15652,2597,879970,514531,1394501
2025-08-15,2025,8,15,chokepoint7,Cape of Good Hope,23,66,1,5,15,95,110,1532218,4994886,42475,16825,1093281,6586406,7679687
2025-08-16,2025,8,16,chokepoint1,Suez Canal,11,6,6,0,14,23,37,278752,163805,55640,0,804383,498199,1302582
2025-08-16,2025,8,16,chokepoint4,Bab el-Mandeb Strait,8,6,4,0,7,18,25,100566,263218,32196,0,207635,395980,603616
2025-08-16,2025,8,16,chokepoint7,Cape of Good Hope,23,53,4,6,17,86,103,1710126,3526396,51135,37073,1356004,5324732,6680736
2025-08-17,2025,8,17,chokepoint1,Suez Canal,7,12,2,1,13,22,35,233833,528933,9096,0,573407,771864,1345271
2025-08-17,2025,8,17,chokepoint4,Bab el-Mandeb Strait,4,9,2,1,7,16,23,72568,262489,2351,0,302231,337410,639641
2025-08-17,2025,8,17,chokepoint7,Cape of Good Hope,17,53,10,4,18,84,102,754353,3972845,114434,21841,1969449,4863474,6832923
2025-08-18,2025,8,18,chokepoint1,Suez Canal,8,10,6,3,16,27,43,217947,684104,64890,2251,641421,969194,1610615
2025-08-18,2025,8,18,chokepoint4,Bab el-Mandeb Strait,3,7,7,0,10,17,27,52763,332690,29961,0,349956,415416,765373
2025-08-18,2025,8,18,chokepoint7,Cape of Good Hope,20,52,4,6,23,82,105,1135227,3601172,24933,16150,1686265,4777484,6463750
2025-08-19,2025,8,19,chokepoint1,Suez Canal,9,12,6,1,15,28,43,266219,583329,14031,0,454502,863581,1318083
2025-08-19,2025,8,19,chokepoint4,Bab el-Mandeb Strait,6,12,6,1,7,25,32,70670,669204,25722,0,93035,765597,858632
2025-08-19,2025,8,19,chokepoint7,Cape of Good Hope,25,59,5,1,22,90,112,1386047,4325683,25517,17711,1500238,5754959,7255197
2025-08-20,2025,8,20,chokepoint1,Suez Canal,13,16,9,2,20,40,60,100534,791638,62878,0,1145100,955051,2100152
2025-08-20,2025,8,20,chokepoint4,Bab el-Mandeb Strait,9,9,7,0,9,25,34,182369,565183,36874,0,475155,784427,1259583
2025-08-20,2025,8,20,chokepoint7,Cape of Good Hope,33,47,3,2,17,85,102,1966454,3195482,24491,9077,928123,5195505,6123629
2025-08-21,2025,8,21,chokepoint1,Suez Canal,7,4,1,0,12,12,24,153694,90077,3162,0,349551,246934,596485
2025-08-21,2025,8,21,chokepoint4,Bab el-Mandeb Strait,3,7,4,1,11,15,26,23884,364662,6189,0,733957,394737,1128694
2025-08-21,2025,8,21,chokepoint7,Cape of Good Hope,24,44,3,3,20,74,94,1530109,3530278,31358,2604,863553,5094350,5957904
2025-08-22,2025,8,22,chokepoint1,Suez Canal,6,11,2,1,16,20,36,67695,648201,10588,0,599857,726485,1326342
2025-08-22,2025,8,22,chokepoint4,Bab el-Mandeb Strait,5,11,5,0,6,21,27,71097,421889,15304,0,94525,508291,602816
2025-08-22,2025,8,22,chokepoint7,Cape of Good Hope,8,51,2,1,20,62,82,678322,3703483,3430,3338,1594921,4388575,5983496
2025-08-23,2025,8,23,chokepoint1,Suez Canal,10,8,5,1,16,24,40,149200,406485,26285,6023,798431,587995,1386426
2025-08-23,2025,8,23,chokepoint4,Bab el-Mandeb Strait,7,13,4,0,8,24,32,99077,708370,28797,0,402979,836245,1239224
2025-08-23,2025,8,23,chokepoint7,Cape of Good Hope,1,37,0,0,10,38,48,108417,2376511,0,0,992072,2484928,3477001
2025-08-24,2025,8,24,chokepoint1,Suez Canal,15,12,3,0,15,30,45,272826,407587,14892,0,890620,695305,1585926
2025-08-24,2025,8,24,chokepoint4,Bab el-Mandeb Strait,9,11,5,0,10,25,35,113253,431020,24293,0,380951,568567,949519
2025-08-24,2025,8,24,chokepoint7,Cape of Good Hope,13,54,2,3,15,72,87,687932,4915950,13997,11767,776120,5629648,6405769
2025-08-25,2025,8,25,chokepoint1,Suez Canal,5,13,3,2,11,23,34,120271,564819,19219,2143,635918,706454,1342373
2025-08-25,2025,8,25,chokepoint4,Bab el-Mandeb Strait,6,9,5,2,8,22,30,85460,468659,48266,7901,678248,610287,1288535
2025-08-25,2025,8,25,chokepoint7,Cape of Good Hope,37,57,7,8,17,109,126,2506230,3602195,41884,42524,959433,6192835,7152269
2025-08-26,2025,8,26,chokepoint1,Suez Canal,5,9,5,1,19,20,39,195352,364054,44655,0,942698,604062,1546761
2025-08-26,2025,8,26,chokepoint4,Bab el-Mandeb Strait,6,10,4,2,11,22,33,89614,503370,97169,4689,574382,694845,1269228
2025-08-26,2025,8,26,chokepoint7,Cape of Good Hope,36,65,6,10,25,117,142,2224643,3625269,61344,40928,1245715,5952185,7197900
2025-08-27,2025,8,27,chokepoint1,Suez Canal,6,9,4,0,15,19,34,94771,446994,25882,0,777588,567649,1345237
2025-08-27,2025,8,27,chokepoint4,Bab el-Mandeb Strait,9,11,4,1,17,25,42,139971,476428,32661,0,979669,649061,1628730
2025-08-27,2025,8,27,chokepoint7,Cape of Good Hope,23,69,9,0,14,101,115,1223763,5019271,148195,0,833474,6391231,7224705
2025-08-28,2025,8,28,chokepoint1,Suez Canal,11,6,2,1,12,20,32,174486,151690,1779,0,249227,327956,577183
2025-08-28,2025,8,28,chokepoint4,Bab el-Mandeb Strait,5,9,5,0,15,19,34,71489,362144,17647,0,759578,451281,1210860
2025-08-28,2025,8,28,chokepoint7,Cape of Good Hope,19,58,3,2,22,82,104,1113314,4070971,60946,11229,1283490,5256462,6539953
2025-08-29,2025,8,29,chokepoint1,Suez Canal,11,12,1,2,15,26,41,186568,515279,20440,6492,480050,728780,1208831
2025-08-29,2025,8,29,chokepoint4,Bab el-Mandeb Strait,4,16,6,2,15,28,43,62177,771008,36885,9389,1099545,879461,1979006
2025-08-29,2025,8,29,chokepoint7,Cape of Good Hope,22,42,4,4,23,72,95,1688511,3730611,24391,26592,1720775,5470107,7190883
2025-08-30,2025,8,30,chokepoint1,Suez Canal,8,13,2,0,8,23,31,201728,823817,13897,0,339484,1039443,1378928
2025-08-30,2025,8,30,chokepoint4,Bab el-Mandeb Strait,8,25,3,1,10,37,47,102652,1002907,4403,0,410082,1109963,1520046
2025-08-30,2025,8,30,chokepoint7,Cape of Good Hope,18,44,4,3,16,69,85,1078938,3071861,60967,7219,1145102,4218987,5364089
2025-08-31,2025,8,31,chokepoint1,Suez Canal,11,16,3,0,13,30,43,289175,771692,18071,0,559226,1078939,1638165
2025-08-31,2025,8,31,chokepoint4,Bab el-Mandeb Strait,6,9,6,0,12,21,33,61331,337231,46398,0,622731,444961,1067692
2025-08-31,2025,8,31,chokepoint7,Cape of Good Hope,13,36,3,5,12,57,69,941180,2711070,36349,16815,608485,3705416,4313901
2025-09-01,2025,9,1,chokepoint1,Suez Canal,8,11,9,3,16,31,47,273913,427852,33594,4689,600910,740050,1340961
2025-09-01,2025,9,1,chokepoint4,Bab el-Mandeb Strait,2,10,5,3,9,20,29,23909,559440,53048,6492,641850,642891,1284741
2025-09-01,2025,9,1,chokepoint7,Cape of Good Hope,28,50,4,2,10,84,94,1393618,3579119,39419,16549,803632,5028706,5832339
2025-09-02,2025,9,2,chokepoint1,Suez Canal,7,7,2,2,18,18,36,131653,354230,6433,3954,934306,496271,1430578
2025-09-02,2025,9,2,chokepoint4,Bab el-Mandeb Strait,6,12,4,0,7,22,29,68737,470516,36170,0,197331,575424,772756
2025-09-02,2025,9,2,chokepoint7,Cape of Good Hope,18,47,4,4,9,73,82,1284033,3336625,52182,10705,567640,4683546,5251187
2025-09-03,2025,9,3,chokepoint1,Suez Canal,11,17,5,1,13,34,47,262486,642635,35233,7228,524768,947584,1472353
2025-09-03,2025,9,3,chokepoint4,Bab el-Mandeb Strait,5,16,4,1,10,26,36,70866,673767,18573,5267,710253,768474,1478728
2025-09-03,2025,9,3,chokepoint7,Cape of Good Hope,25,51,3,6,19,85,104,1626021,4039842,8218,12895,913333,5686977,6600311
2025-09-04,2025,9,4,chokepoint1,Suez Canal,10,8,7,0,19,25,44,312811,567953,73353,0,730691,954118,1684809
2025-09-04,2025,9,4,chokepoint4,Bab el-Mandeb Strait,2,12,3,1,12,18,30,8582,655188,5701,4912,655918,674383,1330302
2025-09-04,2025,9,4,chokepoint7,Cape of Good Hope,16,40,5,6,14,67,81,906912,2790574,54490,21359,1024073,3773336,4797410
2025-09-05,2025,9,5,chokepoint1,Suez Canal,8,17,2,2,8,29,37,183244,798461,38326,4604,344492,1024636,1369129
2025-09-05,2025,9,5,chokepoint4,Bab el-Mandeb Strait,12,20,4,0,10,36,46,195189,814959,6688,0,364460,1016836,1381297
2025-09-05,2025,9,5,chokepoint7,Cape of Good Hope,15,51,6,7,26,79,105,1135561,4701895,100204,17416,1881797,5955078,7836875
2025-09-06,2025,9,6,chokepoint1,Suez Canal,8,12,4,1,14,25,39,166293,481129,51303,534,649724,699260,1348985
2025-09-06,2025,9,6,chokepoint4,Bab el-Mandeb Strait,8,9,4,2,11,23,34,123502,337192,29096,3404,311441,493195,804636
2025-09-06,2025,9,6,chokepoint7,Cape of Good Hope,23,48,2,1,21,74,95,1140908,3973936,11208,3779,1286578,5129832,6416411
2025-09-07,2025,9,7,chokepoint1,Suez Canal,8,13,5,1,19,27,46,135745,846347,14547,0,1050916,996639,2047555
2025-09-07,2025,9,7,chokepoint4,Bab el-Mandeb Strait,5,11,4,0,11,20,31,79273,443328,27259,0,474546,549860,1024407
2025-09-07,2025,9,7,chokepoint7,Cape of Good Hope,24,34,5,3,13,66,79,1439553,1772557,46061,9821,651352,3267993,3919345
2025-09-08,2025,9,8,chokepoint1,Suez Canal,8,7,5,1,14,21,35,140278,427155,27834,4912,777671,600181,1377853
2025-09-08,2025,9,8,chokepoint4,Bab el-Mandeb Strait,7,15,5,0,6,27,33,96583,557976,47747,0,375214,702308,1077523
2025-09-08,2025,9,8,chokepoint7,Cape of Good Hope,18,42,3,3,16,66,82,1145977,3229361,12365,18249,1077977,4405953,5483931
2025-09-09,2025,9,9,chokepoint1,Suez Canal,8,15,2,1,17,26,43,221604,566715,12977,0,1028547,801296,1829844
2025-09-09,2025,9,9,chokepoint4,Bab el-Mandeb Strait,7,11,6,0,11,24,35,93251,541769,73765,0,1030827,708785,1739613
2025-09-09,2025,9,9,chokepoint7,Cape of Good Hope,28,45,7,3,17,83,100,1499983,3745328,62926,10721,1066127,5318958,6385086
2025-09-10,2025,9,10,chokepoint1,Suez Canal,9,10,4,0,16,23,39,344537,467330,24246,0,700311,836114,1536426
2025-09-10,2025,9,10,chokepoint4,Bab el-Mandeb Strait,8,11,3,1,6,23,29,69374,587709,16891,0,512099,673974,1186073
2025-09-10,2025,9,10,chokepoint7,Cape of Good Hope,22,69,2,0,21,93,114,1540429,5971253,14194,0,1356549,7525878,8882428
2025-09-11,2025,9,11,chokepoint1,Suez Canal,12,14,2,0,20,28,48,275058,694032,3506,0,855444,972596,1828041
2025-09-11,2025,9,11,chokepoint4,Bab el-Mandeb Strait,4,9,5,1,12,19,31,62616,392196,21447,4668,606842,480927,1087769
2025-09-11,2025,9,11,chokepoint7,Cape of Good Hope,19,38,8,5,19,70,89,1159015,2974474,95055,20035,1369818,4248581,5618400
2025-09-12,2025,9,12,chokepoint1,Suez Canal,15,10,5,3,18,33,51,248829,638388,32764,3404,790178,923387,1713566
2025-09-12,2025,9,12,chokepoint4,Bab el-Mandeb Strait,4,14,8,0,13,26,39,42447,642812,60233,0,598673,745493,1344166
2025-09-12,2025,9,12,chokepoint7,Cape of Good Hope,24,37,7,3,23,71,94,1510372,4229086,114369,13785,1466410,5867613,7334024
2025-09-13,2025,9,13,chokepoint1,Suez Canal,14,13,5,0,18,32,50,224685,517615,15306,0,679096,757607,1436704
2025-09-13,2025,9,13,chokepoint4,Bab el-Mandeb Strait,8,15,2,0,17,25,42,112015,583113,12282,0,816650,707411,1524062
2025-09-13,2025,9,13,chokepoint7,Cape of Good Hope,28,36,8,6,14,78,92,1769670,2378226,39561,38563,1329338,4226021,5555360
2025-09-14,2025,9,14,chokepoint1,Suez Canal,10,19,4,0,13,33,46,209446,890363,5266,0,639691,1105076,1744768
2025-09-14,2025,9,14,chokepoint4,Bab el-Mandeb Strait,7,12,4,1,15,24,39,78175,515194,32824,0,568379,626194,1194573
2025-09-14,2025,9,14,chokepoint7,Cape of Good Hope,22,54,3,4,18,83,101,1112078,4140382,9946,29734,1379197,5292141,6671339
2025-09-15,2025,9,15,chokepoint1,Suez Canal,10,10,1,2,13,23,36,127192,236964,2062,4668,991133,370888,1362022
2025-09-15,2025,9,15,chokepoint4,Bab el-Mandeb Strait,9,9,5,0,12,23,35,108073,340899,61768,0,545519,510740,1056260
2025-09-15,2025,9,15,chokepoint7,Cape of Good Hope,11,39,3,2,11,55,66,620124,3847154,20914,2520,213486,4490714,4704200
2025-09-16,2025,9,16,chokepoint1,Suez Canal,9,9,2,0,14,20,34,104373,405245,36592,0,667920,546211,1214132
2025-09-16,2025,9,16,chokepoint4,Bab el-Mandeb Strait,7,14,7,1,11,29,40,95031,731606,44166,0,1127356,870804,1998161
2025-09-16,2025,9,16,chokepoint7,Cape of Good Hope,3,36,4,1,17,44,61,199783,3397652,66086,3417,1071488,3666938,4738427
2025-09-17,2025,9,17,chokepoint1,Suez Canal,7,13,4,2,18,26,44,180658,769676,7997,1348,689035,959680,1648715
2025-09-17,2025,9,17,chokepoint4,Bab el-Mandeb Strait,2,12,4,0,10,18,28,30654,706253,13653,0,566316,750561,1316877
2025-09-17,2025,9,17,chokepoint7,Cape of Good Hope,21,39,3,4,20,67,87,1224666,2873591,38265,12204,1780104,4148728,5928833
2025-09-18,2025,9,18,chokepoint1,Suez Canal,5,12,5,0,15,22,37,174580,621061,51029,0,629412,846671,1476084
2025-09-18,2025,9,18,chokepoint4,Bab el-Mandeb Strait,6,16,2,2,10,26,36,85478,810509,1770,5214,715579,902972,1618552
2025-09-18,2025,9,18,chokepoint7,Cape of Good Hope,26,42,5,3,23,76,99,1595214,3865592,38223,3623,1641658,5502653,7144311
2025-09-19,2025,9,19,chokepoint1,Suez Canal,10,9,3,1,28,23,51,179258,349227,13651,0,972531,542137,1514668
2025-09-19,2025,9,19,chokepoint4,Bab el-Mandeb Strait,7,11,8,0,8,26,34,93069,674029,45662,0,497683,812762,1310445
2025-09-19,2025,9,19,chokepoint7,Cape of Good Hope,42,62,6,7,27,117,144,2573424,4359692,94341,30441,1516573,7057899,8574473
2025-09-20,2025,9,20,chokepoint1,Suez Canal,8,14,5,0,12,27,39,154268,753565,28483,0,434184,936317,1370502
2025-09-20,2025,9,20,chokepoint4,Bab el-Mandeb Strait,9,7,1,1,15,18,33,111341,208923,34899,0,472611,355164,827776
2025-09-20,2025,9,20,chokepoint7,Cape of Good Hope,18,56,6,4,25,84,109,1129421,3723643,41738,21091,2046759,4915895,6962654
2025-09-21,2025,9,21,chokepoint1,Suez Canal,8,10,2,0,11,20,31,124078,625850,4313,0,552851,754243,1307094
2025-09-21,2025,9,21,chokepoint4,Bab el-Mandeb Strait,8,10,1,2,9,21,30,150943,249795,4876,16189,644934,421805,1066739
2025-09-21,2025,9,21,chokepoint7,Cape of Good Hope,19,56,4,5,23,84,107,1371955,3600107,38054,17455,1510412,5027572,6537985
2025-09-22,2025,9,22,chokepoint1,Suez Canal,14,11,2,1,16,28,44,322535,504995,22224,0,677689,849755,1527445
2025-09-22,2025,9,22,chokepoint4,Bab el-Mandeb Strait,4,12,5,0,12,21,33,44173,662437,66576,0,356368,773187,1129556
2025-09-22,2025,9,22,chokepoint7,Cape of Good Hope,22,53,2,2,18,79,97,1020235,3289726,22060,3386,1499178,4335409,5834587
2025-09-23,2025,9,23,chokepoint1,Suez Canal,9,15,3,1,11,28,39,147095,653769,19507,5214,613274,825586,1438860
2025-09-23,2025,9,23,chokepoint4,Bab el-Mandeb Strait,5,6,5,1,11,17,28,63520,353165,61335,6199,488483,484220,972704
2025-09-23,2025,9,23,chokepoint7,Cape of Good Hope,22,52,3,3,20,80,100,1160150,3769467,44557,18438,1185798,4992613,6178412
2025-09-24,2025,9,24,chokepoint1,Suez Canal,9,13,6,2,22,30,52,215540,447001,26379,676,1311445,689598,2001044
2025-09-24,2025,9,24,chokepoint4,Bab el-Mandeb Strait,5,8,3,0,8,16,24,73591,252885,31876,0,289375,358352,647727
2025-09-24,2025,9,24,chokepoint7,Cape of Good Hope,18,36,3,10,19,67,86,1191229,2336840,30823,29980,1028357,3588873,4617231
2025-09-25,2025,9,25,chokepoint1,Suez Canal,12,9,2,1,20,24,44,275498,238350,3684,9265,944962,526799,1471761
2025-09-25,2025,9,25,chokepoint4,Bab el-Mandeb Strait,9,14,6,1,13,30,43,114665,822686,37662,0,567139,975013,1542153
2025-09-25,2025,9,25,chokepoint7,Cape of Good Hope,22,51,3,3,27,79,106,1560456,4388523,27808,11571,2061050,5988359,8049410
2025-09-26,2025,9,26,chokepoint1,Suez Canal,9,11,2,2,12,24,36,187510,510595,3042,0,299863,701148,1001011
2025-09-26,2025,9,26,chokepoint4,Bab el-Mandeb Strait,2,10,4,0,10,16,26,28998,460238,43818,0,583727,533055,1116783
2025-09-26,2025,9,26,chokepoint7,Cape of Good Hope,17,39,1,6,10,63,73,899451,2872977,34899,32926,600831,3840256,4441088
2025-09-27,2025,9,27,chokepoint1,Suez Canal,13,6,1,0,14,20,34,120971,207009,1097,0,867370,329079,1196450
2025-09-27,2025,9,27,chokepoint4,Bab el-Mandeb Strait,9,12,5,1,15,27,42,120387,451148,17894,4604,540433,594034,1134467
2025-09-27,2025,9,27,chokepoint7,Cape of Good Hope,20,45,3,2,17,70,87,1427693,3171277,41784,2489,912964,4643244,5556209
2025-09-28,2025,9,28,chokepoint1,Suez Canal,9,8,4,3,21,24,45,256574,567560,35931,5848,1093475,865914,1959389
2025-09-28,2025,9,28,chokepoint4,Bab el-Mandeb Strait,6,11,1,0,16,18,34,71370,813583,835,0,1208848,885790,2094638
2025-09-28,2025,9,28,chokepoint7,Cape of Good Hope,19,44,4,2,16,69,85,1196701,3217815,6353,7227,1223377,4428098,5651475
2025-09-29,2025,9,29,chokepoint1,Suez Canal,10,9,6,1,13,26,39,294714,418186,36087,0,745134,748989,1494123
2025-09-29,2025,9,29,chokepoint4,Bab el-Mandeb Strait,4,4,9,1,10,18,28,59960,81809,71861,0,1104927,213632,1318560
2025-09-29,2025,9,29,chokepoint7,Cape of Good Hope,21,50,8,2,19,81,100,1327241,3692366,55739,1586,1690542,5076934,6767477
2025-09-30,2025,9,30,chokepoint1,Suez Canal,8,11,6,0,13,25,38,136059,452263,36114,0,550802,624438,1175240
2025-09-30,2025,9,30,chokepoint4,Bab el-Mandeb Strait,6,8,4,0,7,18,25,111427,544658,14132,0,264110,670217,934328
2025-09-30,2025,9,30,chokepoint7,Cape of Good Hope,20,56,4,3,23,83,106,1196849,4584470,52906,12891,764616,5847118,6611734
2025-10-01,2025,10,1,chokepoint1,Suez Canal,10,12,4,1,18,27,45,214913,732707,10445,7267,736337,965334,1701671
2025-10-01,2025,10,1,chokepoint4,Bab el-Mandeb Strait,4,8,4,0,7,16,23,60264,224050,47808,0,178264,332124,510389
2025-10-01,2025,10,1,chokepoint7,Cape of Good Hope,17,67,6,4,24,94,118,1125066,5817453,45962,17128,1212560,7005610,8218170
2025-10-02,2025,10,2,chokepoint1,Suez Canal,11,6,7,0,18,24,42,223149,175373,59298,0,1012602,457821,1470423
2025-10-02,2025,10,2,chokepoint4,Bab el-Mandeb Strait,11,10,5,0,17,26,43,142229,479476,29980,0,1394863,651685,2046549
2025-10-02,2025,10,2,chokepoint7,Cape of Good Hope,16,46,3,4,19,69,88,1214189,4021016,23252,8723,1598744,5267181,6865926
2025-10-03,2025,10,3,chokepoint1,Suez Canal,11,9,3,3,20,26,46,221690,587121,11504,8025,876643,828341,1704985
2025-10-03,2025,10,3,chokepoint4,Bab el-Mandeb Strait,7,11,3,0,11,21,32,85794,478767,30804,0,667541,595367,1262908
2025-10-03,2025,10,3,chokepoint7,Cape of Good Hope,25,37,5,3,12,70,82,1498258,2916549,74581,16482,1346667,4505872,5852539
2025-10-04,2025,10,4,chokepoint1,Suez Canal,11,11,1,0,12,23,35,151763,520496,660,0,336531,672920,1009452
2025-10-04,2025,10,4,chokepoint4,Bab el-Mandeb Strait,15,8,5,0,17,28,45,211145,421130,30418,0,887953,662693,1550647
2025-10-04,2025,10,4,chokepoint7,Cape of Good Hope,34,60,4,5,21,103,124,2189284,3243434,61801,17981,560591,5512502,6073093
2025-10-05,2025,10,5,chokepoint1,Suez Canal,10,13,3,0,15,26,41,86158,564575,3550,0,990528,654284,1644812
2025-10-05,2025,10,5,chokepoint4,Bab el-Mandeb Strait,4,11,5,0,11,20,31,91610,636892,35541,0,544351,764044,1308395
2025-10-05,2025,10,5,chokepoint7,Cape of Good Hope,14,52,2,3,16,71,87,956213,4682302,48318,12576,1467579,5699409,7166989
2025-10-06,2025,10,6,chokepoint1,Suez Canal,9,10,6,0,13,25,38,257885,413762,45901,0,399215,717549,1116764
2025-10-06,2025,10,6,chokepoint4,Bab el-Mandeb Strait,3,10,4,4,18,21,39,26518,361420,22822,11710,1000590,422471,1423061
2025-10-06,2025,10,6,chokepoint7,Cape of Good Hope,4,37,4,3,14,48,62,449762,2836414,56572,28878,1355771,3371628,4727399
2025-10-07,2025,10,7,chokepoint1,Suez Canal,8,7,3,0,14,18,32,224198,345074,22251,0,892404,591524,1483929
2025-10-07,2025,10,7,chokepoint4,Bab el-Mandeb Strait,5,7,1,0,18,13,31,70655,376429,0,0,910321,447084,1357406
2025-10-07,2025,10,7,chokepoint7,Cape of Good Hope,16,50,5,3,13,74,87,692009,3856719,82922,19512,676218,4651163,5327382
2025-10-08,2025,10,8,chokepoint1,Suez Canal,7,14,7,0,13,28,41,200512,922706,71478,0,357069,1194697,1551766
2025-10-08,2025,10,8,chokepoint4,Bab el-Mandeb Strait,5,8,6,0,12,19,31,104274,535357,51852,0,300236,691484,991720
2025-10-08,2025,10,8,chokepoint7,Cape of Good Hope,34,50,4,3,29,91,120,2269464,3847958,35640,4703,1323382,6157767,7481150
2025-10-09,2025,10,9,chokepoint1,Suez Canal,15,8,2,0,15,25,40,368024,242231,7505,0,607599,617760,1225360
2025-10-09,2025,10,9,chokepoint4,Bab el-Mandeb Strait,5,16,7,1,11,29,40,58870,797712,57227,4154,949831,917965,1867796
2025-10-09,2025,10,9,chokepoint7,Cape of Good Hope,29,59,4,7,24,99,123,1782136,3177976,100487,23949,1768889,5084550,6853439
2025-10-10,2025,10,10,chokepoint1,Suez Canal,12,7,4,1,12,24,36,155885,276722,9840,0,580906,442448,1023355
2025-10-10,2025,10,10,chokepoint4,Bab el-Mandeb Strait,8,9,3,0,14,20,34,100877,400198,10291,0,580855,511367,1092223
2025-10-10,2025,10,10,chokepoint7,Cape of Good Hope,31,53,6,4,16,94,110,1531867,3449517,83143,13954,989335,5078482,6067817
2025-10-11,2025,10,11,chokepoint1,Suez Canal,7,12,4,2,15,25,40,45642,546271,13518,4198,803316,609631,1412947
2025-10-11,2025,10,11,chokepoint4,Bab el-Mandeb Strait,7,6,6,0,15,19,34,129417,352383,25880,0,698454,507681,1206135
2025-10-11,2025,10,11,chokepoint7,Cape of Good Hope,17,56,3,1,17,77,94,1063299,3578034,18269,0,1421678,4659603,6081281
2025-10-12,2025,10,12,chokepoint1,Suez Canal,9,6,3,1,24,19,43,208887,406875,2572,0,1153853,618334,1772188
2025-10-12,2025,10,12,chokepoint4,Bab el-Mandeb Strait,5,10,2,1,9,18,27,115784,369205,44530,11972,648505,541493,1189998
2025-10-12,2025,10,12,chokepoint7,Cape of Good Hope,14,62,7,4,18,87,105,806422,4962742,98831,6694,1365805,5874691,7240497
2025-10-13,2025,10,13,chokepoint1,Suez Canal,13,12,8,0,15,33,48,283497,539552,32925,0,656092,855976,1512068
2025-10-13,2025,10,13,chokepoint4,Bab el-Mandeb Strait,7,11,3,3,8,24,32,79795,877077,42937,18392,448285,1018203,1466488
2025-10-13,2025,10,13,chokepoint7,Cape of Good Hope,15,52,5,6,24,78,102,665846,3707402,41165,29146,1729182,4443560,6172743
2025-10-14,2025,10,14,chokepoint1,Suez Canal,6,18,6,0,13,30,43,177873,780941,37039,0,696089,995853,1691943
2025-10-14,2025,10,14,chokepoint4,Bab el-Mandeb Strait,8,12,6,3,13,29,42,102910,430429,60388,13381,487048,607110,1094159
2025-10-14,2025,10,14,chokepoint7,Cape of Good Hope,20,41,3,5,13,69,82,1018810,3168182,60813,37532,1342676,4285338,5628015
2025-10-15,2025,10,15,chokepoint1,Suez Canal,8,6,5,0,12,19,31,283484,467370,63743,0,626673,814599,1441272
2025-10-15,2025,10,15,chokepoint4,Bab el-Mandeb Strait,4,10,7,1,6,22,28,57271,504111,16132,7645,255243,585160,840404
2025-10-15,2025,10,15,chokepoint7,Cape of Good Hope,12,47,1,1,11,61,72,784415,4700096,15086,7778,860831,5507376,6368208
2025-10-16,2025,10,16,chokepoint1,Suez Canal,11,15,7,1,17,34,51,148065,604715,20191,11972,659523,784945,1444468
2025-10-16,2025,10,16,chokepoint4,Bab el-Mandeb Strait,1,15,4,2,10,22,32,15243,454456,53537,10177,962698,533415,1496114
2025-10-16,2025,10,16,chokepoint7,Cape of Good Hope,13,39,1,1,18,54,72,792863,3045416,0,4678,1561709,3842958,5404667
2025-10-17,2025,10,17,chokepoint1,Suez Canal,12,8,8,1,21,29,50,237688,538516,35306,11908,1369952,823418,2193370
2025-10-17,2025,10,17,chokepoint4,Bab el-Mandeb Strait,7,13,10,1,10,31,41,104840,661336,64347,2990,538938,833514,1372452
2025-10-17,2025,10,17,chokepoint7,Cape of Good Hope,35,43,4,0,18,82,100,2205417,2924179,22116,0,1097598,5151714,6249312
2025-10-18,2025,10,18,chokepoint1,Suez Canal,9,6,6,3,8,24,32,146662,181071,13101,13381,314261,354217,668479
2025-10-18,2025,10,18,chokepoint4,Bab el-Mandeb Strait,9,14,4,1,18,28,46,126604,612936,22479,0,748522,762020,1510542
2025-10-18,2025,10,18,chokepoint7,Cape of Good Hope,30,50,6,5,15,91,106,1670160,3237815,88176,38929,1218912,5035082,6253994
2025-10-19,2025,10,19,chokepoint1,Suez Canal,15,13,3,2,18,33,51,252934,621928,46125,11513,1218356,932502,2150859
2025-10-19,2025,10,19,chokepoint4,Bab el-Mandeb Strait,10,14,4,0,13,28,41,164318,566603,51205,0,583197,782128,1365326
2025-10-19,2025,10,19,chokepoint7,Cape of Good Hope,16,40,2,3,13,61,74,1274546,3171255,14157,7071,675617,4467030,5142648
2025-10-20,2025,10,20,chokepoint1,Suez Canal,7,17,2,0,21,26,47,278139,633947,6706,0,800511,918793,1719305
2025-10-20,2025,10,20,chokepoint4,Bab el-Mandeb Strait,7,16,2,0,16,25,41,101503,634052,8242,0,1217416,743798,1961214
2025-10-20,2025,10,20,chokepoint7,Cape of Good Hope,15,35,4,6,29,60,89,971579,2511638,35607,30428,2291441,3549253,5840695
2025-10-21,2025,10,21,chokepoint1,Suez Canal,7,7,4,0,14,18,32,210704,561817,19145,0,598197,791667,1389865
2025-10-21,2025,10,21,chokepoint4,Bab el-Mandeb Strait,9,19,6,3,14,37,51,76583,1037957,52371,11300,1050570,1178213,2228783
2025-10-21,2025,10,21,chokepoint7,Cape of Good Hope,23,35,2,3,19,63,82,1224145,2342900,16378,13157,1599386,3596581,5195967
2025-10-22,2025,10,22,chokepoint1,Suez Canal,8,10,2,0,13,20,33,95165,555962,7841,0,739110,658969,1398080
2025-10-22,2025,10,22,chokepoint4,Bab el-Mandeb Strait,7,5,7,1,10,20,30,128511,159598,11757,3301,636344,303169,939513
2025-10-22,2025,10,22,chokepoint7,Cape of Good Hope,22,47,3,6,15,78,93,1210131,2772464,17718,29602,1144639,4029916,5174556
2025-10-23,2025,10,23,chokepoint1,Suez Canal,14,14,4,0,17,32,49,309082,716680,7839,0,759602,1033602,1793205
2025-10-23,2025,10,23,chokepoint4,Bab el-Mandeb Strait,4,10,7,0,14,21,35,38548,423372,28899,0,682089,490821,1172911
2025-10-23,2025,10,23,chokepoint7,Cape of Good Hope,28,64,4,6,19,102,121,1700493,4670130,17252,15176,1341695,6403053,7744749
2025-10-24,2025,10,24,chokepoint1,Suez Canal,9,12,5,0,14,26,40,124930,544998,25371,0,617765,695300,1313065
2025-10-24,2025,10,24,chokepoint4,Bab el-Mandeb Strait,6,12,3,0,8,21,29,64530,420110,38738,0,241646,523379,765026
2025-10-24,2025,10,24,chokepoint7,Cape of Good Hope,19,43,5,3,21,70,91,1095081,2439047,24044,14817,1990799,3572991,5563791
2025-10-25,2025,10,25,chokepoint1,Suez Canal,15,12,2,3,15,32,47,179714,638605,5493,12694,1016466,836508,1852974
2025-10-25,2025,10,25,chokepoint4,Bab el-Mandeb Strait,8,14,6,1,13,29,42,78777,778115,34300,5645,649541,896838,1546380
2025-10-25,2025,10,25,chokepoint7,Cape of Good Hope,19,44,7,1,23,71,94,1117737,2945618,76599,5694,1645772,4145649,5791421
2025-10-26,2025,10,26,chokepoint1,Suez Canal,14,14,3,1,18,32,50,216857,597617,28096,0,891784,842571,1734356
2025-10-26,2025,10,26,chokepoint4,Bab el-Mandeb Strait,4,12,3,0,10,19,29,61701,690968,19726,0,699512,772396,1471908
2025-10-26,2025,10,26,chokepoint7,Cape of Good Hope,17,42,1,2,27,62,89,1219267,2917581,3633,4000,1631384,4144483,5775868
2025-10-27,2025,10,27,chokepoint1,Suez Canal,9,15,4,1,15,29,44,274911,594766,11996,3301,945649,884976,1830626
2025-10-27,2025,10,27,chokepoint4,Bab el-Mandeb Strait,2,9,3,0,10,14,24,79110,458796,30499,0,433838,568406,1002245
2025-10-27,2025,10,27,chokepoint7,Cape of Good Hope,8,47,5,2,15,62,77,369986,4165072,78531,15483,1704972,4629074,6334046
2025-10-28,2025,10,28,chokepoint1,Suez Canal,9,10,4,0,14,23,37,150675,495698,13493,0,890473,659867,1550340
2025-10-28,2025,10,28,chokepoint4,Bab el-Mandeb Strait,8,5,7,0,12,20,32,114705,195363,33009,0,475210,343078,818288
2025-10-28,2025,10,28,chokepoint7,Cape of Good Hope,38,42,4,5,15,89,104,2569627,3147278,28296,26457,627423,5771660,6399083
2025-10-29,2025,10,29,chokepoint1,Suez Canal,6,12,3,1,14,22,36,100961,643031,21498,0,638337,765491,1403828
2025-10-29,2025,10,29,chokepoint4,Bab el-Mandeb Strait,9,16,3,0,12,28,40,145301,828591,24956,0,950684,998849,1949534
2025-10-29,2025,10,29,chokepoint7,Cape of Good Hope,19,37,5,7,18,68,86,1404911,2386575,62019,41114,468086,3894620,4362707
2025-10-30,2025,10,30,chokepoint1,Suez Canal,10,16,0,0,11,26,37,232300,840046,0,0,364857,1072347,1437204
2025-10-30,2025,10,30,chokepoint4,Bab el-Mandeb Strait,7,12,6,0,13,25,38,106584,735715,50377,0,572962,892677,1465639
2025-10-30,2025,10,30,chokepoint7,Cape of Good Hope,20,44,2,2,24,68,92,1560146,3333805,21678,2768,1992785,4918398,6911184
2025-10-31,2025,10,31,chokepoint1,Suez Canal,8,6,5,0,16,19,35,118661,399753,11191,0,703673,529606,1233279
2025-10-31,2025,10,31,chokepoint4,Bab el-Mandeb Strait,9,12,5,1,14,27,41,146054,544288,23865,0,1133666,714209,1847875
2025-10-31,2025,10,31,chokepoint7,Cape of Good Hope,19,41,4,5,12,69,81,958785,2547031,5590,12329,1091702,3523736,4615439
2025-11-01,2025,11,1,chokepoint1,Suez Canal,13,11,3,1,17,28,45,254390,456438,5947,0,856792,716776,1573569
2025-11-01,2025,11,1,chokepoint4,Bab el-Mandeb Strait,4,10,4,1,6,19,25,56188,346269,32363,0,372779,434820,807600
2025-11-01,2025,11,1,chokepoint7,Cape of Good Hope,27,39,4,1,19,71,90,1926119,3930808,48887,0,713713,5905815,6619528
2025-11-02,2025,11,2,chokepoint1,Suez Canal,11,8,6,1,10,26,36,167807,427261,30606,0,674285,625674,1299959
2025-11-02,2025,11,2,chokepoint4,Bab el-Mandeb Strait,5,19,7,0,11,31,42,71845,934449,50912,0,689778,1057207,1746985
2025-11-02,2025,11,2,chokepoint7,Cape of Good Hope,16,44,4,3,15,67,82,946985,2531285,73796,13024,981766,3565092,4546858
2025-11-03,2025,11,3,chokepoint1,Suez Canal,7,12,14,1,15,34,49,205114,353535,69788,0,475900,628438,1104338
2025-11-03,2025,11,3,chokepoint4,Bab el-Mandeb Strait,10,13,5,0,15,28,43,125107,632914,15696,0,605326,773717,1379044
2025-11-03,2025,11,3,chokepoint7,Cape of Good Hope,15,41,9,2,14,67,81,1150993,2694110,171592,14884,1126772,4031580,5158353
2025-11-04,2025,11,4,chokepoint1,Suez Canal,12,1,3,0,22,16,38,327561,0,26565,0,1346028,354127,1700155
2025-11-04,2025,11,4,chokepoint4,Bab el-Mandeb Strait,6,13,2,0,12,21,33,91093,642816,7285,0,1007393,741195,1748588
2025-11-04,2025,11,4,chokepoint7,Cape of Good Hope,25,52,7,3,16,87,103,1481072,3829735,62022,13804,949983,5386635,6336618
2025-11-05,2025,11,5,chokepoint1,Suez Canal,10,14,2,1,19,27,46,163641,851036,7886,0,775864,1022564,1798428
2025-11-05,2025,11,5,chokepoint4,Bab el-Mandeb Strait,5,9,1,2,14,17,31,44528,331937,16037,4689,777071,397193,1174265
2025-11-05,2025,11,5,chokepoint7,Cape of Good Hope,14,45,11,3,13,73,86,1105194,2753860,112693,10226,935249,3981974,4917224
2025-11-06,2025,11,6,chokepoint1,Suez Canal,9,10,4,3,11,26,37,139246,508878,37554,0,586228,685679,1271907
2025-11-06,2025,11,6,chokepoint4,Bab el-Mandeb Strait,5,11,9,2,21,27,48,85105,516377,52453,1443,802419,655379,1457799
2025-11-06,2025,11,6,chokepoint7,Cape of Good Hope,19,33,2,6,11,60,71,1228954,3201488,11132,27266,550306,4468842,5019148
2025-11-07,2025,11,7,chokepoint1,Suez Canal,8,21,5,2,16,36,52,136023,1063767,22844,6492,935602,1229127,2164730
2025-11-07,2025,11,7,chokepoint4,Bab el-Mandeb Strait,5,13,3,2,13,23,36,66325,514316,23130,2768,932276,606540,1538817
2025-11-07,2025,11,7,chokepoint7,Cape of Good Hope,21,41,1,6,16,69,85,1099160,2430480,13671,17837,1444429,3561150,5005580
2025-11-08,2025,11,8,chokepoint1,Suez Canal,8,9,3,2,15,22,37,118389,348945,15456,3406,641004,486198,1127203
2025-11-08,2025,11,8,chokepoint4,Bab el-Mandeb Strait,5,13,5,0,19,23,42,57748,465302,35096,0,1357102,558147,1915250
2025-11-08,2025,11,8,chokepoint7,Cape of Good Hope,13,46,7,3,17,69,86,808003,3097613,61059,7012,1267576,3973688,5241265
2025-11-09,2025,11,9,chokepoint1,Suez Canal,11,16,3,0,17,30,47,167316,825114,27632,0,984549,1020063,2004612
2025-11-09,2025,11,9,chokepoint4,Bab el-Mandeb Strait,8,11,6,4,14,29,43,93572,400930,41726,0,525129,536229,1061358
2025-11-09,2025,11,9,chokepoint7,Cape of Good Hope,17,42,4,1,17,64,81,1159328,2792166,64457,0,995882,4015951,5011834
2025-11-10,2025,11,10,chokepoint1,Suez Canal,10,10,4,3,20,27,47,200386,471780,20793,3311,1061335,696271,1757607
2025-11-10,2025,11,10,chokepoint4,Bab el-Mandeb Strait,6,11,6,0,9,23,32,63896,668898,56621,0,775784,789416,1565201
2025-11-10,2025,11,10,chokepoint7,Cape of Good Hope,28,51,3,3,21,85,106,1712646,4022079,53047,8679,1786086,5796452,7582538
2025-11-11,2025,11,11,chokepoint1,Suez Canal,10,15,2,1,20,28,48,262214,804763,22191,2768,904725,1091937,1996663
2025-11-11,2025,11,11,chokepoint4,Bab el-Mandeb Strait,5,14,3,1,18,23,41,101046,641377,3859,6492,844030,752776,1596807
2025-11-11,2025,11,11,chokepoint7,Cape of Good Hope,18,48,4,6,19,76,95,977743,3490002,10389,31156,862247,4509291,5371539
2025-11-12,2025,11,12,chokepoint1,Suez Canal,10,10,7,0,16,27,43,212214,332169,76803,0,509600,621186,1130786
2025-11-12,2025,11,12,chokepoint4,Bab el-Mandeb Strait,5,10,3,0,8,18,26,72635,688069,4846,0,412391,765551,1177943
2025-11-12,2025,11,12,chokepoint7,Cape of Good Hope,15,34,4,5,17,58,75,1088087,2017213,88412,23381,1292307,3217094,4509402
2025-11-13,2025,11,13,chokepoint1,Suez Canal,8,16,7,0,13,31,44,156640,875238,61589,0,794603,1093468,1888071
2025-11-13,2025,11,13,chokepoint4,Bab el-Mandeb Strait,7,10,6,1,10,24,34,140170,529730,28483,0,439833,698384,1138217
2025-11-13,2025,11,13,chokepoint7,Cape of Good Hope,23,32,7,2,12,64,76,1451744,3276471,103542,14416,1224546,4846175,6070722
2025-11-14,2025,11,14,chokepoint1,Suez Canal,16,10,6,2,13,34,47,214433,473539,40485,0,812351,728458,1540810
2025-11-14,2025,11,14,chokepoint4,Bab el-Mandeb Strait,6,6,3,0,13,15,28,86499,184407,27607,0,946863,298514,1245377
2025-11-14,2025,11,14,chokepoint7,Cape of Good Hope,16,32,6,2,8,56,64,1103483,1911859,54327,10571,155760,3080242,3236003
2025-11-15,2025,11,15,chokepoint1,Suez Canal,13,12,3,1,10,29,39,421191,626003,4152,0,487051,1051348,1538399
2025-11-15,2025,11,15,chokepoint4,Bab el-Mandeb Strait,10,14,2,0,10,26,36,130066,773646,12423,0,482030,916136,1398167
2025-11-15,2025,11,15,chokepoint7,Cape of Good Hope,13,42,5,2,13,62,75,944639,2400415,50813,9128,1729911,3404996,5134908
2025-11-16,2025,11,16,chokepoint1,Suez Canal,10,15,3,0,16,28,44,135258,787602,3045,0,916210,925907,1842117
2025-11-16,2025,11,16,chokepoint4,Bab el-Mandeb Strait,6,17,3,1,11,27,38,54294,919277,56127,0,858443,1029700,1888144
2025-11-16,2025,11,16,chokepoint7,Cape of Good Hope,12,41,3,3,20,59,79,837435,3557505,4330,7168,1247430,4406440,5653870
2025-11-17,2025,11,17,chokepoint1,Suez Canal,8,11,8,0,11,27,38,242505,558060,27702,0,509754,828268,1338023
2025-11-17,2025,11,17,chokepoint4,Bab el-Mandeb Strait,2,15,7,4,12,28,40,25041,655812,58334,11734,809186,750923,1560109
2025-11-17,2025,11,17,chokepoint7,Cape of Good Hope,17,41,3,3,19,64,83,896970,3544274,10189,14343,654246,4465778,5120024
2025-11-18,2025,11,18,chokepoint1,Suez Canal,3,11,2,0,12,16,28,117581,482478,19637,0,639025,619696,1258722
2025-11-18,2025,11,18,chokepoint4,Bab el-Mandeb Strait,7,16,8,0,9,31,40,72101,1300653,44177,0,370103,1416932,1787035
2025-11-18,2025,11,18,chokepoint7,Cape of Good Hope,19,51,3,2,19,75,94,1435386,3765156,23683,4774,1389077,5228999,6618077
2025-11-19,2025,11,19,chokepoint1,Suez Canal,7,15,7,0,15,29,44,125101,785880,41780,0,651315,952762,1604078
2025-11-19,2025,11,19,chokepoint4,Bab el-Mandeb Strait,5,11,9,2,11,27,38,70119,466193,45637,15307,725934,597257,1323192
2025-11-19,2025,11,19,chokepoint7,Cape of Good Hope,23,45,3,5,21,76,97,1887696,3757853,15392,20733,1639216,5681675,7320891
2025-11-20,2025,11,20,chokepoint1,Suez Canal,10,18,6,0,16,34,50,223472,675806,48422,0,784558,947701,1732259
2025-11-20,2025,11,20,chokepoint4,Bab el-Mandeb Strait,6,16,11,0,14,33,47,74043,650462,43766,0,712400,768272,1480673
2025-11-20,2025,11,20,chokepoint7,Cape of Good Hope,13,46,6,7,11,72,83,977145,2836385,63237,27228,556100,3903996,4460096
2025-11-21,2025,11,21,chokepoint1,Suez Canal,14,15,3,2,11,34,45,166250,498954,21313,5677,543306,692196,1235502
2025-11-21,2025,11,21,chokepoint4,Bab el-Mandeb Strait,7,9,3,1,18,20,38,66811,487768,33319,9654,806352,597554,1403907
2025-11-21,2025,11,21,chokepoint7,Cape of Good Hope,25,49,3,3,15,80,95,1482131,4348226,41745,22350,572259,5894454,6466714
2025-11-22,2025,11,22,chokepoint1,Suez Canal,2,12,5,1,14,20,34,35288,511652,23551,4050,779631,574542,1354173
2025-11-22,2025,11,22,chokepoint4,Bab el-Mandeb Strait,7,6,5,0,15,18,33,121934,268806,48909,0,770628,439649,1210278
2025-11-22,2025,11,22,chokepoint7,Cape of Good Hope,19,29,4,12,17,64,81,1284384,1607510,76975,49982,730062,3018852,3748915
2025-11-23,2025,11,23,chokepoint1,Suez Canal,15,8,2,0,14,25,39,222339,289630,8243,0,549492,520213,1069705
2025-11-23,2025,11,23,chokepoint4,Bab el-Mandeb Strait,10,15,9,0,12,34,46,125847,686763,50354,0,792438,862964,1655403
2025-11-23,2025,11,23,chokepoint7,Cape of Good Hope,14,49,6,6,24,75,99,968945,4170549,31503,22388,843785,5193386,6037172
2025-11-24,2025,11,24,chokepoint1,Suez Canal,10,15,9,1,13,35,48,353090,1604754,52759,7228,699239,2017832,2717072
2025-11-24,2025,11,24,chokepoint4,Bab el-Mandeb Strait,6,12,4,0,8,22,30,71826,476508,37876,0,269711,586211,855922
2025-11-24,2025,11,24,chokepoint7,Cape of Good Hope,19,47,5,2,14,73,87,985983,2929390,44696,9719,1245628,3969789,5215417
2025-11-25,2025,11,25,chokepoint1,Suez Canal,7,14,9,1,15,31,46,166771,462316,72714,9654,694871,711457,1406329
2025-11-25,2025,11,25,chokepoint4,Bab el-Mandeb Strait,6,17,6,1,15,30,45,116264,698649,66282,7553,665318,888749,1554068
2025-11-25,2025,11,25,chokepoint7,Cape of Good Hope,21,39,4,3,21,67,88,1640571,3062706,113068,24921,1715662,4841267,6556929
2025-11-26,2025,11,26,chokepoint1,Suez Canal,6,10,3,1,20,20,40,178858,429924,35287,0,1226454,644071,1870525
2025-11-26,2025,11,26,chokepoint4,Bab el-Mandeb Strait,7,14,4,1,12,26,38,110262,561339,15643,6056,278343,693302,971646
2025-11-26,2025,11,26,chokepoint7,Cape of Good Hope,18,38,3,0,18,59,77,1212547,3272232,63371,0,869976,4548152,5418129
2025-11-27,2025,11,27,chokepoint1,Suez Canal,13,18,2,0,17,33,50,133591,1082846,3963,0,830168,1220401,2050569
2025-11-27,2025,11,27,chokepoint4,Bab el-Mandeb Strait,5,9,4,1,13,19,32,87195,397621,53470,0,333810,538287,872097
2025-11-27,2025,11,27,chokepoint7,Cape of Good Hope,27,51,3,3,20,84,104,2018950,3318100,51165,7569,565220,5395786,5961006
2025-11-28,2025,11,28,chokepoint1,Suez Canal,8,11,6,1,16,26,42,176561,457843,25069,2707,586786,662181,1248967
2025-11-28,2025,11,28,chokepoint4,Bab el-Mandeb Strait,5,12,3,1,16,21,37,73915,454860,24416,1692,796181,554885,1351066
2025-11-28,2025,11,28,chokepoint7,Cape of Good Hope,29,50,5,4,21,88,109,2023999,4756571,70402,8030,974372,6859003,7833376
2025-11-29,2025,11,29,chokepoint1,Suez Canal,4,7,5,0,12,16,28,34593,494504,22740,0,774865,551837,1326703
2025-11-29,2025,11,29,chokepoint4,Bab el-Mandeb Strait,4,11,2,1,15,18,33,70302,693590,2067,0,609717,765960,1375677
2025-11-29,2025,11,29,chokepoint7,Cape of Good Hope,21,42,5,5,20,73,93,1216836,3123559,81803,19422,1750597,4441622,6192220
2025-11-30,2025,11,30,chokepoint1,Suez Canal,12,13,4,0,15,29,44,135332,509571,21102,0,714729,666006,1380736
2025-11-30,2025,11,30,chokepoint4,Bab el-Mandeb Strait,10,22,5,0,10,37,47,100236,1034323,30107,0,757336,1164667,1922004
2025-11-30,2025,11,30,chokepoint7,Cape of Good Hope,17,45,4,5,14,71,85,1032553,3278767,60137,36262,1149827,4407721,5557549
2025-12-01,2025,12,1,chokepoint1,Suez Canal,7,19,9,0,17,35,52,297976,945069,51874,0,575162,1294920,1870083
2025-12-01,2025,12,1,chokepoint4,Bab el-Mandeb Strait,4,6,6,0,12,16,28,32145,360810,37366,0,586020,430322,1016342
2025-12-01,2025,12,1,chokepoint7,Cape of Good Hope,16,41,4,2,19,63,82,938352,3207839,38812,12278,1009203,4197282,5206486
2025-12-02,2025,12,2,chokepoint1,Suez Canal,6,13,1,0,12,20,32,194137,633879,1749,0,566295,829766,1396062
2025-12-02,2025,12,2,chokepoint4,Bab el-Mandeb Strait,10,14,5,1,11,30,41,190870,869963,40248,0,692091,1101082,1793174
2025-12-02,2025,12,2,chokepoint7,Cape of Good Hope,20,36,4,3,20,63,83,1390219,3125796,28951,10584,1372526,4555552,5928078
2025-12-03,2025,12,3,chokepoint1,Suez Canal,9,6,4,3,18,22,40,162750,359242,7013,1692,563023,530699,1093722
2025-12-03,2025,12,3,chokepoint4,Bab el-Mandeb Strait,7,14,3,1,16,25,41,140722,670408,3620,4604,676576,819356,1495932
2025-12-03,2025,12,3,chokepoint7,Cape of Good Hope,18,41,9,2,14,70,84,976642,2921756,82608,7052,637198,3988060,4625259
2025-12-04,2025,12,4,chokepoint1,Suez Canal,8,9,5,1,20,23,43,246356,591705,17572,2890,1093222,858523,1951745
2025-12-04,2025,12,4,chokepoint4,Bab el-Mandeb Strait,4,8,2,2,10,16,26,47456,486607,13526,14153,417890,561743,979633
2025-12-04,2025,12,4,chokepoint7,Cape of Good Hope,25,41,4,4,16,74,90,1573419,2943120,60943,16992,424139,4594476,5018615
2025-12-05,2025,12,5,chokepoint1,Suez Canal,9,20,2,0,5,31,36,207167,917100,2483,0,285856,1126751,1412608
2025-12-05,2025,12,5,chokepoint4,Bab el-Mandeb Strait,11,12,7,0,9,30,39,154150,376820,30575,0,469355,561547,1030902
2025-12-05,2025,12,5,chokepoint7,Cape of Good Hope,21,40,3,7,18,71,89,1331717,3168472,25317,23549,1312984,4549057,5862042
2025-12-06,2025,12,6,chokepoint1,Suez Canal,8,14,3,0,17,25,42,141946,648749,3677,0,1209595,794372,2003968
2025-12-06,2025,12,6,chokepoint4,Bab el-Mandeb Strait,10,12,7,2,9,31,40,135475,665537,55765,2375,418326,859154,1277481
2025-12-06,2025,12,6,chokepoint7,Cape of Good Hope,22,35,5,4,13,66,79,1520898,1594684,29911,15137,1129285,3160631,4289917
2025-12-07,2025,12,7,chokepoint1,Suez Canal,7,8,4,1,13,20,33,130829,626876,21639,0,486766,779345,1266112
2025-12-07,2025,12,7,chokepoint4,Bab el-Mandeb Strait,8,9,8,0,13,25,38,108003,642076,57937,0,532449,808018,1340467
2025-12-07,2025,12,7,chokepoint7,Cape of Good Hope,18,49,5,1,11,73,84,1222881,3177764,52784,5439,1327270,4458869,5786139
2025-12-08,2025,12,8,chokepoint1,Suez Canal,12,10,2,3,17,27,44,227074,387259,3212,12211,927739,629758,1557497
2025-12-08,2025,12,8,chokepoint4,Bab el-Mandeb Strait,4,9,1,0,5,14,19,42040,319416,3528,0,203484,364985,568470
2025-12-08,2025,12,8,chokepoint7,Cape of Good Hope,14,37,6,3,15,60,75,825694,2297252,58153,24628,827757,3205729,4033487
2025-12-09,2025,12,9,chokepoint1,Suez Canal,4,16,3,1,13,24,37,127441,941575,13124,3583,736659,1085725,1822384
2025-12-09,2025,12,9,chokepoint4,Bab el-Mandeb Strait,1,6,1,0,4,8,12,16803,292567,660,0,323393,310031,633425
2025-12-09,2025,12,9,chokepoint7,Cape of Good Hope,15,42,4,2,11,63,74,994811,2373268,59688,8432,765228,3436201,4201429
2025-12-10,2025,12,10,chokepoint1,Suez Canal,4,10,3,0,14,17,31,78038,468634,42337,0,467873,589010,1056883
2025-12-10,2025,12,10,chokepoint4,Bab el-Mandeb Strait,1,9,4,0,12,14,26,9121,501594,8824,0,745122,519540,1264662
2025-12-10,2025,12,10,chokepoint7,Cape of Good Hope,29,54,1,5,14,89,103,1618582,4118331,39948,19229,504129,5796092,6300222
2025-12-11,2025,12,11,chokepoint1,Suez Canal,11,8,7,1,13,27,40,333172,450971,47358,0,415516,831501,1247017
2025-12-11,2025,12,11,chokepoint4,Bab el-Mandeb Strait,2,10,3,1,8,16,24,15664,324249,20083,0,231933,359998,591931
2025-12-11,2025,12,11,chokepoint7,Cape of Good Hope,19,44,5,7,12,75,87,1205818,2548107,26355,20365,872829,3800646,4673475
2025-12-12,2025,12,12,chokepoint1,Suez Canal,13,8,7,0,14,28,42,186278,406505,49766,0,851580,642550,1494130
2025-12-12,2025,12,12,chokepoint4,Bab el-Mandeb Strait,5,6,4,1,13,16,29,59791,227261,39520,7584,716640,334158,1050798
2025-12-12,2025,12,12,chokepoint7,Cape of Good Hope,21,48,6,0,13,75,88,1379570,4107651,52886,0,557141,5540109,6097250
2025-12-13,2025,12,13,chokepoint1,Suez Canal,13,13,3,1,13,30,43,331752,1040842,72360,0,701828,1444954,2146782
2025-12-13,2025,12,13,chokepoint4,Bab el-Mandeb Strait,2,11,3,1,10,17,27,17129,734830,34436,0,519545,786395,1305941
2025-12-13,2025,12,13,chokepoint7,Cape of Good Hope,19,48,3,2,14,72,86,1386600,4085264,8326,8185,373535,5488377,5861913
2025-12-14,2025,12,14,chokepoint1,Suez Canal,10,10,5,0,19,25,44,266653,337804,7334,0,1250851,611792,1862643
2025-12-14,2025,12,14,chokepoint4,Bab el-Mandeb Strait,7,8,5,0,15,20,35,151576,489263,49135,0,621151,689976,1311127
2025-12-14,2025,12,14,chokepoint7,Cape of Good Hope,18,50,3,2,18,73,91,1308176,2870088,19038,6595,1066214,4203898,5270112
2025-12-15,2025,12,15,chokepoint1,Suez Canal,8,11,5,0,24,24,48,183062,832689,5185,0,1255212,1020937,2276149
2025-12-15,2025,12,15,chokepoint4,Bab el-Mandeb Strait,6,5,5,0,7,16,23,96924,200159,40473,0,111962,337557,449520
2025-12-15,2025,12,15,chokepoint7,Cape of Good Hope,19,51,7,2,22,79,101,1237361,4294877,72308,9075,1914102,5613623,7527725
2025-12-16,2025,12,16,chokepoint1,Suez Canal,8,5,4,1,16,18,34,429295,286810,17529,6203,910419,739839,1650258
2025-12-16,2025,12,16,chokepoint4,Bab el-Mandeb Strait,6,7,7,0,14,20,34,97072,329086,65150,0,789277,491309,1280586
2025-12-16,2025,12,16,chokepoint7,Cape of Good Hope,14,45,1,0,15,60,75,851779,2765028,6670,0,1851304,3623478,5474783
2025-12-17,2025,12,17,chokepoint1,Suez Canal,7,13,2,0,10,22,32,146679,664979,21848,0,423132,833507,1256639
2025-12-17,2025,12,17,chokepoint4,Bab el-Mandeb Strait,10,10,5,1,14,26,40,95658,554623,48512,0,765670,698793,1464463
2025-12-17,2025,12,17,chokepoint7,Cape of Good Hope,17,44,2,3,17,66,83,1228882,3439401,7453,22572,1124738,4698310,5823049
2025-12-18,2025,12,18,chokepoint1,Suez Canal,11,11,3,0,17,25,42,83230,385027,9539,0,903302,477797,1381099
2025-12-18,2025,12,18,chokepoint4,Bab el-Mandeb Strait,1,11,4,1,16,17,33,27837,555587,15427,4466,973801,603318,1577120
2025-12-18,2025,12,18,chokepoint7,Cape of Good Hope,23,24,2,5,17,54,71,1311566,2244583,35858,23076,906679,3615085,4521765
2025-12-19,2025,12,19,chokepoint1,Suez Canal,14,13,7,0,17,34,51,329848,558231,51230,0,571250,939310,1510561
2025-12-19,2025,12,19,chokepoint4,Bab el-Mandeb Strait,4,8,5,1,10,18,28,29879,1027193,18755,5368,670617,1081198,1751815
2025-12-19,2025,12,19,chokepoint7,Cape of Good Hope,23,28,4,1,17,56,73,1642902,2264249,24664,5761,1138980,3937578,5076558
2025-12-20,2025,12,20,chokepoint1,Suez Canal,5,11,1,0,16,17,33,78681,420624,4924,0,878675,504230,1382905
2025-12-20,2025,12,20,chokepoint4,Bab el-Mandeb Strait,6,4,2,0,10,12,22,85112,247467,4874,0,687235,337453,1024689
2025-12-20,2025,12,20,chokepoint7,Cape of Good Hope,19,38,4,4,17,65,82,1166524,2312732,63204,19242,1336215,3561702,4897918
2025-12-21,2025,12,21,chokepoint1,Suez Canal,9,9,5,1,18,24,42,177362,273586,6813,0,1042454,457762,1500216
2025-12-21,2025,12,21,chokepoint4,Bab el-Mandeb Strait,6,11,7,0,14,24,38,72659,491546,50325,0,688666,614530,1303197
2025-12-21,2025,12,21,chokepoint7,Cape of Good Hope,13,30,3,3,15,49,64,907740,2152669,76448,8101,643401,3144961,3788363
2025-12-22,2025,12,22,chokepoint1,Suez Canal,7,12,4,0,22,23,45,223926,551769,3769,0,1210110,779465,1989575
2025-12-22,2025,12,22,chokepoint4,Bab el-Mandeb Strait,8,6,4,0,5,18,23,89770,443957,7458,0,254113,541185,795298
2025-12-22,2025,12,22,chokepoint7,Cape of Good Hope,24,34,3,2,28,63,91,1312637,2686208,28906,5098,1933222,4032850,5966073
2025-12-23,2025,12,23,chokepoint1,Suez Canal,11,10,7,2,9,30,39,558372,566449,17810,2387,357292,1145018,1502310
2025-12-23,2025,12,23,chokepoint4,Bab el-Mandeb Strait,6,15,3,1,9,25,34,108016,682108,10563,3301,454640,803990,1258630
2025-12-23,2025,12,23,chokepoint7,Cape of Good Hope,19,43,5,2,20,69,89,1515183,3468371,30489,14552,1666338,5028597,6694936
2025-12-24,2025,12,24,chokepoint1,Suez Canal,4,15,2,1,14,22,36,46734,970812,8383,4475,676243,1030406,1706650
2025-12-24,2025,12,24,chokepoint4,Bab el-Mandeb Strait,4,10,3,0,10,17,27,54657,566576,38802,0,510594,660036,1170630
2025-12-24,2025,12,24,chokepoint7,Cape of Good Hope,12,46,5,4,11,67,78,804814,3688886,55840,18588,963914,4568129,5532044
2025-12-25,2025,12,25,chokepoint1,Suez Canal,16,7,3,2,18,28,46,307998,307626,17437,0,1037524,633063,1670587
2025-12-25,2025,12,25,chokepoint4,Bab el-Mandeb Strait,9,12,5,0,16,26,42,170712,407602,30953,0,1033125,609268,1642394
2025-12-25,2025,12,25,chokepoint7,Cape of Good Hope,24,35,7,3,8,69,77,1383428,2820090,102861,17191,351009,4323571,4674581
2025-12-26,2025,12,26,chokepoint1,Suez Canal,9,11,4,0,10,24,34,133148,429649,14180,0,436437,576978,1013415
2025-12-26,2025,12,26,chokepoint4,Bab el-Mandeb Strait,5,8,4,1,8,18,26,44758,347078,20747,4466,630572,417051,1047624
2025-12-26,2025,12,26,chokepoint7,Cape of Good Hope,28,40,4,5,20,77,97,1871252,2956967,20183,12065,1146156,4860469,6006626
2025-12-27,2025,12,27,chokepoint1,Suez Canal,9,8,3,1,12,21,33,158338,469578,4073,3301,858833,635292,1494125
2025-12-27,2025,12,27,chokepoint4,Bab el-Mandeb Strait,9,14,1,1,11,25,36,123096,545331,835,0,294010,669263,963273
2025-12-27,2025,12,27,chokepoint7,Cape of Good Hope,11,46,3,7,10,67,77,845920,2386768,37344,22798,447221,3292832,3740054
2025-12-28,2025,12,28,chokepoint1,Suez Canal,10,8,3,0,12,21,33,222310,409793,6351,0,749887,638455,1388342
2025-12-28,2025,12,28,chokepoint4,Bab el-Mandeb Strait,5,15,6,3,12,29,41,95752,766096,26579,0,698357,888427,1586784
2025-12-28,2025,12,28,chokepoint7,Cape of Good Hope,21,35,6,3,14,65,79,1484559,1986052,27769,20179,833335,3518561,4351897
2025-12-29,2025,12,29,chokepoint1,Suez Canal,9,6,2,0,15,17,32,351568,375030,37565,0,697899,764163,1462063
2025-12-29,2025,12,29,chokepoint4,Bab el-Mandeb Strait,8,10,5,1,18,24,42,139753,353428,41672,6023,1377335,540878,1918214
2025-12-29,2025,12,29,chokepoint7,Cape of Good Hope,22,34,5,3,20,64,84,1094443,2456044,55938,15138,1613122,3621564,5234686
2025-12-30,2025,12,30,chokepoint1,Suez Canal,6,18,4,2,8,30,38,60610,851105,14765,4133,352810,930614,1283425
2025-12-30,2025,12,30,chokepoint4,Bab el-Mandeb Strait,3,12,6,0,12,21,33,34057,694407,45304,0,537618,773769,1311388
2025-12-30,2025,12,30,chokepoint7,Cape of Good Hope,28,54,3,6,16,91,107,1371668,4764774,10365,18759,1253909,6165568,7419477
2025-12-31,2025,12,31,chokepoint1,Suez Canal,10,7,4,0,14,21,35,286727,377073,40847,0,397235,704648,1101883
2025-12-31,2025,12,31,chokepoint4,Bab el-Mandeb Strait,6,11,4,1,12,22,34,134205,388488,24932,1795,708130,549422,1257552
2025-12-31,2025,12,31,chokepoint7,Cape of Good Hope,15,52,3,2,17,72,89,772017,4772076,10268,7759,771165,5562121,6333286
2026-01-01,2026,1,1,chokepoint1,Suez Canal,6,7,2,0,10,15,25,243238,380452,1985,0,875050,625676,1500726
2026-01-01,2026,1,1,chokepoint4,Bab el-Mandeb Strait,3,12,3,0,9,18,27,23815,625154,35626,0,776143,684596,1460739
2026-01-01,2026,1,1,chokepoint7,Cape of Good Hope,21,38,4,2,15,65,80,1548576,2685827,26861,7303,757455,4268570,5026026
2026-01-02,2026,1,2,chokepoint1,Suez Canal,7,10,3,0,8,20,28,261966,379902,5374,0,357995,647243,1005239
2026-01-02,2026,1,2,chokepoint4,Bab el-Mandeb Strait,7,11,4,0,4,22,26,131675,496567,32000,0,141645,660243,801889
2026-01-02,2026,1,2,chokepoint7,Cape of Good Hope,24,42,4,3,15,73,88,1357767,4020655,85537,13358,450845,5477318,5928164
2026-01-03,2026,1,3,chokepoint1,Suez Canal,9,6,3,0,19,18,37,211922,210911,24503,0,882736,447337,1330074
2026-01-03,2026,1,3,chokepoint4,Bab el-Mandeb Strait,7,12,2,3,11,24,35,134079,308056,8819,17794,816092,468749,1284841
2026-01-03,2026,1,3,chokepoint7,Cape of Good Hope,17,31,6,3,20,57,77,1077401,2064056,75325,28918,869914,3245701,4115616
2026-01-04,2026,1,4,chokepoint1,Suez Canal,9,10,6,2,15,27,42,190941,600965,55231,0,668147,847137,1515285
2026-01-04,2026,1,4,chokepoint4,Bab el-Mandeb Strait,8,9,6,0,6,23,29,97060,311928,30482,0,200632,439471,640103
2026-01-04,2026,1,4,chokepoint7,Cape of Good Hope,20,36,3,3,18,62,80,1664079,2706621,60963,10626,391945,4442290,4834235
2026-01-05,2026,1,5,chokepoint1,Suez Canal,10,12,4,2,14,28,42,171700,726043,31062,0,457612,928805,1386418
2026-01-05,2026,1,5,chokepoint4,Bab el-Mandeb Strait,3,10,1,1,11,15,26,21381,420200,1756,0,649351,443338,1092689
2026-01-05,2026,1,5,chokepoint7,Cape of Good Hope,28,41,4,8,17,81,98,1564550,3364006,37799,32807,665579,4999164,5664743
2026-01-06,2026,1,6,chokepoint1,Suez Canal,9,11,5,0,14,25,39,319887,437510,20459,0,645673,777857,1423530
2026-01-06,2026,1,6,chokepoint4,Bab el-Mandeb Strait,4,7,3,2,10,16,26,52959,383533,12389,8605,689885,457487,1147373
2026-01-06,2026,1,6,chokepoint7,Cape of Good Hope,20,36,5,0,12,61,73,1089407,2470982,80826,0,613530,3641216,4254747
2026-01-07,2026,1,7,chokepoint1,Suez Canal,7,6,3,3,9,19,28,102372,247882,5663,2201,302430,358120,660550
2026-01-07,2026,1,7,chokepoint4,Bab el-Mandeb Strait,10,10,3,1,17,24,41,243212,356583,635,0,983689,600431,1584120
2026-01-07,2026,1,7,chokepoint7,Cape of Good Hope,12,30,0,3,9,45,54,870986,2459301,0,22376,720818,3352664,4073482
2026-01-08,2026,1,8,chokepoint1,Suez Canal,9,14,6,1,10,30,40,305329,557730,36812,8185,524923,908057,1432981
2026-01-08,2026,1,8,chokepoint4,Bab el-Mandeb Strait,1,12,4,2,10,19,29,9724,503161,50974,6056,660453,569916,1230369
2026-01-08,2026,1,8,chokepoint7,Cape of Good Hope,24,46,9,7,14,86,100,1469736,4093293,88156,25936,754063,5677123,6431186
2026-01-09,2026,1,9,chokepoint1,Suez Canal,10,12,5,1,10,28,38,257176,681061,17815,3525,520976,959579,1480555
2026-01-09,2026,1,9,chokepoint4,Bab el-Mandeb Strait,8,7,4,3,12,22,34,100354,278350,21824,13845,483230,414374,897604
2026-01-09,2026,1,9,chokepoint7,Cape of Good Hope,28,46,1,4,19,79,98,1833982,2661317,0,9171,1539957,4504470,6044428
2026-01-10,2026,1,10,chokepoint1,Suez Canal,10,11,1,1,10,23,33,82183,464454,0,4471,774787,551109,1325897
2026-01-10,2026,1,10,chokepoint4,Bab el-Mandeb Strait,5,14,5,0,11,24,35,108247,680809,19393,0,323794,808450,1132244
2026-01-10,2026,1,10,chokepoint7,Cape of Good Hope,22,35,9,6,18,72,90,1451256,2606633,94691,26459,743634,4179041,4922675
2026-01-11,2026,1,11,chokepoint1,Suez Canal,11,6,7,0,11,24,35,204610,256373,41222,0,447105,502206,949312
2026-01-11,2026,1,11,chokepoint4,Bab el-Mandeb Strait,5,9,4,2,16,20,36,83282,435204,37525,0,704676,556011,1260687
2026-01-11,2026,1,11,chokepoint7,Cape of Good Hope,12,58,6,5,12,81,93,1164640,2415550,113717,16375,800639,3710283,4510923
2026-01-12,2026,1,12,chokepoint1,Suez Canal,5,12,3,0,15,20,35,86507,441563,3391,0,473113,531462,1004575
2026-01-12,2026,1,12,chokepoint4,Bab el-Mandeb Strait,9,12,4,0,14,25,39,137537,471380,55699,0,599117,664616,1263734
2026-01-12,2026,1,12,chokepoint7,Cape of Good Hope,20,49,7,1,22,77,99,1429105,3901690,77931,11241,1930769,5419968,7350738
2026-01-13,2026,1,13,chokepoint1,Suez Canal,3,7,2,2,15,14,29,46385,497528,1592,7441,969126,552947,1522074
2026-01-13,2026,1,13,chokepoint4,Bab el-Mandeb Strait,3,14,3,0,10,20,30,38833,751832,1943,0,658581,792609,1451190
2026-01-13,2026,1,13,chokepoint7,Cape of Good Hope,19,43,9,4,14,75,89,1073835,2664954,53807,25659,467030,3818256,4285286
2026-01-14,2026,1,14,chokepoint1,Suez Canal,8,6,3,1,7,18,25,206025,310161,6718,4229,305663,527135,832798
2026-01-14,2026,1,14,chokepoint4,Bab el-Mandeb Strait,7,9,1,1,4,18,22,141872,303973,5860,0,297092,451706,748798
2026-01-14,2026,1,14,chokepoint7,Cape of Good Hope,20,36,4,7,17,67,84,1175293,2272291,10033,50639,636444,3508258,4144702
2026-01-15,2026,1,15,chokepoint1,Suez Canal,11,10,7,0,9,28,37,263495,496861,59249,0,396974,819606,1216580
2026-01-15,2026,1,15,chokepoint4,Bab el-Mandeb Strait,6,12,9,0,11,27,38,95690,593792,47489,0,645210,736972,1382182
2026-01-15,2026,1,15,chokepoint7,Cape of Good Hope,25,47,7,2,15,81,96,1536749,3501235,99773,4317,1516328,5142075,6658404
2026-01-16,2026,1,16,chokepoint1,Suez Canal,12,9,7,2,20,30,50,173468,282603,41291,671,511133,498034,1009167
2026-01-16,2026,1,16,chokepoint4,Bab el-Mandeb Strait,5,15,6,0,11,26,37,58261,605013,32903,0,466657,696178,1162836
2026-01-16,2026,1,16,chokepoint7,Cape of Good Hope,22,41,4,4,14,71,85,1606929,2730926,63914,12085,998508,4413856,5412365
2026-01-17,2026,1,17,chokepoint1,Suez Canal,13,11,8,0,17,32,49,250975,379999,43301,0,793711,674277,1467988
2026-01-17,2026,1,17,chokepoint4,Bab el-Mandeb Strait,6,4,4,1,8,15,23,53179,216389,27337,4922,296254,301828,598082
2026-01-17,2026,1,17,chokepoint7,Cape of Good Hope,17,52,1,3,14,73,87,946989,3329102,6258,15755,781769,4298106,5079876
2026-01-18,2026,1,18,chokepoint1,Suez Canal,12,10,3,0,20,25,45,241267,402415,17296,0,1118633,660979,1779612
2026-01-18,2026,1,18,chokepoint4,Bab el-Mandeb Strait,2,11,10,0,7,23,30,63506,701692,83781,0,146895,848981,995876
2026-01-18,2026,1,18,chokepoint7,Cape of Good Hope,23,30,3,7,22,63,85,1519661,1249123,23201,21669,1793282,2813655,4606937
2026-01-19,2026,1,19,chokepoint1,Suez Canal,12,6,9,0,12,27,39,390049,219182,57720,0,420878,666952,1087831
2026-01-19,2026,1,19,chokepoint4,Bab el-Mandeb Strait,6,11,3,1,10,21,31,32398,590706,8599,0,277988,631705,909693
2026-01-19,2026,1,19,chokepoint7,Cape of Good Hope,16,36,6,2,16,60,76,1047324,2543618,98915,9903,1240893,3699761,4940655
2026-01-20,2026,1,20,chokepoint1,Suez Canal,8,8,4,0,19,20,39,324273,314597,31743,0,620665,670613,1291279
2026-01-20,2026,1,20,chokepoint4,Bab el-Mandeb Strait,9,9,6,0,12,24,36,99838,488951,90027,0,455593,678817,1134410
2026-01-20,2026,1,20,chokepoint7,Cape of Good Hope,15,49,2,9,18,75,93,818942,3136756,4557,40377,1493970,4000634,5494605
2026-01-21,2026,1,21,chokepoint1,Suez Canal,4,11,5,0,6,20,26,21845,491831,18158,0,328021,531835,859857
2026-01-21,2026,1,21,chokepoint4,Bab el-Mandeb Strait,8,10,4,0,8,22,30,119148,271014,10812,0,155349,400976,556325
2026-01-21,2026,1,21,chokepoint7,Cape of Good Hope,17,51,2,4,16,74,90,1112094,3313232,5821,13478,753020,4444626,5197646
2026-01-22,2026,1,22,chokepoint1,Suez Canal,8,7,9,1,18,25,43,137965,418724,28845,671,829435,586206,1415642
2026-01-22,2026,1,22,chokepoint4,Bab el-Mandeb Strait,9,11,3,2,5,25,30,107187,283777,17723,13357,316426,422046,738473
2026-01-22,2026,1,22,chokepoint7,Cape of Good Hope,21,48,4,1,18,74,92,1333464,3576432,32984,5455,1018241,4948337,5966578
2026-01-23,2026,1,23,chokepoint1,Suez Canal,11,11,4,1,9,27,36,276430,593260,38966,3793,279150,912450,1191601
2026-01-23,2026,1,23,chokepoint4,Bab el-Mandeb Strait,3,9,5,1,12,18,30,47504,300674,28950,2160,445044,379290,824335
2026-01-23,2026,1,23,chokepoint7,Cape of Good Hope,20,35,5,2,19,62,81,1380571,2788309,25236,11793,1172253,4205910,5378163
2026-01-24,2026,1,24,chokepoint1,Suez Canal,5,7,4,0,20,16,36,42568,352163,9992,0,549220,404725,953945
2026-01-24,2026,1,24,chokepoint4,Bab el-Mandeb Strait,8,6,5,0,16,19,35,117609,244212,13940,0,769959,375762,1145722
2026-01-24,2026,1,24,chokepoint7,Cape of Good Hope,20,31,4,3,14,58,72,1408038,1920302,87531,6153,896688,3422025,4318714
2026-01-25,2026,1,25,chokepoint1,Suez Canal,12,7,7,3,14,29,43,157643,397722,34944,2230,863072,592540,1455612
2026-01-25,2026,1,25,chokepoint4,Bab el-Mandeb Strait,5,12,9,0,14,26,40,53060,483774,41997,0,938386,578832,1517218
2026-01-25,2026,1,25,chokepoint7,Cape of Good Hope,30,35,8,2,15,75,90,1889603,2245907,29258,1846,558550,4166615,4725165
2026-01-26,2026,1,26,chokepoint1,Suez Canal,9,10,4,3,17,26,43,463245,333497,7820,12750,840182,817314,1657496
2026-01-26,2026,1,26,chokepoint4,Bab el-Mandeb Strait,7,10,10,0,15,27,42,71090,382868,52629,0,854399,506587,1360986
2026-01-26,2026,1,26,chokepoint7,Cape of Good Hope,21,51,4,7,24,83,107,1186324,3263565,4822,23659,1270517,4478372,5748890
2026-01-27,2026,1,27,chokepoint1,Suez Canal,8,13,9,1,17,31,48,176025,683152,50629,1554,825137,911362,1736499
2026-01-27,2026,1,27,chokepoint4,Bab el-Mandeb Strait,7,11,0,1,13,19,32,114735,701872,0,3793,672223,820401,1492625
2026-01-27,2026,1,27,chokepoint7,Cape of Good Hope,22,48,1,4,22,75,97,1244011,2545511,15807,22382,978753,3827712,4806465
2026-01-28,2026,1,28,chokepoint1,Suez Canal,9,8,2,0,16,19,35,138207,232289,6821,0,840435,377318,1217754
2026-01-28,2026,1,28,chokepoint4,Bab el-Mandeb Strait,6,10,5,3,10,24,34,83245,779651,50111,0,337153,913009,1250162
2026-01-28,2026,1,28,chokepoint7,Cape of Good Hope,19,47,3,5,13,74,87,902889,2754480,27473,4661,732403,3689503,4421907
2026-01-29,2026,1,29,chokepoint1,Suez Canal,9,15,5,1,12,30,42,170089,776011,55091,0,633310,1001193,1634504
2026-01-29,2026,1,29,chokepoint4,Bab el-Mandeb Strait,4,11,3,1,8,19,27,63502,463354,11905,0,767380,538762,1306143
2026-01-29,2026,1,29,chokepoint7,Cape of Good Hope,20,46,5,4,18,75,93,1510457,3498647,58758,10995,828651,5078858,5907510
2026-01-30,2026,1,30,chokepoint1,Suez Canal,12,10,5,0,14,27,41,212033,413151,4141,0,881937,629326,1511263
2026-01-30,2026,1,30,chokepoint4,Bab el-Mandeb Strait,5,10,6,2,11,23,34,83477,245453,18803,5677,644269,353412,997681
2026-01-30,2026,1,30,chokepoint7,Cape of Good Hope,21,52,9,2,16,84,100,1123547,3282097,77957,3384,502581,4486986,4989568
2026-01-31,2026,1,31,chokepoint1,Suez Canal,10,12,4,0,14,26,40,127177,612673,35705,0,677915,775556,1453472
2026-01-31,2026,1,31,chokepoint4,Bab el-Mandeb Strait,5,6,1,0,18,12,30,83775,451400,2086,0,787099,537262,1324362
2026-01-31,2026,1,31,chokepoint7,Cape of Good Hope,15,36,2,4,11,57,68,924628,2460054,16234,21170,462755,3422088,3884843
2026-02-01,2026,2,1,chokepoint1,Suez Canal,9,7,8,0,13,24,37,175029,255355,40664,0,296621,471049,767670
2026-02-01,2026,2,1,chokepoint4,Bab el-Mandeb Strait,1,19,4,0,11,24,35,17077,731474,39062,0,568301,787614,1355916
2026-02-01,2026,2,1,chokepoint7,Cape of Good Hope,17,34,3,4,14,58,72,977446,2514822,14814,12769,474557,3519852,3994410
2026-02-02,2026,2,2,chokepoint1,Suez Canal,5,10,7,1,14,23,37,131150,631947,29128,0,795317,792226,1587544
2026-02-02,2026,2,2,chokepoint4,Bab el-Mandeb Strait,4,4,1,1,11,10,21,72766,119508,0,4697,474920,196973,671893
2026-02-02,2026,2,2,chokepoint7,Cape of Good Hope,11,39,5,3,7,58,65,692897,2614435,40758,7613,242325,3355704,3598030
2026-02-03,2026,2,3,chokepoint1,Suez Canal,6,10,3,0,9,19,28,238116,429354,23381,0,176196,690853,867049
2026-02-03,2026,2,3,chokepoint4,Bab el-Mandeb Strait,7,9,4,2,11,22,33,61162,568637,48471,8606,440342,686878,1127220
2026-02-03,2026,2,3,chokepoint7,Cape of Good Hope,18,49,4,3,6,74,80,1039572,3078867,13264,11084,152250,4142789,4295040
2026-02-04,2026,2,4,chokepoint1,Suez Canal,9,8,1,1,15,19,34,274030,193364,325,4752,796346,472472,1268819
2026-02-04,2026,2,4,chokepoint4,Bab el-Mandeb Strait,4,17,9,0,11,30,41,48220,934808,41080,0,506395,1024110,1530505
2026-02-04,2026,2,4,chokepoint7,Cape of Good Hope,20,48,2,8,16,78,94,1188196,2876691,9627,36795,1034160,4111310,5145470
2026-02-05,2026,2,5,chokepoint1,Suez Canal,9,7,6,0,14,22,36,263865,288349,13529,0,899497,565744,1465242
2026-02-05,2026,2,5,chokepoint4,Bab el-Mandeb Strait,3,14,1,0,12,18,30,46328,574292,3313,0,436903,623934,1060837
2026-02-05,2026,2,5,chokepoint7,Cape of Good Hope,16,45,4,0,13,65,78,994574,2729418,9120,0,340152,3733113,4073265
2026-02-06,2026,2,6,chokepoint1,Suez Canal,12,11,4,0,16,27,43,184805,420029,7864,0,824039,612699,1436738
2026-02-06,2026,2,6,chokepoint4,Bab el-Mandeb Strait,8,7,6,0,9,21,30,128101,209678,42672,0,256443,380452,636896
2026-02-06,2026,2,6,chokepoint7,Cape of Good Hope,23,40,3,2,11,68,79,1522379,2884415,18551,10785,697361,4436131,5133493
2026-02-07,2026,2,7,chokepoint1,Suez Canal,7,10,4,2,22,23,45,78317,523403,24114,11189,888504,637024,1525529
2026-02-07,2026,2,7,chokepoint4,Bab el-Mandeb Strait,5,7,4,1,12,17,29,88443,345216,21808,3583,382079,459052,841131
2026-02-07,2026,2,7,chokepoint7,Cape of Good Hope,16,35,1,1,12,53,65,979927,2313240,1656,4154,1254050,3298978,4553029
2026-02-08,2026,2,8,chokepoint1,Suez Canal,13,11,6,0,17,30,47,246562,350615,32193,0,835594,629371,1464965
2026-02-08,2026,2,8,chokepoint4,Bab el-Mandeb Strait,9,13,4,1,16,27,43,122306,446846,24888,4704,443583,598746,1042329
2026-02-08,2026,2,8,chokepoint7,Cape of Good Hope,17,43,2,1,16,63,79,1254098,2718865,34242,0,754870,4007206,4762077
2026-02-09,2026,2,9,chokepoint1,Suez Canal,9,12,6,0,13,27,40,525300,586735,27338,0,661793,1139374,1801167
2026-02-09,2026,2,9,chokepoint4,Bab el-Mandeb Strait,1,6,5,1,18,13,31,6371,187708,45526,5506,736727,245113,981841
2026-02-09,2026,2,9,chokepoint7,Cape of Good Hope,13,47,7,3,11,70,81,978826,2763709,54546,25427,1157106,3822509,4979616
2026-02-10,2026,2,10,chokepoint1,Suez Canal,6,12,3,0,14,21,35,253407,725390,11852,0,365698,990650,1356348
2026-02-10,2026,2,10,chokepoint4,Bab el-Mandeb Strait,7,5,7,0,13,19,32,136753,122208,38279,0,717001,297240,1014242
2026-02-10,2026,2,10,chokepoint7,Cape of Good Hope,26,51,4,4,13,85,98,1651717,3536882,41099,22044,770424,5251744,6022168
2026-02-11,2026,2,11,chokepoint1,Suez Canal,7,13,10,0,14,30,44,144896,532637,43974,0,634080,721508,1355588
2026-02-11,2026,2,11,chokepoint4,Bab el-Mandeb Strait,4,15,3,2,13,24,37,42998,743359,24910,9335,942229,820602,1762832
2026-02-11,2026,2,11,chokepoint7,Cape of Good Hope,9,48,3,3,19,63,82,443628,3276968,18760,8028,1237174,3747386,4984560
2026-02-12,2026,2,12,chokepoint1,Suez Canal,9,15,5,0,15,29,44,220056,507520,7176,0,745747,734753,1480500
2026-02-12,2026,2,12,chokepoint4,Bab el-Mandeb Strait,8,12,4,1,8,25,33,118050,672016,12691,6023,350202,808782,1158984
2026-02-12,2026,2,12,chokepoint7,Cape of Good Hope,20,41,2,2,17,65,82,1391278,2547510,16384,3710,684801,3958884,4643685
2026-02-13,2026,2,13,chokepoint1,Suez Canal,7,8,5,1,19,21,40,108142,297769,12574,0,962254,418486,1380741
2026-02-13,2026,2,13,chokepoint4,Bab el-Mandeb Strait,7,14,3,0,16,24,40,112327,512577,17724,0,874817,642629,1517447
2026-02-13,2026,2,13,chokepoint7,Cape of Good Hope,17,40,2,1,15,60,75,1286496,2510917,36654,4092,1314149,3838160,5152309
2026-02-14,2026,2,14,chokepoint1,Suez Canal,8,9,3,3,19,23,42,111976,244452,18746,5506,963985,380681,1344667
2026-02-14,2026,2,14,chokepoint4,Bab el-Mandeb Strait,3,9,7,1,8,20,28,38995,412853,58862,5514,606457,516225,1122682
2026-02-14,2026,2,14,chokepoint7,Cape of Good Hope,24,43,1,0,13,68,81,1705796,2421178,9948,0,973490,4136923,5110414
2026-02-15,2026,2,15,chokepoint1,Suez Canal,10,7,4,1,13,22,35,114202,259524,23880,0,666447,397607,1064054
2026-02-15,2026,2,15,chokepoint4,Bab el-Mandeb Strait,4,13,6,0,8,23,31,53387,916915,6683,0,212452,976986,1189439
2026-02-15,2026,2,15,chokepoint7,Cape of Good Hope,24,47,1,4,12,76,88,1554464,3683510,6368,4760,836858,5249103,6085961
2026-02-16,2026,2,16,chokepoint1,Suez Canal,14,8,7,0,20,29,49,380109,362694,72750,0,808602,815554,1624157
2026-02-16,2026,2,16,chokepoint4,Bab el-Mandeb Strait,2,10,5,0,13,17,30,45015,488475,22905,0,401057,556396,957454
2026-02-16,2026,2,16,chokepoint7,Cape of Good Hope,23,49,2,4,24,78,102,1281166,3052474,30621,18303,1739709,4382566,6122275
2026-02-17,2026,2,17,chokepoint1,Suez Canal,6,14,4,1,15,25,40,237935,628333,11117,0,766804,877386,1644191
2026-02-17,2026,2,17,chokepoint4,Bab el-Mandeb Strait,6,17,8,2,12,33,45,53743,715505,28190,3301,859621,800741,1660362
2026-02-17,2026,2,17,chokepoint7,Cape of Good Hope,15,49,3,3,9,70,79,855893,4671327,5686,6656,441666,5539564,5981230
2026-02-18,2026,2,18,chokepoint1,Suez Canal,5,14,3,1,14,23,37,156146,747340,18155,6203,418531,927846,1346377
2026-02-18,2026,2,18,chokepoint4,Bab el-Mandeb Strait,6,10,4,3,16,23,39,106014,422652,25737,8647,910678,563052,1473730
2026-02-18,2026,2,18,chokepoint7,Cape of Good Hope,19,36,3,3,13,61,74,1350856,2239266,60401,17528,742092,3668052,4410144
2026-02-19,2026,2,19,chokepoint1,Suez Canal,6,10,2,0,14,18,32,158298,352232,38345,0,739334,548876,1288210
2026-02-19,2026,2,19,chokepoint4,Bab el-Mandeb Strait,4,7,2,3,9,16,25,50165,105962,4320,5498,517992,165946,683939
2026-02-19,2026,2,19,chokepoint7,Cape of Good Hope,23,51,6,4,17,84,101,1096309,2538431,65965,17621,1319280,3718326,5037607
2026-02-20,2026,2,20,chokepoint1,Suez Canal,10,5,1,1,15,17,32,232603,330228,1983,0,542937,564816,1107753
2026-02-20,2026,2,20,chokepoint4,Bab el-Mandeb Strait,7,11,8,3,15,29,44,74626,385788,89176,11931,1025318,561522,1586841
2026-02-20,2026,2,20,chokepoint7,Cape of Good Hope,23,50,4,5,11,82,93,1506901,2117784,31333,16394,237265,3672413,3909678
2026-02-21,2026,2,21,chokepoint1,Suez Canal,7,8,6,1,18,22,40,243711,218491,21949,3301,479491,487454,966945
2026-02-21,2026,2,21,chokepoint4,Bab el-Mandeb Strait,6,9,3,1,19,19,38,113292,579388,6405,1705,1254886,700790,1955677
2026-02-21,2026,2,21,chokepoint7,Cape of Good Hope,18,34,11,14,16,77,93,1001802,3044418,127439,68754,814105,4242414,5056519
2026-02-22,2026,2,22,chokepoint1,Suez Canal,10,5,7,0,13,22,35,138289,336189,29971,0,346868,504450,851319
2026-02-22,2026,2,22,chokepoint4,Bab el-Mandeb Strait,11,16,6,0,13,33,46,155888,724033,62278,0,561208,942200,1503408
2026-02-22,2026,2,22,chokepoint7,Cape of Good Hope,14,67,14,2,13,97,110,1121591,3153713,107685,6579,334813,4389569,4724383
2026-02-23,2026,2,23,chokepoint1,Suez Canal,8,12,4,2,13,26,39,226699,501403,8703,7135,626749,743942,1370691
2026-02-23,2026,2,23,chokepoint4,Bab el-Mandeb Strait,6,12,3,2,11,23,34,62737,705023,37159,12338,673001,817259,1490261
2026-02-23,2026,2,23,chokepoint7,Cape of Good Hope,28,49,6,6,13,89,102,1587085,4029783,72050,24993,1047846,5713913,6761760
2026-02-24,2026,2,24,chokepoint1,Suez Canal,8,7,1,3,14,19,33,268987,366911,1704,13442,314344,651046,965390
2026-02-24,2026,2,24,chokepoint4,Bab el-Mandeb Strait,7,14,9,0,12,30,42,150587,634601,44801,0,281638,829989,1111628
2026-02-24,2026,2,24,chokepoint7,Cape of Good Hope,27,53,5,3,10,88,98,1849446,3501255,58701,22729,668037,5432133,6100170
2026-02-25,2026,2,25,chokepoint1,Suez Canal,12,12,2,0,18,26,44,408066,768956,8057,0,713378,1185080,1898458
2026-02-25,2026,2,25,chokepoint4,Bab el-Mandeb Strait,5,10,6,2,11,23,34,52263,418152,43834,6258,681660,520508,1202169
2026-02-25,2026,2,25,chokepoint7,Cape of Good Hope,14,39,1,2,11,56,67,757114,2390461,20734,6410,1580254,3174720,4754974
2026-02-26,2026,2,26,chokepoint1,Suez Canal,5,11,5,1,23,22,45,126316,411841,9853,3793,1269116,551804,1820920
2026-02-26,2026,2,26,chokepoint4,Bab el-Mandeb Strait,9,11,5,1,17,26,43,111137,440994,29248,0,842719,581380,1424099
2026-02-26,2026,2,26,chokepoint7,Cape of Good Hope,22,45,4,4,11,75,86,1401465,2893347,35311,29401,984302,4359526,5343829
2026-02-27,2026,2,27,chokepoint1,Suez Canal,13,9,2,1,22,25,47,243977,433854,15381,7071,996493,700285,1696778
2026-02-27,2026,2,27,chokepoint4,Bab el-Mandeb Strait,7,11,3,0,14,21,35,98712,352070,13683,0,877363,464465,1341829
2026-02-27,2026,2,27,chokepoint7,Cape of Good Hope,30,56,4,2,15,92,107,1824014,2860033,35441,0,807363,4719489,5526852
2026-02-28,2026,2,28,chokepoint1,Suez Canal,8,10,2,0,14,20,34,225755,397183,20056,0,596205,642995,1239200
2026-02-28,2026,2,28,chokepoint4,Bab el-Mandeb Strait,3,4,5,0,11,12,23,50756,759532,23700,0,655691,833988,1489680
2026-02-28,2026,2,28,chokepoint7,Cape of Good Hope,13,31,5,4,9,53,62,667587,1499433,50191,20662,284591,2237874,2522465
2026-03-01,2026,3,1,chokepoint1,Suez Canal,10,8,3,0,13,21,34,142437,529869,3036,0,247342,675343,922685
2026-03-01,2026,3,1,chokepoint4,Bab el-Mandeb Strait,5,8,3,1,13,17,30,89450,516216,25819,0,665460,631486,1296946
2026-03-01,2026,3,1,chokepoint7,Cape of Good Hope,6,58,1,1,12,66,78,613914,3214607,1499,0,668596,3830021,4498617
2026-03-02,2026,3,2,chokepoint1,Suez Canal,10,11,7,1,8,29,37,166087,666734,15676,6258,335845,854757,1190603
2026-03-02,2026,3,2,chokepoint4,Bab el-Mandeb Strait,4,7,4,0,9,15,24,75192,174584,4301,0,368192,254078,622270
2026-03-02,2026,3,2,chokepoint7,Cape of Good Hope,17,42,2,4,10,65,75,1156832,2386475,12499,14430,379810,3570238,3950049
2026-03-03,2026,3,3,chokepoint1,Suez Canal,11,10,4,0,25,25,50,381101,353176,19661,0,1634066,753939,2388005
2026-03-03,2026,3,3,chokepoint4,Bab el-Mandeb Strait,7,13,5,0,15,25,40,92744,540790,12363,0,505303,645898,1151202
2026-03-03,2026,3,3,chokepoint7,Cape of Good Hope,29,52,5,5,13,91,104,1696507,3217601,88684,28303,689662,5031096,5720759
2026-03-04,2026,3,4,chokepoint1,Suez Canal,14,9,1,1,17,25,42,383185,409108,0,7267,766252,799562,1565815
2026-03-04,2026,3,4,chokepoint4,Bab el-Mandeb Strait,2,9,7,2,7,20,27,23159,435647,54250,15807,455916,528865,984782
2026-03-04,2026,3,4,chokepoint7,Cape of Good Hope,29,65,6,2,15,102,117,1670355,3537385,43192,0,244745,5250933,5495679
2026-03-05,2026,3,5,chokepoint1,Suez Canal,6,11,2,0,18,19,37,83037,349171,5222,0,872499,437431,1309930
2026-03-05,2026,3,5,chokepoint4,Bab el-Mandeb Strait,5,14,3,1,9,23,32,75400,725801,16244,5824,183271,823271,1006543
2026-03-05,2026,3,5,chokepoint7,Cape of Good Hope,26,58,10,6,14,100,114,1717975,4714392,93184,43873,762351,6569426,7331778
2026-03-06,2026,3,6,chokepoint1,Suez Canal,6,5,7,0,16,18,34,198166,838916,33009,0,665814,1070093,1735907
2026-03-06,2026,3,6,chokepoint4,Bab el-Mandeb Strait,5,13,3,0,10,21,31,90566,549356,3149,0,305239,643072,948312
2026-03-06,2026,3,6,chokepoint7,Cape of Good Hope,24,36,4,2,12,66,78,1409799,2202802,49483,18072,1191063,3680158,4871222
2026-03-07,2026,3,7,chokepoint1,Suez Canal,12,12,2,1,22,27,49,211255,489564,36824,0,870474,737644,1608118
2026-03-07,2026,3,7,chokepoint4,Bab el-Mandeb Strait,3,10,4,1,16,18,34,48195,429042,9936,7071,649380,494246,1143626
2026-03-07,2026,3,7,chokepoint7,Cape of Good Hope,11,44,3,4,10,62,72,883009,2683101,60856,21457,527326,3648425,4175751
2026-03-08,2026,3,8,chokepoint1,Suez Canal,7,10,4,3,11,24,35,138601,397485,17113,15807,737659,569007,1306667
2026-03-08,2026,3,8,chokepoint4,Bab el-Mandeb Strait,10,13,4,0,16,27,43,135976,641832,27926,0,816751,805735,1622487
2026-03-08,2026,3,8,chokepoint7,Cape of Good Hope,23,40,2,3,14,68,82,1277011,2246510,18427,2838,1353966,3544788,4898754
2026-03-09,2026,3,9,chokepoint1,Suez Canal,8,8,9,0,13,25,38,158787,320225,44578,0,707464,523590,1231055
2026-03-09,2026,3,9,chokepoint4,Bab el-Mandeb Strait,6,7,1,0,9,14,23,171844,338782,1379,0,410580,512005,922586
2026-03-09,2026,3,9,chokepoint7,Cape of Good Hope,20,60,2,4,18,86,104,964739,3139902,7356,16732,1008309,4128731,5137040
2026-03-10,2026,3,10,chokepoint1,Suez Canal,11,11,6,0,8,28,36,261899,379888,33319,0,334424,675107,1009532
2026-03-10,2026,3,10,chokepoint4,Bab el-Mandeb Strait,4,5,0,0,10,9,19,57177,185625,0,0,676780,242802,919582
2026-03-10,2026,3,10,chokepoint7,Cape of Good Hope,23,46,5,4,13,78,91,1511273,2621629,56359,20236,304461,4209498,4513960
2026-03-11,2026,3,11,chokepoint1,Suez Canal,6,15,4,1,24,26,50,81106,616961,44187,7071,672696,749327,1422024
2026-03-11,2026,3,11,chokepoint4,Bab el-Mandeb Strait,4,11,4,0,18,19,37,61558,509447,60799,0,643183,631804,1274988
2026-03-11,2026,3,11,chokepoint7,Cape of Good Hope,19,53,5,7,12,84,96,1355200,3259490,33645,42112,617831,4690449,5308280
2026-03-12,2026,3,12,chokepoint1,Suez Canal,15,6,4,1,9,26,35,366995,242307,3786,3406,286817,616497,903314
2026-03-12,2026,3,12,chokepoint4,Bab el-Mandeb Strait,5,5,3,3,14,16,30,68473,170148,12639,7267,811894,258529,1070423
2026-03-12,2026,3,12,chokepoint7,Cape of Good Hope,18,45,5,3,11,71,82,1080256,3437547,37216,12740,574686,4567760,5142446
2026-03-13,2026,3,13,chokepoint1,Suez Canal,8,10,5,1,13,24,37,141276,364751,43815,2859,595681,552702,1148383
2026-03-13,2026,3,13,chokepoint4,Bab el-Mandeb Strait,7,9,11,1,9,28,37,92504,296193,71795,4689,633009,465183,1098192
2026-03-13,2026,3,13,chokepoint7,Cape of Good Hope,29,41,5,3,11,78,89,1804799,2901924,50591,5950,874819,4763266,5638085
2026-03-14,2026,3,14,chokepoint1,Suez Canal,1,6,3,0,12,10,22,20717,504757,21698,0,605533,547172,1152706
2026-03-14,2026,3,14,chokepoint4,Bab el-Mandeb Strait,4,8,2,1,13,15,28,36437,360761,9842,6637,582155,413679,995835
2026-03-14,2026,3,14,chokepoint7,Cape of Good Hope,13,39,8,2,18,62,80,783320,2061190,87486,10313,1151635,2942310,4093946
2026-03-15,2026,3,15,chokepoint1,Suez Canal,13,13,3,1,17,30,47,255405,579297,2478,0,783527,837181,1620709
2026-03-15,2026,3,15,chokepoint4,Bab el-Mandeb Strait,2,4,3,0,11,9,20,27215,185907,76776,0,796315,289899,1086215
2026-03-15,2026,3,15,chokepoint7,Cape of Good Hope,26,35,0,5,22,66,88,1904698,1831290,0,17707,1560300,3753696,5313997
2026-03-16,2026,3,16,chokepoint1,Suez Canal,7,7,5,3,9,22,31,268801,444089,5809,0,218649,718700,937350
2026-03-16,2026,3,16,chokepoint4,Bab el-Mandeb Strait,9,14,4,0,19,27,46,120467,630590,17469,0,731635,768527,1500162
2026-03-16,2026,3,16,chokepoint7,Cape of Good Hope,16,47,5,2,13,70,83,985017,3879832,76959,4248,296040,4946058,5242098
2026-03-17,2026,3,17,chokepoint1,Suez Canal,9,11,7,1,10,28,38,130832,511171,10858,0,201883,652862,854745
2026-03-17,2026,3,17,chokepoint4,Bab el-Mandeb Strait,2,7,4,1,18,14,32,41783,363057,11527,4634,892434,421003,1313438
2026-03-17,2026,3,17,chokepoint7,Cape of Good Hope,19,46,1,4,28,70,98,1258005,2976497,16221,17904,2543112,4268629,6811742
2026-03-18,2026,3,18,chokepoint1,Suez Canal,8,6,5,2,22,21,43,203250,304489,30359,13102,1190526,551203,1741729
2026-03-18,2026,3,18,chokepoint4,Bab el-Mandeb Strait,5,11,2,0,18,18,36,56969,427754,41168,0,415526,525891,941418
2026-03-18,2026,3,18,chokepoint7,Cape of Good Hope,25,53,7,5,14,90,104,1731722,2774804,35576,18632,247267,4560734,4808002
2026-03-19,2026,3,19,chokepoint1,Suez Canal,11,11,4,1,14,27,41,218816,647344,42201,3311,648249,911674,1559924
2026-03-19,2026,3,19,chokepoint4,Bab el-Mandeb Strait,9,11,2,2,18,24,42,119020,640373,81128,0,1113645,840522,1954168
2026-03-19,2026,3,19,chokepoint7,Cape of Good Hope,21,39,6,3,20,69,89,1281534,2378917,33057,18389,1302221,3711898,5014120
2026-03-20,2026,3,20,chokepoint1,Suez Canal,4,9,2,0,10,15,25,54372,485601,28513,0,575772,568487,1144260
2026-03-20,2026,3,20,chokepoint4,Bab el-Mandeb Strait,3,9,5,1,11,18,29,43678,438526,70860,0,778297,553065,1331363
2026-03-20,2026,3,20,chokepoint7,Cape of Good Hope,15,45,1,2,22,63,85,923054,3226791,5194,20289,1118811,4175330,5294141
2026-03-21,2026,3,21,chokepoint1,Suez Canal,6,6,5,0,18,17,35,225271,161808,27953,0,384144,415033,799177
2026-03-21,2026,3,21,chokepoint4,Bab el-Mandeb Strait,2,10,7,2,15,21,36,14583,528290,32022,7071,747216,581967,1329183
2026-03-21,2026,3,21,chokepoint7,Cape of Good Hope,20,44,3,2,19,69,88,1405145,3045224,20613,17052,886920,4488036,5374957
2026-03-22,2026,3,22,chokepoint1,Suez Canal,8,14,4,0,21,26,47,174370,797121,14349,0,430464,985840,1416305
2026-03-22,2026,3,22,chokepoint4,Bab el-Mandeb Strait,6,10,6,1,13,23,36,76406,647405,34666,1341,1051943,759819,1811762
2026-03-22,2026,3,22,chokepoint7,Cape of Good Hope,27,34,3,4,16,68,84,1573757,2253058,7246,18665,522889,3852728,4375617
2026-03-23,2026,3,23,chokepoint1,Suez Canal,10,7,2,1,15,20,35,244184,382924,12330,2552,231863,641991,873854
2026-03-23,2026,3,23,chokepoint4,Bab el-Mandeb Strait,1,2,2,0,18,5,23,18832,100641,299,0,737047,119774,856821
2026-03-23,2026,3,23,chokepoint7,Cape of Good Hope,14,36,5,5,23,60,83,809951,1854781,77669,18830,1041897,2761233,3803130
2026-03-24,2026,3,24,chokepoint1,Suez Canal,7,16,2,0,14,25,39,255086,845318,3810,0,663734,1104215,1767949
2026-03-24,2026,3,24,chokepoint4,Bab el-Mandeb Strait,4,10,2,1,10,17,27,58598,632145,6033,4267,856978,701045,1558023
2026-03-24,2026,3,24,chokepoint7,Cape of Good Hope,11,40,5,7,21,63,84,587627,1866980,72324,26735,684766,2553668,3238435
2026-03-25,2026,3,25,chokepoint1,Suez Canal,15,7,8,0,16,30,46,244001,409211,48501,0,375324,701714,1077039
2026-03-25,2026,3,25,chokepoint4,Bab el-Mandeb Strait,7,14,5,2,14,28,42,56174,800043,37785,17683,686517,911688,1598205
2026-03-25,2026,3,25,chokepoint7,Cape of Good Hope,15,40,5,5,24,65,89,934165,3346960,25399,24807,1015645,4331332,5346977
2026-03-26,2026,3,26,chokepoint1,Suez Canal,7,9,4,1,12,21,33,147773,423710,10326,0,757984,581809,1339794
2026-03-26,2026,3,26,chokepoint4,Bab el-Mandeb Strait,5,6,8,2,15,21,36,47658,421809,39055,15972,647305,524495,1171800
2026-03-26,2026,3,26,chokepoint7,Cape of Good Hope,29,38,2,7,23,76,99,1748943,3419033,6532,21645,1235110,5196154,6431264
2026-03-27,2026,3,27,chokepoint1,Suez Canal,14,8,5,1,9,28,37,282626,376628,14252,0,240278,673507,913785
2026-03-27,2026,3,27,chokepoint4,Bab el-Mandeb Strait,6,14,3,0,12,23,35,80489,600627,14320,0,540342,695437,1235780
2026-03-27,2026,3,27,chokepoint7,Cape of Good Hope,19,34,5,3,20,61,81,1317380,3198637,83222,15946,811867,4615187,5427054
2026-03-28,2026,3,28,chokepoint1,Suez Canal,7,12,3,2,14,24,38,256734,489120,7821,0,657037,753677,1410714
2026-03-28,2026,3,28,chokepoint4,Bab el-Mandeb Strait,8,11,3,1,10,23,33,82786,401039,24306,1341,601594,509474,1111068
2026-03-28,2026,3,28,chokepoint7,Cape of Good Hope,15,34,5,2,29,56,85,979725,1981745,42742,6384,1036308,3010597,4046906
2026-03-29,2026,3,29,chokepoint1,Suez Canal,6,8,1,2,17,17,34,39119,1078287,35986,12640,685039,1166034,1851073
2026-03-29,2026,3,29,chokepoint4,Bab el-Mandeb Strait,7,13,1,0,11,21,32,96977,622083,78006,0,196975,797067,994043
2026-03-29,2026,3,29,chokepoint7,Cape of Good Hope,21,38,3,4,22,66,88,1652330,2897642,37358,12845,1516569,4600176,6116745
2026-03-30,2026,3,30,chokepoint1,Suez Canal,7,13,2,1,11,23,34,182671,657831,8736,6492,569947,855731,1425678
2026-03-30,2026,3,30,chokepoint4,Bab el-Mandeb Strait,3,16,10,3,12,32,44,40297,779162,40934,8626,696585,869020,1565606
2026-03-30,2026,3,30,chokepoint7,Cape of Good Hope,16,38,4,3,16,61,77,953822,2463560,7022,18858,546456,3443264,3989721
2026-03-31,2026,3,31,chokepoint1,Suez Canal,8,10,4,0,19,22,41,307274,448404,66717,0,935456,822395,1757851
2026-03-31,2026,3,31,chokepoint4,Bab el-Mandeb Strait,5,10,2,1,10,18,28,50854,470426,13999,0,450103,535279,985382
2026-03-31,2026,3,31,chokepoint7,Cape of Good Hope,19,48,4,1,19,72,91,1175315,3730469,33328,0,924739,4939113,5863852
2026-04-01,2026,4,1,chokepoint1,Suez Canal,4,18,5,1,20,28,48,83919,881257,26513,0,678406,991690,1670097
2026-04-01,2026,4,1,chokepoint4,Bab el-Mandeb Strait,6,10,5,2,16,23,39,71020,401184,11176,3633,826004,487014,1313019
2026-04-01,2026,4,1,chokepoint7,Cape of Good Hope,19,48,2,4,11,73,84,1103097,3031419,19875,7203,122505,4161596,4284102
2026-04-02,2026,4,2,chokepoint1,Suez Canal,6,14,2,1,19,23,42,110759,681522,10833,0,853387,803115,1656502
2026-04-02,2026,4,2,chokepoint4,Bab el-Mandeb Strait,3,13,5,3,14,24,38,7025,564882,36739,14694,389180,623341,1012522
2026-04-02,2026,4,2,chokepoint7,Cape of Good Hope,15,44,1,4,24,64,88,1077552,2217812,9526,10435,439734,3315326,3755061
2026-04-03,2026,4,3,chokepoint1,Suez Canal,9,8,1,0,11,18,29,366060,299813,2113,0,683164,667986,1351151
2026-04-03,2026,4,3,chokepoint4,Bab el-Mandeb Strait,1,9,4,0,13,14,27,15910,1017624,19592,0,1069279,1053127,2122406
2026-04-03,2026,4,3,chokepoint7,Cape of Good Hope,21,41,6,5,23,73,96,1256184,2655062,42389,14826,889247,3968462,4857710
2026-04-04,2026,4,4,chokepoint1,Suez Canal,12,9,6,0,23,27,50,175617,333804,57862,0,346367,567284,913652
2026-04-04,2026,4,4,chokepoint4,Bab el-Mandeb Strait,7,9,2,1,17,19,36,95938,442856,48816,6105,634467,593718,1228185
2026-04-04,2026,4,4,chokepoint7,Cape of Good Hope,32,38,6,9,27,85,112,1792669,2730787,31166,37649,1196569,4592272,5788841
2026-04-05,2026,4,5,chokepoint1,Suez Canal,5,17,2,2,19,26,45,86407,987841,5831,8790,560905,1088870,1649775
2026-04-05,2026,4,5,chokepoint4,Bab el-Mandeb Strait,6,7,5,1,14,19,33,60989,263169,49270,0,693635,373429,1067065
2026-04-05,2026,4,5,chokepoint7,Cape of Good Hope,9,31,1,0,24,41,65,460576,2201412,0,0,1480767,2661988,4142756
2026-04-06,2026,4,6,chokepoint1,Suez Canal,7,8,4,0,14,19,33,176704,324856,15755,0,408930,517316,926246
2026-04-06,2026,4,6,chokepoint4,Bab el-Mandeb Strait,3,9,5,1,18,18,36,29651,463396,21651,1801,513872,516501,1030373
2026-04-06,2026,4,6,chokepoint7,Cape of Good Hope,14,26,1,1,18,42,60,1053145,2023657,14731,0,1017322,3091534,4108857
2026-04-07,2026,4,7,chokepoint1,Suez Canal,8,9,2,1,17,20,37,223576,439377,4586,1377,789483,668918,1458401
2026-04-07,2026,4,7,chokepoint4,Bab el-Mandeb Strait,4,10,2,1,18,17,35,37751,649260,4451,4621,998775,696084,1694859
2026-04-07,2026,4,7,chokepoint7,Cape of Good Hope,17,39,4,1,14,61,75,1112093,3391155,62205,5943,729598,4571396,5300995
2026-04-08,2026,4,8,chokepoint1,Suez Canal,8,10,4,4,14,26,40,166229,457421,8305,20776,612849,652732,1265582
2026-04-08,2026,4,8,chokepoint4,Bab el-Mandeb Strait,4,8,3,0,12,15,27,44595,553882,27211,0,558957,625689,1184647
2026-04-08,2026,4,8,chokepoint7,Cape of Good Hope,32,41,2,6,32,81,113,1725236,2722262,20590,23221,1290451,4491310,5781762
2026-04-09,2026,4,9,chokepoint1,Suez Canal,6,8,4,0,13,18,31,113634,530508,22908,0,639104,667051,1306155
2026-04-09,2026,4,9,chokepoint4,Bab el-Mandeb Strait,10,9,5,1,11,25,36,170839,385285,73050,0,560744,629175,1189920
2026-04-09,2026,4,9,chokepoint7,Cape of Good Hope,21,41,7,3,31,72,103,1557355,2531604,75920,15670,1777532,4180551,5958083
2026-04-10,2026,4,10,chokepoint1,Suez Canal,10,9,4,2,18,25,43,248140,626404,24326,0,611758,898871,1510629
2026-04-10,2026,4,10,chokepoint4,Bab el-Mandeb Strait,6,9,5,1,10,21,31,100017,634840,17199,12491,338064,764549,1102613
2026-04-10,2026,4,10,chokepoint7,Cape of Good Hope,26,39,6,5,24,76,100,1727091,2542689,46590,22413,1157180,4338785,5495965
2026-04-11,2026,4,11,chokepoint1,Suez Canal,5,11,4,0,25,20,45,38914,536492,38494,0,364009,613901,977911
2026-04-11,2026,4,11,chokepoint4,Bab el-Mandeb Strait,5,8,6,0,18,19,37,69882,271789,36002,0,788281,377674,1165956
2026-04-11,2026,4,11,chokepoint7,Cape of Good Hope,17,47,2,5,19,71,90,926392,4353708,6282,34250,1173972,5320634,6494606
2026-04-12,2026,4,12,chokepoint1,Suez Canal,7,11,6,2,15,26,41,253984,578588,33079,4501,457081,870154,1327236
2026-04-12,2026,4,12,chokepoint4,Bab el-Mandeb Strait,5,9,5,2,11,21,32,100166,461268,6235,9607,1183204,577277,1760481
2026-04-12,2026,4,12,chokepoint7,Cape of Good Hope,25,42,3,7,18,77,95,1977066,3376271,37048,33435,1129057,5423822,6552880
2026-04-13,2026,4,13,chokepoint1,Suez Canal,8,10,4,1,15,23,38,175818,658751,24020,0,486242,858590,1344832
2026-04-13,2026,4,13,chokepoint4,Bab el-Mandeb Strait,7,8,1,1,14,17,31,76244,301658,1317,1801,645866,381022,1026889
2026-04-13,2026,4,13,chokepoint7,Cape of Good Hope,24,39,3,6,29,72,101,1628259,3552992,46657,23104,1211593,5251012,6462606
2026-04-14,2026,4,14,chokepoint1,Suez Canal,8,9,4,2,11,23,34,97166,404651,30133,13603,548052,545554,1093607
2026-04-14,2026,4,14,chokepoint4,Bab el-Mandeb Strait,5,8,4,0,16,17,33,59621,514131,37060,0,1075435,610813,1686249
2026-04-14,2026,4,14,chokepoint7,Cape of Good Hope,24,43,4,3,28,74,102,1461205,3089475,59197,18806,726080,4628684,5354765
2026-04-15,2026,4,15,chokepoint1,Suez Canal,5,5,6,0,23,16,39,124717,408852,51307,0,737761,584877,1322639
2026-04-15,2026,4,15,chokepoint4,Bab el-Mandeb Strait,10,6,7,1,12,24,36,137311,254581,102284,0,418323,494176,912500
2026-04-15,2026,4,15,chokepoint7,Cape of Good Hope,14,44,5,2,22,65,87,749321,4237428,42512,6720,1395609,5035982,6431592
2026-04-16,2026,4,16,chokepoint1,Suez Canal,6,7,7,4,12,24,36,179031,143590,23147,3363,441738,349133,790872
2026-04-16,2026,4,16,chokepoint4,Bab el-Mandeb Strait,7,18,5,0,15,30,45,144355,1221796,23457,0,745633,1389610,2135243
2026-04-16,2026,4,16,chokepoint7,Cape of Good Hope,17,37,1,5,35,60,95,864559,2732054,34132,13887,1531010,3644634,5175644
2026-04-17,2026,4,17,chokepoint1,Suez Canal,9,8,5,0,12,22,34,184192,425051,19347,0,477190,628591,1105781
2026-04-17,2026,4,17,chokepoint4,Bab el-Mandeb Strait,2,10,2,0,11,14,25,20200,470626,9405,0,436361,500231,936593
2026-04-17,2026,4,17,chokepoint7,Cape of Good Hope,27,39,2,2,22,70,92,1887505,3565373,18676,4933,1266764,5476487,6743252
2026-04-18,2026,4,18,chokepoint1,Suez Canal,8,10,5,0,8,23,31,158738,361054,40663,0,259349,560456,819805
2026-04-18,2026,4,18,chokepoint4,Bab el-Mandeb Strait,4,7,4,1,5,16,21,35120,376396,70690,6889,222708,489095,711804
2026-04-18,2026,4,18,chokepoint7,Cape of Good Hope,26,37,3,6,19,72,91,1379743,1774350,28214,24390,979750,3206698,4186449
2026-04-19,2026,4,19,chokepoint1,Suez Canal,10,7,6,1,17,24,41,190338,326846,35964,0,663521,553149,1216670
2026-04-19,2026,4,19,chokepoint4,Bab el-Mandeb Strait,7,9,7,1,15,24,39,107276,284172,53337,4912,591926,449699,1041625
2026-04-19,2026,4,19,chokepoint7,Cape of Good Hope,4,51,4,0,27,59,86,294438,3511898,25672,0,1283539,3832008,5115548
2026-04-20,2026,4,20,chokepoint1,Suez Canal,8,12,7,2,14,29,43,347817,909986,86969,11114,701153,1355887,2057040
2026-04-20,2026,4,20,chokepoint4,Bab el-Mandeb Strait,11,16,7,1,11,35,46,115781,871234,52084,9043,468651,1048144,1516795
2026-04-20,2026,4,20,chokepoint7,Cape of Good Hope,10,30,2,5,17,47,64,770276,2328684,37241,19894,688912,3156097,3845009
2026-04-21,2026,4,21,chokepoint1,Suez Canal,12,11,1,2,20,26,46,263439,478191,20834,4733,440463,767200,1207663
2026-04-21,2026,4,21,chokepoint4,Bab el-Mandeb Strait,6,12,2,0,13,20,33,91946,272912,32463,0,450416,397323,847739
2026-04-21,2026,4,21,chokepoint7,Cape of Good Hope,11,48,4,0,19,63,82,820323,2709760,59743,0,541374,3589827,4131201
2026-04-22,2026,4,22,chokepoint1,Suez Canal,4,15,1,5,25,25,50,58436,851033,729,18467,924361,928666,1853028
2026-04-22,2026,4,22,chokepoint4,Bab el-Mandeb Strait,4,9,7,2,8,22,30,32971,274659,51364,4621,299393,363616,663010
2026-04-22,2026,4,22,chokepoint7,Cape of Good Hope,18,25,3,4,25,50,75,1239758,2866307,33004,27987,1473054,4167057,5640112
2026-04-23,2026,4,23,chokepoint1,Suez Canal,10,15,2,1,16,28,44,393729,823726,40590,3517,747956,1261563,2009520
2026-04-23,2026,4,23,chokepoint4,Bab el-Mandeb Strait,8,6,2,2,8,18,26,103233,352421,10371,13628,451157,479654,930811
2026-04-23,2026,4,23,chokepoint7,Cape of Good Hope,38,44,5,8,22,95,117,2527400,3827678,47232,28016,951200,6430327,7381528
2026-04-24,2026,4,24,chokepoint1,Suez Canal,5,9,2,0,11,16,27,33595,552256,18357,0,275889,604208,880098
2026-04-24,2026,4,24,chokepoint4,Bab el-Mandeb Strait,9,8,10,2,13,29,42,218942,336005,57724,656,972882,613328,1586211
2026-04-24,2026,4,24,chokepoint7,Cape of Good Hope,33,55,10,12,22,110,132,1996981,4824664,161848,40009,1735067,7023503,8758571
2026-04-25,2026,4,25,chokepoint1,Suez Canal,10,13,5,0,14,28,42,121241,653885,23056,0,606080,798183,1404264
2026-04-25,2026,4,25,chokepoint4,Bab el-Mandeb Strait,4,14,6,2,13,26,39,61839,768669,89091,16974,471963,936575,1408538
2026-04-25,2026,4,25,chokepoint7,Cape of Good Hope,26,65,3,7,24,101,125,1789369,5434464,8649,40257,2545517,7272741,9818258
2026-04-26,2026,4,26,chokepoint1,Suez Canal,11,14,4,0,10,29,39,225338,519401,37300,0,376926,782040,1158967
2026-04-26,2026,4,26,chokepoint4,Bab el-Mandeb Strait,2,11,4,2,17,19,36,27890,554365,44367,13498,773358,640122,1413480
2026-04-26,2026,4,26,chokepoint7,Cape of Good Hope,13,41,0,2,24,56,80,948214,3765590,0,11510,796693,4725314,5522008
2026-04-27,2026,4,27,chokepoint1,Suez Canal,8,13,1,1,8,23,31,297410,403211,746,6528,551186,707897,1259083
2026-04-27,2026,4,27,chokepoint4,Bab el-Mandeb Strait,5,16,2,1,6,24,30,118065,828454,35854,0,635930,982374,1618304
2026-04-27,2026,4,27,chokepoint7,Cape of Good Hope,5,40,1,4,14,50,64,279096,3111580,25739,13984,1071985,3430401,4502386
2026-04-28,2026,4,28,chokepoint1,Suez Canal,10,6,4,0,16,20,36,299611,253487,61390,0,721965,614488,1336454
2026-04-28,2026,4,28,chokepoint4,Bab el-Mandeb Strait,3,10,3,1,15,17,32,31830,728275,15822,3521,841144,779450,1620595
2026-04-28,2026,4,28,chokepoint7,Cape of Good Hope,27,19,2,0,21,48,69,1480515,1523753,37689,0,1332745,3041957,4374702
2026-04-29,2026,4,29,chokepoint1,Suez Canal,11,7,4,4,15,26,41,408278,373557,17458,21062,767285,820356,1587641
2026-04-29,2026,4,29,chokepoint4,Bab el-Mandeb Strait,6,9,0,0,11,15,26,112345,468562,0,0,932934,580908,1513842
2026-04-29,2026,4,29,chokepoint7,Cape of Good Hope,16,33,4,1,20,54,74,794869,2527871,68948,5540,503184,3397230,3900415
2026-04-30,2026,4,30,chokepoint1,Suez Canal,9,10,4,1,22,24,46,307859,598819,14501,0,832230,921181,1753412
2026-04-30,2026,4,30,chokepoint4,Bab el-Mandeb Strait,9,10,6,0,12,25,37,125585,460332,113546,0,644337,699463,1343800
2026-04-30,2026,4,30,chokepoint7,Cape of Good Hope,28,49,1,4,24,82,106,1845335,3063227,45113,20077,1469059,4973752,6442812
2026-05-01,2026,5,1,chokepoint1,Suez Canal,8,11,3,4,12,26,38,270671,729219,18936,4500,642944,1023328,1666273
2026-05-01,2026,5,1,chokepoint4,Bab el-Mandeb Strait,9,16,2,1,13,28,41,157178,923948,11719,5568,428549,1098414,1526963
2026-05-01,2026,5,1,chokepoint7,Cape of Good Hope,23,31,2,2,23,58,81,1304193,2142114,35003,5464,843415,3486775,4330190
2026-05-02,2026,5,2,chokepoint1,Suez Canal,11,5,3,0,4,19,23,117084,387563,35569,0,15169,540217,555387
2026-05-02,2026,5,2,chokepoint4,Bab el-Mandeb Strait,4,5,7,0,12,16,28,87175,175547,68745,0,286736,331468,618205
2026-05-02,2026,5,2,chokepoint7,Cape of Good Hope,32,59,5,6,20,102,122,1577357,4927817,73819,14888,673232,6593882,7267114
2026-05-03,2026,5,3,chokepoint1,Suez Canal,2,9,2,2,15,15,30,77903,554586,559,0,536090,633049,1169139
2026-05-03,2026,5,3,chokepoint4,Bab el-Mandeb Strait,5,8,2,0,15,15,30,46936,405735,18547,0,619769,471220,1090989
2026-05-03,2026,5,3,chokepoint7,Cape of Good Hope,18,53,7,3,21,81,102,976794,3222980,66212,7893,1126209,4273880,5400089
2026-05-04,2026,5,4,chokepoint1,Suez Canal,7,9,2,1,13,19,32,374023,414629,32628,3341,615682,824622,1440305
2026-05-04,2026,5,4,chokepoint4,Bab el-Mandeb Strait,8,12,7,2,10,29,39,118217,586186,44907,1924,591021,751236,1342258
2026-05-04,2026,5,4,chokepoint7,Cape of Good Hope,14,42,2,4,24,62,86,841518,3071242,9606,30200,1803862,3952568,5756431
2026-05-05,2026,5,5,chokepoint1,Suez Canal,8,10,3,0,13,21,34,275389,447303,27634,0,459673,750327,1210001
2026-05-05,2026,5,5,chokepoint4,Bab el-Mandeb Strait,5,7,2,0,12,14,26,63677,514656,23672,0,873956,602006,1475962
2026-05-05,2026,5,5,chokepoint7,Cape of Good Hope,10,49,5,5,13,69,82,787441,3142552,55538,27076,545513,4012608,4558121
2026-05-06,2026,5,6,chokepoint1,Suez Canal,6,9,2,2,18,19,37,118629,605888,1876,1405,513069,727800,1240869
2026-05-06,2026,5,6,chokepoint4,Bab el-Mandeb Strait,5,7,2,1,10,15,25,95908,391203,8561,0,392398,495673,888072
2026-05-06,2026,5,6,chokepoint7,Cape of Good Hope,9,37,1,4,13,51,64,547220,3596747,1821,13435,457050,4159224,4616275
2026-05-07,2026,5,7,chokepoint1,Suez Canal,9,17,2,0,16,28,44,188411,784593,2634,0,510711,975639,1486351
2026-05-07,2026,5,7,chokepoint4,Bab el-Mandeb Strait,4,6,6,1,7,17,24,80108,263823,44407,4318,414733,392658,807391
2026-05-07,2026,5,7,chokepoint7,Cape of Good Hope,27,43,4,2,19,76,95,1372692,4093458,75890,7326,1576442,5549368,7125811
2026-05-08,2026,5,8,chokepoint1,Suez Canal,9,9,1,4,18,23,41,219485,606630,1371,0,1022915,827488,1850403
2026-05-08,2026,5,8,chokepoint4,Bab el-Mandeb Strait,4,15,8,2,13,29,42,48229,577560,96451,18602,905602,740843,1646445
2026-05-08,2026,5,8,chokepoint7,Cape of Good Hope,28,37,3,2,23,70,93,2054328,2975284,42381,0,1900586,5071993,6972579
2026-05-09,2026,5,9,chokepoint1,Suez Canal,8,11,4,1,18,24,42,170009,640522,33502,0,690702,844034,1534736
2026-05-09,2026,5,9,chokepoint4,Bab el-Mandeb Strait,2,9,4,0,12,15,27,36873,442463,4313,0,547600,483650,1031250
2026-05-09,2026,5,9,chokepoint7,Cape of Good Hope,38,56,4,4,21,102,123,2358065,4247251,20749,29070,941052,6655136,7596188
2026-05-10,2026,5,10,chokepoint1,Suez Canal,6,8,0,1,11,15,26,123817,326602,0,0,520550,450419,970969
2026-05-10,2026,5,10,chokepoint4,Bab el-Mandeb Strait,7,4,8,1,11,20,31,77360,129831,85354,6928,323396,299475,622871
2026-05-10,2026,5,10,chokepoint7,Cape of Good Hope,5,34,1,1,19,41,60,472599,3149960,27992,0,565025,3650553,4215578
2026-05-11,2026,5,11,chokepoint1,Suez Canal,15,10,2,0,20,27,47,446706,384531,3072,0,662311,834310,1496621
2026-05-11,2026,5,11,chokepoint4,Bab el-Mandeb Strait,3,13,2,2,5,20,25,68128,535704,1503,6258,561890,611594,1173485
2026-05-11,2026,5,11,chokepoint7,Cape of Good Hope,0,22,2,0,9,24,33,0,1868048,59983,0,514374,1928032,2442406
2026-05-12,2026,5,12,chokepoint1,Suez Canal,7,9,3,2,16,21,37,504989,365890,27883,11966,728673,910730,1639403
2026-05-12,2026,5,12,chokepoint4,Bab el-Mandeb Strait,8,10,3,3,16,24,40,88540,383944,11804,1554,1216021,485842,1701863
2026-05-12,2026,5,12,chokepoint7,Cape of Good Hope,2,34,0,0,17,36,53,207021,1608566,0,0,712607,1815587,2528195
2026-05-13,2026,5,13,chokepoint1,Suez Canal,3,11,2,0,13,16,29,62620,392479,13430,0,627241,468531,1095772
2026-05-13,2026,5,13,chokepoint4,Bab el-Mandeb Strait,5,7,7,2,14,21,35,95038,542234,136601,8643,827676,782517,1610193
2026-05-13,2026,5,13,chokepoint7,Cape of Good Hope,20,48,4,4,22,76,98,1192822,5634384,31164,5681,1777853,6864052,8641906
2026-05-14,2026,5,14,chokepoint1,Suez Canal,5,8,2,2,17,17,34,133779,231807,26722,6928,491122,399238,890360
2026-05-14,2026,5,14,chokepoint4,Bab el-Mandeb Strait,5,7,8,3,11,23,34,88084,316369,56357,13276,1317466,474087,1791553
2026-05-14,2026,5,14,chokepoint7,Cape of Good Hope,36,38,5,5,29,84,113,2228291,3661555,41678,21817,1694700,5953342,7648042
2026-05-15,2026,5,15,chokepoint1,Suez Canal,7,13,4,1,14,25,39,179606,511678,31112,6258,675120,728655,1403775
2026-05-15,2026,5,15,chokepoint4,Bab el-Mandeb Strait,6,5,6,0,7,17,24,156883,173962,42393,0,284669,373240,657910
2026-05-15,2026,5,15,chokepoint7,Cape of Good Hope,38,59,7,11,36,115,151,2654055,4630880,59197,41541,1661300,7385674,9046974
2026-05-16,2026,5,16,chokepoint1,Suez Canal,10,14,0,2,13,26,39,246952,658897,0,0,711813,905849,1617663
2026-05-16,2026,5,16,chokepoint4,Bab el-Mandeb Strait,5,11,6,3,10,25,35,115563,384214,20776,11889,723158,532443,1255601
2026-05-16,2026,5,16,chokepoint7,Cape of Good Hope,29,76,7,6,29,118,147,1667347,4566964,50293,19395,1306980,6304000,7610981
2026-05-17,2026,5,17,chokepoint1,Suez Canal,11,6,5,2,7,24,31,317011,406509,10808,0,354559,734329,1088889
2026-05-17,2026,5,17,chokepoint4,Bab el-Mandeb Strait,4,12,4,2,7,22,29,56978,555508,8475,1434,224589,622396,846985
2026-05-17,2026,5,17,chokepoint7,Cape of Good Hope,20,44,12,5,17,81,98,1198765,2840796,100054,30151,1010006,4169768,5179774
2026-05-18,2026,5,18,chokepoint1,Suez Canal,5,9,3,1,16,18,34,178636,532122,11688,5631,577473,728078,1305552
2026-05-18,2026,5,18,chokepoint4,Bab el-Mandeb Strait,5,13,6,2,18,26,44,112879,540448,17808,6203,771503,677340,1448844
2026-05-18,2026,5,18,chokepoint7,Cape of Good Hope,18,46,4,5,17,73,90,1278758,3663451,82392,12191,1343809,5036794,6380604
2026-05-19,2026,5,19,chokepoint1,Suez Canal,6,14,3,0,17,23,40,131752,711700,20520,0,672178,863974,1536152
2026-05-19,2026,5,19,chokepoint4,Bab el-Mandeb Strait,12,6,6,5,11,29,40,175352,237576,74065,25641,274632,512636,787268
2026-05-19,2026,5,19,chokepoint7,Cape of Good Hope,19,33,4,0,17,56,73,1254916,3294127,17253,0,1449479,4566297,6015777
2026-05-20,2026,5,20,chokepoint1,Suez Canal,9,14,5,0,11,28,39,208672,732532,48890,0,602782,990094,1592877
2026-05-20,2026,5,20,chokepoint4,Bab el-Mandeb Strait,5,9,3,1,15,18,33,39739,385773,4144,0,568879,429656,998536
2026-05-20,2026,5,20,chokepoint7,Cape of Good Hope,23,47,4,8,29,82,111,1401133,2431728,20358,33190,1577744,3886411,5464155
2026-05-21,2026,5,21,chokepoint1,Suez Canal,7,10,3,2,13,22,35,179720,594983,19046,4660,879421,798411,1677833
2026-05-21,2026,5,21,chokepoint4,Bab el-Mandeb Strait,4,8,3,2,16,17,33,68064,423490,16444,5134,696866,513135,1210002
2026-05-21,2026,5,21,chokepoint7,Cape of Good Hope,20,54,1,4,29,79,108,1307449,3619694,9343,16749,1093928,4953236,6047164
2026-05-22,2026,5,22,chokepoint1,Suez Canal,7,8,2,0,20,17,37,241609,452567,0,0,1029575,694176,1723751
2026-05-22,2026,5,22,chokepoint4,Bab el-Mandeb Strait,6,13,4,2,11,25,36,76496,628307,12320,5322,578807,722446,1301253
2026-05-22,2026,5,22,chokepoint7,Cape of Good Hope,27,52,2,4,19,85,104,1812706,3628365,15733,13681,1539144,5470487,7009631
2026-05-23,2026,5,23,chokepoint1,Suez Canal,7,13,7,2,12,29,41,206246,443138,43401,5871,580819,698659,1279478
2026-05-23,2026,5,23,chokepoint4,Bab el-Mandeb Strait,3,16,7,2,10,28,38,19654,759193,31052,4634,399988,814535,1214524
2026-05-23,2026,5,23,chokepoint7,Cape of Good Hope,14,40,2,5,15,61,76,840297,2900371,34527,23618,860374,3798814,4659188
2026-05-24,2026,5,24,chokepoint1,Suez Canal,8,11,3,2,9,24,33,143981,501296,20607,7419,221299,673304,894604
2026-05-24,2026,5,24,chokepoint4,Bab el-Mandeb Strait,4,12,7,0,20,23,43,68980,600009,44411,0,775624,713401,1489026
2026-05-24,2026,5,24,chokepoint7,Cape of Good Hope,20,39,9,11,26,79,105,1504868,2981069,120588,37917,2096833,4644443,6741277
