date,suez_n_container,suez_n_dry_bulk,suez_n_general_cargo,suez_n_roro,suez_n_tanker,suez_n_cargo,suez_n_total,suez_capacity_container,suez_capacity_dry_bulk,suez_capacity_general_cargo,suez_capacity_roro,suez_capacity_tanker,suez_capacity_cargo,suez_capacity,bab_el_mandeb_n_container,bab_el_mandeb_n_dry_bulk,bab_el_mandeb_n_general_cargo,bab_el_mandeb_n_roro,bab_el_mandeb_n_tanker,bab_el_mandeb_n_cargo,bab_el_mandeb_n_total,bab_el_mandeb_capacity_container,bab_el_mandeb_capacity_dry_bulk,bab_el_mandeb_capacity_general_cargo,bab_el_mandeb_capacity_roro,bab_el_mandeb_capacity_tanker,bab_el_mandeb_capacity_cargo,bab_el_mandeb_capacity,cape_good_hope_n_container,cape_good_hope_n_dry_bulk,cape_good_hope_n_general_cargo,cape_good_hope_n_roro,cape_good_hope_n_tanker,cape_good_hope_n_cargo,cape_good_hope_n_total,cape_good_hope_capacity_container,cape_good_hope_capacity_dry_bulk,cape_good_hope_capacity_general_cargo,cape_good_hope_capacity_roro,cape_good_hope_capacity_tanker,cape_good_hope_capacity_cargo,cape_good_hope_capacity
2023-10-01,22.0,28.0,1.0,7.0,24.0,58.0,82.0,897458.0,1452405.0,3035.0,33419.0,989832.0,2386318.0,3376150.0,19.0,23.0,5.0,6.0,29.0,53.0,82.0,1092222.0,1136726.0,46986.0,22818.0,1432293.0,2298754.0,3731048.0,9.0,35.0,2.0,2.0,14.0,48.0,62.0,263093.0,2912036.0,38705.0,10264.0,1255810.0,3224100.0,4479911.0
2023-10-02,23.0,16.0,5.0,5.0,21.0,49.0,70.0,1262821.0,828060.0,18839.0,19041.0,1160463.0,2128762.0,3289225.0,15.0,20.0,4.0,3.0,30.0,42.0,72.0,682407.0,987070.0,60539.0,8791.0,1628642.0,1738809.0,3367451.0,9.0,43.0,3.0,2.0,10.0,57.0,67.0,228314.0,2543811.0,57470.0,3476.0,598082.0,2833072.0,3431155.0
2023-10-03,19.0,23.0,2.0,2.0,18.0,46.0,64.0,1171929.0,1531783.0,19118.0,9854.0,890725.0,2732685.0,3623410.0,25.0,17.0,4.0,4.0,27.0,50.0,77.0,1433286.0,774697.0,69323.0,15862.0,993272.0,2293168.0,3286441.0,6.0,40.0,1.0,2.0,12.0,49.0,61.0,234922.0,2709002.0,7126.0,0.0,591253.0,2951050.0,3542304.0
2023-10-04,13.0,22.0,7.0,1.0,20.0,43.0,63.0,838646.0,638185.0,24959.0,3902.0,1067058.0,1505693.0,2572751.0,16.0,22.0,5.0,8.0,23.0,51.0,74.0,617975.0,1293949.0,75335.0,29745.0,1252450.0,2017006.0,3269456.0,8.0,34.0,2.0,1.0,7.0,45.0,52.0,227271.0,2201367.0,52349.0,2504.0,925450.0,2483493.0,3408943.0
2023-10-05,30.0,17.0,6.0,2.0,27.0,55.0,82.0,1594786.0,803691.0,24611.0,12147.0,1689595.0,2435237.0,4124833.0,19.0,25.0,8.0,3.0,25.0,55.0,80.0,1024370.0,1481703.0,43523.0,21228.0,1445677.0,2570826.0,4016504.0,7.0,33.0,3.0,1.0,5.0,44.0,49.0,159964.0,2551717.0,26619.0,3401.0,450039.0,2741703.0,3191743.0
2023-10-06,22.0,13.0,8.0,1.0,31.0,44.0,75.0,1395413.0,633316.0,39975.0,7492.0,1130117.0,2076197.0,3206315.0,33.0,22.0,2.0,6.0,26.0,63.0,89.0,1649992.0,1019014.0,1408.0,13079.0,1458353.0,2683495.0,4141849.0,1.0,23.0,1.0,3.0,8.0,28.0,36.0,64282.0,1865838.0,35188.0,7731.0,904116.0,1973040.0,2877157.0
2023-10-07,20.0,26.0,7.0,1.0,22.0,54.0,76.0,1184724.0,1597874.0,21146.0,6195.0,1056972.0,2809940.0,3866913.0,19.0,25.0,4.0,4.0,26.0,52.0,78.0,1163234.0,1353161.0,4862.0,20302.0,807965.0,2541560.0,3349526.0,4.0,27.0,3.0,0.0,7.0,34.0,41.0,98813.0,1605663.0,62760.0,0.0,55008.0,1767237.0,1822246.0
2023-10-08,21.0,30.0,8.0,4.0,28.0,63.0,91.0,795219.0,1479134.0,19813.0,19961.0,1526112.0,2314129.0,3840242.0,17.0,23.0,4.0,2.0,25.0,46.0,71.0,1011404.0,1063335.0,28450.0,12907.0,1377022.0,2116097.0,3493120.0,4.0,31.0,3.0,0.0,9.0,38.0,47.0,187931.0,2487806.0,22129.0,0.0,268648.0,2697868.0,2966516.0
2023-10-09,20.0,20.0,8.0,6.0,29.0,54.0,83.0,1223905.0,850769.0,35441.0,28561.0,968920.0,2138678.0,3107599.0,19.0,15.0,9.0,5.0,23.0,48.0,71.0,872540.0,650271.0,72163.0,21213.0,1465573.0,1616188.0,3081762.0,7.0,28.0,1.0,0.0,16.0,36.0,52.0,214937.0,1968290.0,2934.0,0.0,1012770.0,2186162.0,3198932.0
2023-10-10,20.0,20.0,9.0,2.0,26.0,51.0,77.0,1163172.0,1240084.0,75700.0,13818.0,1566312.0,2492776.0,4059088.0,19.0,15.0,8.0,1.0,30.0,43.0,73.0,1185438.0,660093.0,60461.0,4896.0,1215384.0,1910889.0,3126273.0,8.0,22.0,3.0,1.0,10.0,34.0,44.0,225721.0,1717192.0,64028.0,0.0,784737.0,2006942.0,2791680.0
2023-10-11,23.0,16.0,4.0,2.0,27.0,45.0,72.0,1118822.0,515394.0,9024.0,7547.0,1083894.0,1650788.0,2734683.0,19.0,23.0,7.0,4.0,31.0,53.0,84.0,976777.0,1092901.0,32907.0,13235.0,1232774.0,2115822.0,3348596.0,2.0,32.0,3.0,1.0,11.0,38.0,49.0,43349.0,3424795.0,59751.0,4988.0,926009.0,3532884.0,4458893.0
2023-10-12,17.0,21.0,9.0,5.0,27.0,52.0,79.0,1159611.0,1235492.0,50472.0,19160.0,1451621.0,2464737.0,3916359.0,25.0,19.0,13.0,4.0,19.0,61.0,80.0,1529061.0,1209990.0,75834.0,22096.0,642773.0,2836983.0,3479756.0,7.0,37.0,2.0,1.0,10.0,47.0,57.0,184530.0,3696085.0,46148.0,2564.0,689289.0,3929328.0,4618618.0
2023-10-13,27.0,20.0,5.0,5.0,23.0,57.0,80.0,1351624.0,570412.0,19618.0,20309.0,986061.0,1961965.0,2948026.0,17.0,24.0,4.0,6.0,27.0,51.0,78.0,897267.0,1136326.0,20806.0,9884.0,1303217.0,2064285.0,3367503.0,6.0,41.0,3.0,0.0,13.0,50.0,63.0,98878.0,3637624.0,16832.0,0.0,1187135.0,3753335.0,4940471.0
2023-10-14,20.0,22.0,10.0,1.0,28.0,53.0,81.0,1182220.0,1111775.0,46680.0,8397.0,1772613.0,2349073.0,4121686.0,23.0,25.0,9.0,1.0,29.0,58.0,87.0,1608980.0,1449394.0,91627.0,0.0,1680762.0,3150002.0,4830764.0,10.0,24.0,3.0,0.0,14.0,37.0,51.0,408876.0,1661939.0,10431.0,0.0,583358.0,2081247.0,2664606.0
2023-10-15,25.0,13.0,6.0,4.0,32.0,48.0,80.0,1408582.0,751437.0,17600.0,15034.0,1111986.0,2192654.0,3304640.0,20.0,28.0,6.0,6.0,17.0,60.0,77.0,957441.0,1439851.0,19997.0,28841.0,1232517.0,2446133.0,3678650.0,7.0,18.0,1.0,1.0,12.0,27.0,39.0,236349.0,1077029.0,262.0,6352.0,1412155.0,1319994.0,2732149.0
2023-10-16,21.0,26.0,9.0,3.0,26.0,59.0,85.0,1159319.0,1353525.0,43553.0,13265.0,1328169.0,2569663.0,3897833.0,19.0,15.0,7.0,5.0,40.0,46.0,86.0,758656.0,1028406.0,61766.0,9582.0,1875047.0,1858412.0,3733460.0,10.0,40.0,3.0,1.0,11.0,54.0,65.0,382686.0,3609556.0,70318.0,2168.0,1020173.0,4064729.0,5084903.0
2023-10-17,15.0,21.0,4.0,3.0,26.0,43.0,69.0,919694.0,1034511.0,20035.0,10898.0,1314045.0,1985138.0,3299184.0,28.0,19.0,10.0,1.0,22.0,58.0,80.0,1628001.0,655799.0,75212.0,3540.0,1288778.0,2362554.0,3651333.0,8.0,33.0,2.0,0.0,12.0,43.0,55.0,248446.0,2186835.0,34536.0,0.0,1376294.0,2469818.0,3846113.0
2023-10-18,16.0,15.0,7.0,3.0,18.0,41.0,59.0,1075675.0,920924.0,35899.0,7930.0,769987.0,2040429.0,2810417.0,16.0,23.0,3.0,3.0,31.0,45.0,76.0,912912.0,1084529.0,25100.0,14268.0,1619562.0,2036810.0,3656372.0,5.0,36.0,0.0,2.0,6.0,43.0,49.0,82198.0,1743978.0,0.0,3487.0,883919.0,1829665.0,2713584.0
2023-10-19,21.0,25.0,1.0,1.0,31.0,48.0,79.0,1126859.0,1148676.0,5416.0,6745.0,1303157.0,2287697.0,3590854.0,21.0,19.0,4.0,4.0,36.0,48.0,84.0,1153409.0,979687.0,0.0,23168.0,1524524.0,2156265.0,3680790.0,8.0,35.0,1.0,0.0,8.0,44.0,52.0,141103.0,1962130.0,27025.0,0.0,629810.0,2130259.0,2760070.0
2023-10-20,18.0,25.0,11.0,3.0,29.0,57.0,86.0,999811.0,1141570.0,55729.0,4686.0,1895402.0,2201798.0,4097200.0,14.0,27.0,13.0,6.0,27.0,60.0,87.0,786753.0,1292856.0,60348.0,32412.0,1399486.0,2172370.0,3571856.0,9.0,32.0,4.0,1.0,12.0,46.0,58.0,193169.0,2120773.0,110226.0,2378.0,509459.0,2426548.0,2936007.0
2023-10-21,21.0,5.0,3.0,1.0,27.0,30.0,57.0,1342262.0,278690.0,7201.0,3540.0,1778406.0,1631694.0,3410101.0,21.0,21.0,5.0,5.0,34.0,52.0,86.0,959664.0,915622.0,45690.0,15432.0,1775893.0,1936409.0,3712303.0,3.0,34.0,1.0,1.0,4.0,39.0,43.0,152227.0,1752893.0,9245.0,3790.0,359379.0,1918156.0,2277535.0
2023-10-22,28.0,23.0,9.0,6.0,19.0,66.0,85.0,1456311.0,1248450.0,60137.0,20210.0,788630.0,2785109.0,3573740.0,18.0,29.0,5.0,1.0,19.0,53.0,72.0,662768.0,1269664.0,15839.0,3837.0,750413.0,1952109.0,2702522.0,4.0,28.0,1.0,0.0,14.0,33.0,47.0,169293.0,1280715.0,12067.0,0.0,752710.0,1462076.0,2214786.0
2023-10-23,16.0,24.0,2.0,6.0,30.0,48.0,78.0,940748.0,1042207.0,11614.0,32706.0,1255373.0,2027277.0,3282650.0,16.0,23.0,0.0,4.0,19.0,43.0,62.0,1216202.0,1323791.0,0.0,3307.0,1055728.0,2543301.0,3599029.0,6.0,27.0,4.0,1.0,10.0,38.0,48.0,219588.0,2387754.0,33873.0,3097.0,767451.0,2644313.0,3411765.0
2023-10-24,16.0,27.0,4.0,5.0,29.0,52.0,81.0,691710.0,1577845.0,17843.0,30914.0,1496360.0,2318314.0,3814674.0,18.0,22.0,6.0,4.0,21.0,50.0,71.0,991075.0,788121.0,24201.0,15357.0,1487307.0,1818755.0,3306062.0,8.0,30.0,2.0,0.0,11.0,40.0,51.0,191504.0,2191763.0,14476.0,0.0,532153.0,2397745.0,2929898.0
2023-10-25,22.0,24.0,7.0,1.0,25.0,54.0,79.0,1130018.0,1299901.0,24145.0,11001.0,1159755.0,2465067.0,3624823.0,23.0,17.0,5.0,7.0,34.0,52.0,86.0,1406631.0,914250.0,27473.0,18380.0,1842466.0,2366737.0,4209203.0,5.0,36.0,2.0,0.0,8.0,43.0,51.0,189958.0,2223233.0,19700.0,0.0,1086826.0,2432892.0,3519718.0
2023-10-26,14.0,28.0,9.0,1.0,24.0,52.0,76.0,610354.0,1119363.0,60464.0,0.0,1511400.0,1790183.0,3301584.0,15.0,8.0,1.0,4.0,34.0,28.0,62.0,800053.0,203524.0,2509.0,20345.0,1460323.0,1026432.0,2486755.0,10.0,38.0,5.0,2.0,9.0,55.0,64.0,233671.0,2872960.0,75081.0,10468.0,180164.0,3192181.0,3372346.0
2023-10-27,20.0,25.0,6.0,0.0,23.0,51.0,74.0,1183344.0,1606535.0,27753.0,0.0,778360.0,2817632.0,3595993.0,23.0,39.0,8.0,5.0,20.0,75.0,95.0,1130112.0,2065760.0,43567.0,23139.0,879927.0,3262580.0,4142507.0,4.0,25.0,1.0,1.0,10.0,31.0,41.0,132849.0,1597954.0,16602.0,0.0,43861.0,1747406.0,1791268.0
2023-10-28,21.0,35.0,5.0,3.0,25.0,64.0,89.0,1153726.0,1464383.0,19425.0,11304.0,1094747.0,2648840.0,3743587.0,23.0,22.0,6.0,2.0,29.0,53.0,82.0,1584702.0,1179452.0,24403.0,10818.0,1286365.0,2799378.0,4085743.0,8.0,27.0,2.0,2.0,7.0,39.0,46.0,358405.0,2022350.0,7138.0,5789.0,120836.0,2393684.0,2514520.0
2023-10-29,18.0,21.0,1.0,11.0,12.0,51.0,63.0,1245637.0,888963.0,1942.0,43580.0,430039.0,2180123.0,2610162.0,15.0,18.0,5.0,1.0,23.0,39.0,62.0,737958.0,827639.0,21146.0,5031.0,1197351.0,1591776.0,2789127.0,0.0,18.0,1.0,2.0,7.0,21.0,28.0,0.0,1695313.0,0.0,2353.0,179580.0,1697666.0,1877246.0
2023-10-30,25.0,18.0,4.0,4.0,22.0,51.0,73.0,1254920.0,619857.0,13873.0,10218.0,1159925.0,1898868.0,3058793.0,14.0,33.0,7.0,3.0,27.0,57.0,84.0,827737.0,1675526.0,34706.0,13876.0,1195042.0,2551846.0,3746889.0,6.0,17.0,1.0,0.0,13.0,24.0,37.0,288935.0,1297116.0,4879.0,0.0,1135176.0,1590931.0,2726108.0
2023-10-31,19.0,19.0,3.0,2.0,24.0,43.0,67.0,1184946.0,1061826.0,2946.0,13653.0,913463.0,2263372.0,3176835.0,16.0,25.0,8.0,2.0,26.0,51.0,77.0,818367.0,1268997.0,105012.0,7293.0,923658.0,2199669.0,3123328.0,3.0,34.0,3.0,1.0,10.0,41.0,51.0,104446.0,2011864.0,22769.0,0.0,365309.0,2139080.0,2504389.0
2023-11-01,13.0,20.0,6.0,3.0,32.0,42.0,74.0,847429.0,916111.0,55881.0,11955.0,1852777.0,1831379.0,3684156.0,20.0,16.0,4.0,6.0,15.0,46.0,61.0,1163105.0,834928.0,15130.0,36997.0,590130.0,2050162.0,2640293.0,9.0,30.0,5.0,0.0,14.0,44.0,58.0,262521.0,2387288.0,39178.0,0.0,1937390.0,2688988.0,4626378.0
2023-11-02,22.0,25.0,4.0,2.0,27.0,53.0,80.0,1290184.0,1363261.0,21396.0,11768.0,633287.0,2686610.0,3319897.0,28.0,31.0,4.0,10.0,21.0,73.0,94.0,1139961.0,1699221.0,54810.0,26356.0,937880.0,2920350.0,3858231.0,2.0,38.0,3.0,0.0,12.0,43.0,55.0,37619.0,2343245.0,24936.0,0.0,812392.0,2405801.0,3218193.0
2023-11-03,18.0,23.0,8.0,1.0,24.0,50.0,74.0,1215770.0,711527.0,24297.0,0.0,944160.0,1951596.0,2895756.0,19.0,28.0,7.0,5.0,28.0,59.0,87.0,897201.0,1471297.0,35413.0,27404.0,1082316.0,2431317.0,3513633.0,7.0,25.0,1.0,0.0,15.0,33.0,48.0,260665.0,1863274.0,12394.0,0.0,824925.0,2136334.0,2961259.0
2023-11-04,23.0,20.0,5.0,2.0,32.0,50.0,82.0,1014379.0,844353.0,25315.0,4971.0,1505718.0,1889019.0,3394738.0,24.0,23.0,5.0,3.0,28.0,55.0,83.0,1761225.0,975350.0,37330.0,4890.0,1967964.0,2778797.0,4746761.0,8.0,28.0,3.0,1.0,7.0,40.0,47.0,171726.0,1700455.0,8845.0,6924.0,461564.0,1887951.0,2349515.0
2023-11-05,18.0,33.0,6.0,4.0,19.0,61.0,80.0,933503.0,1843230.0,26795.0,21544.0,1291864.0,2825073.0,4116938.0,19.0,19.0,5.0,4.0,21.0,47.0,68.0,673112.0,781839.0,62100.0,18867.0,1145479.0,1535919.0,2681399.0,5.0,25.0,1.0,2.0,8.0,33.0,41.0,150811.0,2433315.0,0.0,1803.0,425994.0,2585930.0,3011925.0
2023-11-06,17.0,27.0,8.0,4.0,21.0,56.0,77.0,808525.0,1440074.0,72231.0,29937.0,665631.0,2350768.0,3016399.0,13.0,23.0,6.0,6.0,17.0,48.0,65.0,947486.0,1169099.0,37613.0,21040.0,1117372.0,2175240.0,3292612.0,5.0,38.0,3.0,1.0,6.0,47.0,53.0,218047.0,2994433.0,44122.0,11634.0,82681.0,3268237.0,3350919.0
2023-11-07,21.0,19.0,4.0,6.0,15.0,50.0,65.0,1273903.0,1035628.0,39356.0,16824.0,509776.0,2365713.0,2875490.0,17.0,17.0,6.0,3.0,23.0,43.0,66.0,1004487.0,1006378.0,42327.0,13496.0,1254380.0,2066689.0,3321069.0,8.0,32.0,5.0,1.0,7.0,46.0,53.0,150550.0,2729738.0,56189.0,3911.0,441093.0,2940388.0,3381482.0
2023-11-08,17.0,35.0,5.0,3.0,27.0,60.0,87.0,1113415.0,1688793.0,12201.0,9271.0,1422576.0,2823681.0,4246258.0,14.0,24.0,8.0,6.0,25.0,52.0,77.0,929656.0,1013859.0,36084.0,19644.0,845559.0,1999245.0,2844805.0,4.0,29.0,2.0,1.0,6.0,36.0,42.0,153974.0,2664188.0,6039.0,5656.0,841778.0,2829858.0,3671637.0
2023-11-09,15.0,24.0,4.0,3.0,29.0,46.0,75.0,1133613.0,1397717.0,11135.0,10618.0,1714546.0,2553085.0,4267631.0,22.0,21.0,1.0,4.0,35.0,48.0,83.0,1154668.0,806029.0,3463.0,19124.0,1873711.0,1983286.0,3856997.0,4.0,29.0,1.0,1.0,13.0,35.0,48.0,55414.0,1521563.0,22242.0,2120.0,874450.0,1601342.0,2475792.0
2023-11-10,14.0,24.0,9.0,2.0,27.0,49.0,76.0,802805.0,1348264.0,39782.0,3213.0,1406251.0,2194066.0,3600317.0,12.0,24.0,5.0,1.0,28.0,42.0,70.0,587895.0,1656327.0,12176.0,0.0,949486.0,2256399.0,3205885.0,5.0,26.0,2.0,1.0,13.0,34.0,47.0,160818.0,1151507.0,21136.0,2801.0,644663.0,1336264.0,1980928.0
2023-11-11,19.0,27.0,4.0,1.0,20.0,51.0,71.0,1111324.0,1532774.0,29844.0,2427.0,1266275.0,2676370.0,3942646.0,23.0,30.0,6.0,4.0,22.0,63.0,85.0,1226379.0,1732488.0,55994.0,15763.0,1428902.0,3030626.0,4459529.0,6.0,30.0,4.0,1.0,5.0,41.0,46.0,108756.0,3015386.0,19429.0,5014.0,400146.0,3148586.0,3548733.0
2023-11-12,20.0,15.0,9.0,4.0,24.0,48.0,72.0,780937.0,595466.0,26934.0,8567.0,1450189.0,1411905.0,2862095.0,16.0,15.0,3.0,6.0,31.0,40.0,71.0,1434411.0,489601.0,27754.0,24400.0,1602393.0,1976168.0,3578562.0,3.0,24.0,2.0,0.0,6.0,29.0,35.0,135217.0,2169592.0,38837.0,0.0,417960.0,2343647.0,2761607.0
2023-11-13,22.0,23.0,5.0,5.0,27.0,55.0,82.0,1029108.0,1101166.0,18439.0,28068.0,1026127.0,2176782.0,3202910.0,19.0,30.0,3.0,4.0,27.0,56.0,83.0,920457.0,1295108.0,18581.0,8018.0,1225154.0,2242166.0,3467321.0,9.0,26.0,0.0,1.0,17.0,36.0,53.0,235146.0,1583298.0,0.0,3575.0,1967125.0,1822020.0,3789145.0
2023-11-14,28.0,15.0,5.0,4.0,27.0,52.0,79.0,1510427.0,666436.0,2768.0,14141.0,1216062.0,2193773.0,3409835.0,20.0,26.0,3.0,1.0,20.0,50.0,70.0,1045918.0,1190053.0,838.0,0.0,1116766.0,2236811.0,3353577.0,6.0,38.0,1.0,0.0,10.0,45.0,55.0,215930.0,2061929.0,14834.0,0.0,372130.0,2292693.0,2664824.0
2023-11-15,26.0,22.0,6.0,9.0,23.0,63.0,86.0,1184640.0,827105.0,20368.0,28061.0,751758.0,2060175.0,2811934.0,17.0,25.0,5.0,2.0,26.0,49.0,75.0,854015.0,1678345.0,26295.0,9899.0,1098144.0,2568555.0,3666699.0,5.0,43.0,3.0,0.0,9.0,51.0,60.0,179486.0,3950746.0,12043.0,0.0,538658.0,4142276.0,4680934.0
2023-11-16,24.0,18.0,6.0,6.0,19.0,54.0,73.0,1264644.0,855094.0,54002.0,22727.0,1230650.0,2196469.0,3427120.0,22.0,27.0,5.0,0.0,21.0,54.0,75.0,1144330.0,1730598.0,36714.0,0.0,1076890.0,2911643.0,3988533.0,6.0,23.0,3.0,1.0,11.0,33.0,44.0,180299.0,2035891.0,62166.0,0.0,408904.0,2278357.0,2687262.0
2023-11-17,19.0,35.0,1.0,3.0,37.0,58.0,95.0,1095664.0,1900060.0,17168.0,11344.0,2370286.0,3024238.0,5394524.0,23.0,14.0,5.0,6.0,35.0,48.0,83.0,1039244.0,514940.0,49458.0,31932.0,1249435.0,1635576.0,2885011.0,7.0,29.0,0.0,0.0,10.0,36.0,46.0,182892.0,2170530.0,0.0,0.0,1226200.0,2353423.0,3579623.0
2023-11-18,17.0,25.0,6.0,1.0,20.0,49.0,69.0,1104121.0,1407907.0,48670.0,2841.0,1552785.0,2563541.0,4116326.0,24.0,23.0,6.0,5.0,25.0,58.0,83.0,1214120.0,991265.0,27626.0,13516.0,817394.0,2246528.0,3063923.0,4.0,38.0,2.0,1.0,13.0,45.0,58.0,64259.0,2174796.0,19999.0,6644.0,507909.0,2265700.0,2773610.0
2023-11-19,17.0,24.0,1.0,3.0,21.0,45.0,66.0,1021159.0,1164091.0,16662.0,19463.0,1279693.0,2221376.0,3501070.0,23.0,9.0,5.0,3.0,19.0,40.0,59.0,1450379.0,441223.0,13550.0,11769.0,756145.0,1916923.0,2673069.0,5.0,26.0,5.0,0.0,8.0,36.0,44.0,184647.0,1434061.0,90055.0,0.0,552254.0,1708764.0,2261019.0
2023-11-20,16.0,24.0,2.0,4.0,24.0,46.0,70.0,601385.0,1070197.0,4844.0,7643.0,781498.0,1684070.0,2465569.0,18.0,17.0,5.0,7.0,24.0,47.0,71.0,975988.0,812880.0,28432.0,21082.0,1072196.0,1838382.0,2910579.0,10.0,38.0,3.0,2.0,10.0,53.0,63.0,225127.0,1991357.0,23073.0,9611.0,432746.0,2249168.0,2681915.0
2023-11-21,22.0,18.0,6.0,2.0,21.0,48.0,69.0,1333533.0,1355694.0,12043.0,21331.0,1119969.0,2722603.0,3842573.0,22.0,30.0,5.0,2.0,27.0,59.0,86.0,1172555.0,1465941.0,37082.0,1910.0,1325622.0,2677489.0,4003112.0,8.0,28.0,3.0,0.0,5.0,39.0,44.0,277371.0,1726650.0,21448.0,0.0,457783.0,2025471.0,2483254.0
2023-11-22,17.0,26.0,11.0,4.0,27.0,58.0,85.0,1034811.0,1459191.0,49028.0,0.0,1321564.0,2543030.0,3864594.0,20.0,32.0,2.0,4.0,26.0,58.0,84.0,1195774.0,1899378.0,8786.0,15953.0,1467167.0,3119893.0,4587061.0,3.0,33.0,1.0,1.0,13.0,38.0,51.0,74653.0,1770462.0,8394.0,0.0,514730.0,1853510.0,2368240.0
2023-11-23,21.0,15.0,3.0,0.0,24.0,39.0,63.0,1364208.0,844440.0,20547.0,0.0,1380626.0,2229196.0,3609823.0,14.0,27.0,5.0,3.0,25.0,49.0,74.0,743274.0,1103008.0,28829.0,8486.0,1631387.0,1883599.0,3514987.0,1.0,34.0,4.0,0.0,15.0,39.0,54.0,37118.0,2373534.0,38575.0,0.0,1737118.0,2449228.0,4186347.0
2023-11-24,23.0,21.0,3.0,6.0,33.0,53.0,86.0,1368969.0,1069311.0,4351.0,28754.0,1142634.0,2471387.0,3614022.0,20.0,29.0,6.0,4.0,25.0,59.0,84.0,1260525.0,1516924.0,57533.0,12461.0,703140.0,2847445.0,3550586.0,9.0,24.0,1.0,1.0,13.0,35.0,48.0,334347.0,1514466.0,16348.0,0.0,815697.0,1865162.0,2680859.0
2023-11-25,17.0,21.0,11.0,2.0,26.0,51.0,77.0,894880.0,1093437.0,80966.0,9076.0,1201898.0,2078360.0,3280259.0,16.0,18.0,5.0,3.0,31.0,42.0,73.0,1000518.0,631046.0,49290.0,10000.0,1443402.0,1690856.0,3134258.0,6.0,30.0,4.0,2.0,7.0,42.0,49.0,212505.0,2182905.0,43688.0,10778.0,396895.0,2449878.0,2846774.0
2023-11-26,21.0,21.0,8.0,2.0,28.0,52.0,80.0,1189766.0,1111351.0,45055.0,8529.0,883513.0,2354703.0,3238216.0,18.0,25.0,6.0,6.0,33.0,55.0,88.0,1077286.0,1518960.0,29617.0,10451.0,1241459.0,2636316.0,3877775.0,3.0,34.0,2.0,2.0,9.0,41.0,50.0,97223.0,2546489.0,12866.0,12656.0,446103.0,2669235.0,3115339.0
2023-11-27,19.0,23.0,4.0,1.0,23.0,47.0,70.0,911006.0,1364014.0,23437.0,1910.0,862558.0,2300368.0,3162926.0,14.0,17.0,4.0,0.0,30.0,35.0,65.0,680923.0,770548.0,22710.0,0.0,1743172.0,1474182.0,3217354.0,4.0,31.0,0.0,2.0,8.0,37.0,45.0,177604.0,2134491.0,0.0,13400.0,602910.0,2325496.0,2928407.0
2023-11-28,15.0,30.0,6.0,4.0,22.0,55.0,77.0,755249.0,1647365.0,11651.0,9913.0,1223850.0,2424180.0,3648031.0,16.0,24.0,5.0,6.0,26.0,51.0,77.0,817624.0,1406562.0,25951.0,17536.0,1510650.0,2267674.0,3778325.0,5.0,30.0,3.0,0.0,8.0,38.0,46.0,105775.0,1957354.0,28901.0,0.0,279796.0,2092031.0,2371827.0
2023-11-29,21.0,17.0,4.0,5.0,24.0,47.0,71.0,1163269.0,583061.0,7239.0,10365.0,621897.0,1763935.0,2385832.0,12.0,26.0,7.0,3.0,40.0,48.0,88.0,607294.0,1224905.0,41125.0,8917.0,1755315.0,1882242.0,3637557.0,5.0,20.0,4.0,0.0,10.0,29.0,39.0,159929.0,1452755.0,87280.0,0.0,260978.0,1699965.0,1960943.0
2023-11-30,21.0,22.0,8.0,4.0,20.0,55.0,75.0,1761352.0,1222056.0,81426.0,21366.0,1200214.0,3086200.0,4286414.0,15.0,21.0,6.0,4.0,26.0,46.0,72.0,892977.0,1203170.0,44933.0,16672.0,910112.0,2157754.0,3067867.0,7.0,35.0,0.0,0.0,9.0,42.0,51.0,192272.0,2049654.0,0.0,0.0,508458.0,2241927.0,2750385.0
2023-12-01,18.0,21.0,5.0,3.0,30.0,47.0,77.0,959734.0,1042239.0,17952.0,0.0,1608359.0,2019925.0,3628285.0,16.0,21.0,2.0,1.0,24.0,40.0,64.0,775652.0,695205.0,20827.0,5922.0,1161313.0,1497607.0,2658920.0,4.0,37.0,1.0,1.0,9.0,43.0,52.0,65011.0,1986808.0,28177.0,9914.0,390835.0,2089911.0,2480746.0
2023-12-02,17.0,23.0,4.0,1.0,25.0,45.0,70.0,1206501.0,1042627.0,3106.0,0.0,1383480.0,2252236.0,3635716.0,22.0,16.0,4.0,3.0,22.0,45.0,67.0,1214932.0,979423.0,35733.0,12663.0,854000.0,2242751.0,3096751.0,6.0,25.0,4.0,3.0,12.0,38.0,50.0,267460.0,2366937.0,34487.0,13639.0,1265938.0,2682525.0,3948464.0
2023-12-03,10.0,37.0,5.0,0.0,29.0,52.0,81.0,604657.0,1694403.0,6147.0,0.0,1139483.0,2305208.0,3444692.0,18.0,27.0,9.0,1.0,35.0,55.0,90.0,1103962.0,1299918.0,33348.0,2864.0,1660929.0,2440093.0,4101023.0,3.0,19.0,1.0,4.0,8.0,27.0,35.0,140712.0,1116074.0,5213.0,22846.0,880361.0,1284846.0,2165207.0
2023-12-04,16.0,18.0,9.0,3.0,24.0,46.0,70.0,827248.0,890267.0,43990.0,11755.0,1131660.0,1773262.0,2904922.0,14.0,29.0,6.0,7.0,28.0,56.0,84.0,943582.0,1506260.0,37679.0,17716.0,1005732.0,2505239.0,3510972.0,7.0,30.0,2.0,2.0,8.0,41.0,49.0,200733.0,2349474.0,1753.0,0.0,554516.0,2551961.0,3106478.0
2023-12-05,18.0,26.0,6.0,3.0,23.0,53.0,76.0,984915.0,1792657.0,45150.0,10960.0,778319.0,2833683.0,3612002.0,9.0,21.0,5.0,5.0,32.0,40.0,72.0,339657.0,1188577.0,51698.0,3852.0,1457502.0,1583786.0,3041288.0,8.0,28.0,0.0,1.0,6.0,37.0,43.0,395484.0,1214351.0,0.0,2532.0,340582.0,1612368.0,1952950.0
2023-12-06,21.0,17.0,6.0,1.0,22.0,45.0,67.0,1282507.0,604929.0,57798.0,3871.0,1010803.0,1949106.0,2959909.0,11.0,18.0,8.0,2.0,27.0,39.0,66.0,861874.0,611445.0,51332.0,0.0,1779774.0,1524653.0,3304427.0,4.0,32.0,3.0,2.0,11.0,41.0,52.0,128435.0,1893179.0,37861.0,18087.0,1537520.0,2077563.0,3615084.0
2023-12-07,20.0,17.0,6.0,2.0,22.0,45.0,67.0,1115474.0,802381.0,31548.0,6006.0,700062.0,1955410.0,2655472.0,15.0,26.0,1.0,3.0,29.0,45.0,74.0,952186.0,1431343.0,19905.0,12612.0,1325804.0,2416047.0,3741851.0,4.0,26.0,2.0,1.0,7.0,33.0,40.0,125282.0,1950861.0,41247.0,0.0,598307.0,2117392.0,2715699.0
2023-12-08,19.0,33.0,5.0,2.0,29.0,59.0,88.0,1068796.0,1218989.0,14477.0,8622.0,1112139.0,2310886.0,3423026.0,22.0,21.0,5.0,2.0,31.0,50.0,81.0,1367302.0,770206.0,12959.0,12422.0,1132935.0,2162889.0,3295825.0,6.0,29.0,2.0,2.0,10.0,39.0,49.0,292249.0,1518968.0,17715.0,1348.0,781437.0,1830281.0,2611718.0
2023-12-09,17.0,14.0,11.0,2.0,33.0,44.0,77.0,892034.0,814147.0,107448.0,16453.0,1528499.0,1830083.0,3358583.0,15.0,26.0,10.0,1.0,25.0,52.0,77.0,691568.0,1281214.0,87554.0,0.0,963094.0,2060337.0,3023431.0,2.0,20.0,2.0,0.0,12.0,24.0,36.0,63838.0,1245642.0,37584.0,0.0,813498.0,1347064.0,2160562.0
2023-12-10,12.0,27.0,8.0,2.0,21.0,49.0,70.0,771029.0,1661373.0,17331.0,0.0,685907.0,2449734.0,3135642.0,15.0,20.0,1.0,1.0,26.0,37.0,63.0,576870.0,1158651.0,4443.0,4912.0,1944211.0,1744878.0,3689089.0,12.0,27.0,2.0,1.0,7.0,42.0,49.0,485440.0,2208537.0,1764.0,7501.0,215071.0,2703243.0,2918314.0
2023-12-11,16.0,15.0,7.0,5.0,33.0,43.0,76.0,889236.0,634817.0,30118.0,21309.0,1425633.0,1575481.0,3001115.0,11.0,18.0,6.0,3.0,23.0,38.0,61.0,627579.0,843363.0,66783.0,13415.0,1462354.0,1551141.0,3013495.0,11.0,27.0,5.0,1.0,10.0,44.0,54.0,287760.0,2154097.0,50078.0,0.0,962972.0,2491937.0,3454910.0
2023-12-12,30.0,16.0,7.0,1.0,30.0,54.0,84.0,1951627.0,753309.0,35805.0,1998.0,1476069.0,2742740.0,4218810.0,21.0,30.0,8.0,1.0,23.0,60.0,83.0,1236768.0,1437223.0,78694.0,2691.0,889464.0,2755378.0,3644842.0,7.0,28.0,2.0,0.0,11.0,37.0,48.0,189352.0,1469788.0,19587.0,0.0,707852.0,1678728.0,2386581.0
2023-12-13,16.0,35.0,5.0,3.0,24.0,59.0,83.0,883341.0,1856245.0,33167.0,24210.0,826295.0,2796965.0,3623260.0,14.0,19.0,7.0,6.0,35.0,46.0,81.0,598077.0,654199.0,25705.0,26822.0,1560021.0,1304804.0,2864826.0,11.0,30.0,3.0,1.0,17.0,45.0,62.0,408050.0,1937818.0,56880.0,5201.0,1215852.0,2407951.0,3623803.0
2023-12-14,15.0,13.0,12.0,5.0,28.0,45.0,73.0,1163110.0,682489.0,92074.0,6853.0,1203421.0,1944528.0,3147949.0,21.0,24.0,7.0,5.0,34.0,57.0,91.0,1121805.0,1362090.0,83460.0,24971.0,1927176.0,2592327.0,4519504.0,4.0,21.0,2.0,1.0,16.0,28.0,44.0,249750.0,1117391.0,35134.0,0.0,729117.0,1402277.0,2131394.0
2023-12-15,14.0,25.0,5.0,4.0,24.0,48.0,72.0,768277.0,1265965.0,21210.0,14436.0,1195710.0,2069890.0,3265601.0,13.0,29.0,3.0,4.0,27.0,49.0,76.0,563229.0,1331605.0,5013.0,11709.0,1194439.0,1911557.0,3105996.0,8.0,24.0,3.0,2.0,13.0,37.0,50.0,252376.0,2085995.0,12890.0,9752.0,873176.0,2361015.0,3234191.0
2023-12-16,13.0,18.0,9.0,5.0,24.0,45.0,69.0,720304.0,904294.0,19298.0,20136.0,1163039.0,1664033.0,2827073.0,9.0,23.0,6.0,0.0,27.0,38.0,65.0,395884.0,956395.0,70428.0,0.0,1251197.0,1422708.0,2673906.0,6.0,35.0,2.0,1.0,13.0,44.0,57.0,236240.0,2610106.0,39661.0,0.0,560304.0,2886007.0,3446312.0
2023-12-17,19.0,28.0,8.0,2.0,34.0,57.0,91.0,930844.0,1270181.0,50466.0,7815.0,1024056.0,2259308.0,3283364.0,10.0,16.0,0.0,5.0,25.0,31.0,56.0,302165.0,785030.0,0.0,15205.0,923794.0,1102401.0,2026195.0,6.0,34.0,5.0,1.0,11.0,46.0,57.0,188718.0,2064937.0,82719.0,0.0,581642.0,2336375.0,2918017.0
2023-12-18,17.0,23.0,3.0,4.0,28.0,47.0,75.0,754125.0,801797.0,26684.0,11989.0,1371548.0,1594596.0,2966145.0,3.0,20.0,6.0,1.0,22.0,30.0,52.0,32312.0,1266687.0,23804.0,0.0,1094460.0,1322804.0,2417265.0,11.0,31.0,2.0,2.0,13.0,46.0,59.0,513497.0,2637888.0,27000.0,4433.0,1241864.0,3182819.0,4424683.0
2023-12-19,14.0,28.0,9.0,7.0,18.0,58.0,76.0,801211.0,1363665.0,37051.0,13132.0,1094129.0,2215060.0,3309190.0,4.0,14.0,9.0,6.0,22.0,33.0,55.0,45720.0,704527.0,29325.0,31396.0,1105529.0,810969.0,1916499.0,3.0,25.0,2.0,1.0,13.0,31.0,44.0,55189.0,1226699.0,8860.0,4406.0,483484.0,1295156.0,1778640.0
2023-12-20,15.0,30.0,5.0,1.0,28.0,51.0,79.0,688328.0,1276307.0,33003.0,0.0,1348902.0,1997639.0,3346541.0,3.0,28.0,13.0,1.0,18.0,45.0,63.0,157096.0,1282157.0,61942.0,655.0,886781.0,1501851.0,2388633.0,10.0,28.0,2.0,2.0,5.0,42.0,47.0,333489.0,1344886.0,15101.0,10137.0,707780.0,1703614.0,2411395.0
2023-12-21,13.0,26.0,9.0,3.0,27.0,51.0,78.0,785116.0,1053431.0,54350.0,9635.0,1442166.0,1902534.0,3344700.0,2.0,19.0,2.0,5.0,25.0,28.0,53.0,18961.0,888996.0,9298.0,12032.0,1228568.0,929289.0,2157857.0,7.0,27.0,4.0,1.0,15.0,39.0,54.0,326928.0,2381145.0,44396.0,1461.0,964846.0,2753931.0,3718778.0
2023-12-22,12.0,31.0,4.0,2.0,22.0,49.0,71.0,452877.0,1846752.0,29689.0,0.0,931466.0,2329319.0,3260786.0,4.0,20.0,4.0,1.0,21.0,29.0,50.0,35869.0,964707.0,36367.0,0.0,820298.0,1036944.0,1857242.0,9.0,23.0,3.0,0.0,8.0,35.0,43.0,264631.0,1482177.0,20744.0,0.0,346813.0,1767553.0,2114366.0
2023-12-23,10.0,20.0,3.0,4.0,19.0,37.0,56.0,364321.0,712445.0,18406.0,28559.0,832927.0,1123733.0,1956660.0,5.0,19.0,6.0,3.0,17.0,33.0,50.0,82488.0,789631.0,54781.0,4906.0,1328042.0,931808.0,2259851.0,6.0,27.0,2.0,2.0,11.0,37.0,48.0,312576.0,1724516.0,18025.0,2469.0,1275041.0,2057587.0,3332628.0
2023-12-24,8.0,23.0,8.0,1.0,19.0,40.0,59.0,229114.0,1084615.0,59996.0,11250.0,1138151.0,1384977.0,2523128.0,6.0,32.0,4.0,0.0,27.0,42.0,69.0,215489.0,1656829.0,24327.0,0.0,1829936.0,1896647.0,3726583.0,7.0,26.0,3.0,5.0,10.0,41.0,51.0,532388.0,1635063.0,23004.0,17820.0,499033.0,2208276.0,2707309.0
2023-12-25,11.0,13.0,4.0,7.0,23.0,35.0,58.0,368095.0,529824.0,18010.0,9133.0,1308527.0,925064.0,2233592.0,3.0,26.0,5.0,4.0,22.0,38.0,60.0,27074.0,1507856.0,17270.0,11242.0,959714.0,1563444.0,2523159.0,11.0,29.0,1.0,2.0,7.0,43.0,50.0,442898.0,1706494.0,21716.0,4215.0,287701.0,2175324.0,2463025.0
2023-12-26,7.0,24.0,4.0,2.0,21.0,37.0,58.0,198063.0,1700297.0,10975.0,0.0,992460.0,1909336.0,2901797.0,4.0,21.0,0.0,4.0,28.0,29.0,57.0,52560.0,954019.0,0.0,15295.0,1077474.0,1021875.0,2099350.0,16.0,29.0,1.0,1.0,7.0,47.0,54.0,1132655.0,1210817.0,0.0,4464.0,227628.0,2347937.0,2575565.0
2023-12-27,7.0,26.0,6.0,1.0,14.0,40.0,54.0,278515.0,1286325.0,32178.0,4906.0,655068.0,1601926.0,2256994.0,2.0,17.0,5.0,0.0,21.0,24.0,45.0,19987.0,1047838.0,31687.0,0.0,811722.0,1099513.0,1911236.0,17.0,22.0,2.0,2.0,11.0,43.0,54.0,760001.0,1698180.0,15569.0,7307.0,211750.0,2481059.0,2692809.0
2023-12-28,12.0,27.0,6.0,3.0,23.0,48.0,71.0,547260.0,1078145.0,13343.0,0.0,1027635.0,1638749.0,2666384.0,4.0,20.0,4.0,0.0,17.0,28.0,45.0,80985.0,1102210.0,63515.0,0.0,481691.0,1246711.0,1728403.0,22.0,27.0,2.0,3.0,3.0,54.0,57.0,1463467.0,2293330.0,4799.0,10651.0,362814.0,3772248.0,4135062.0
2023-12-29,13.0,18.0,7.0,1.0,22.0,39.0,61.0,318939.0,749766.0,76863.0,0.0,1199314.0,1145569.0,2344883.0,6.0,28.0,5.0,4.0,25.0,43.0,68.0,63256.0,1277260.0,6674.0,0.0,1644237.0,1347191.0,2991428.0,23.0,31.0,6.0,1.0,15.0,61.0,76.0,1614761.0,2014573.0,75922.0,6942.0,1678397.0,3712199.0,5390597.0
2023-12-30,10.0,31.0,6.0,3.0,18.0,50.0,68.0,412457.0,1901984.0,30156.0,10582.0,1114826.0,2355180.0,3470006.0,5.0,14.0,4.0,0.0,21.0,23.0,44.0,57991.0,474010.0,14475.0,0.0,819501.0,546478.0,1365979.0,19.0,28.0,4.0,0.0,14.0,51.0,65.0,1379578.0,2155632.0,38861.0,0.0,1974209.0,3574072.0,5548282.0
2023-12-31,7.0,14.0,4.0,1.0,26.0,26.0,52.0,206710.0,787729.0,16931.0,3087.0,1322145.0,1014459.0,2336605.0,5.0,23.0,4.0,2.0,15.0,34.0,49.0,51238.0,1173932.0,26532.0,0.0,545923.0,1251702.0,1797626.0,18.0,24.0,3.0,2.0,14.0,47.0,61.0,1062004.0,1906946.0,33552.0,7621.0,451204.0,3010124.0,3461329.0
2024-01-01,7.0,15.0,4.0,0.0,18.0,26.0,44.0,121054.0,491433.0,28691.0,0.0,868879.0,641179.0,1510058.0,3.0,14.0,3.0,0.0,16.0,20.0,36.0,105669.0,713256.0,11998.0,0.0,1082572.0,830924.0,1913496.0,19.0,36.0,3.0,1.0,6.0,59.0,65.0,1278101.0,2501108.0,37489.0,11224.0,408975.0,3827924.0,4236899.0
2024-01-02,12.0,17.0,7.0,3.0,22.0,39.0,61.0,521916.0,785048.0,21436.0,7197.0,887518.0,1335598.0,2223117.0,4.0,21.0,5.0,3.0,18.0,33.0,51.0,115493.0,969631.0,25779.0,7739.0,1046408.0,1118643.0,2165052.0,22.0,38.0,3.0,2.0,17.0,65.0,82.0,1266577.0,2115409.0,13920.0,9385.0,1834409.0,3405292.0,5239702.0
2024-01-03,7.0,23.0,5.0,1.0,16.0,36.0,52.0,190816.0,1193991.0,49045.0,0.0,931461.0,1433853.0,2365314.0,4.0,18.0,5.0,2.0,12.0,29.0,41.0,55605.0,1009618.0,39034.0,3924.0,873867.0,1108183.0,1982050.0,22.0,35.0,2.0,7.0,21.0,66.0,87.0,1362258.0,1977500.0,20443.0,25850.0,1451328.0,3386053.0,4837382.0
2024-01-04,7.0,25.0,8.0,0.0,19.0,40.0,59.0,355577.0,1015488.0,17729.0,0.0,873807.0,1388795.0,2262603.0,6.0,24.0,3.0,0.0,21.0,33.0,54.0,81803.0,1387810.0,15773.0,0.0,1217213.0,1485387.0,2702600.0,21.0,26.0,0.0,6.0,16.0,53.0,69.0,1014708.0,1582438.0,0.0,41416.0,462674.0,2638563.0,3101237.0
2024-01-05,7.0,16.0,2.0,1.0,23.0,26.0,49.0,209064.0,537641.0,4344.0,1528.0,975164.0,752579.0,1727744.0,2.0,18.0,6.0,1.0,18.0,27.0,45.0,50397.0,880657.0,70424.0,6258.0,1139414.0,1007738.0,2147152.0,22.0,29.0,2.0,3.0,14.0,56.0,70.0,1677985.0,1511466.0,36338.0,11809.0,1389921.0,3237599.0,4627520.0
2024-01-06,12.0,13.0,4.0,2.0,22.0,31.0,53.0,604489.0,599536.0,33378.0,3972.0,1352713.0,1241377.0,2594091.0,8.0,14.0,5.0,0.0,18.0,27.0,45.0,96720.0,695543.0,26064.0,0.0,848664.0,818328.0,1666993.0,18.0,36.0,2.0,3.0,11.0,59.0,70.0,1095518.0,2097817.0,11538.0,13760.0,399251.0,3218634.0,3617886.0
2024-01-07,13.0,24.0,3.0,1.0,16.0,41.0,57.0,407518.0,973604.0,5959.0,3924.0,667559.0,1391006.0,2058566.0,6.0,20.0,3.0,0.0,14.0,29.0,43.0,55285.0,856172.0,25576.0,0.0,861535.0,937034.0,1798569.0,10.0,29.0,3.0,1.0,20.0,43.0,63.0,552731.0,1812053.0,15364.0,4096.0,1217185.0,2384245.0,3601431.0
2024-01-08,21.0,24.0,5.0,0.0,13.0,50.0,63.0,656919.0,1250268.0,37262.0,0.0,672334.0,1944450.0,2616785.0,3.0,17.0,9.0,0.0,22.0,29.0,51.0,92339.0,1231763.0,23474.0,0.0,881040.0,1347577.0,2228618.0,19.0,34.0,2.0,6.0,18.0,61.0,79.0,1111372.0,1811497.0,9037.0,18663.0,622421.0,2950571.0,3572992.0
2024-01-09,9.0,21.0,6.0,1.0,17.0,37.0,54.0,405685.0,1013996.0,8381.0,0.0,968462.0,1428064.0,2396526.0,6.0,24.0,9.0,1.0,13.0,40.0,53.0,100200.0,1164675.0,27706.0,0.0,869469.0,1292583.0,2162053.0,18.0,33.0,2.0,2.0,11.0,55.0,66.0,805594.0,2752721.0,39459.0,2120.0,738000.0,3599897.0,4337897.0
2024-01-10,8.0,15.0,7.0,1.0,17.0,31.0,48.0,272078.0,1043956.0,46013.0,6258.0,717148.0,1368305.0,2085454.0,4.0,16.0,6.0,5.0,12.0,31.0,43.0,81112.0,636543.0,53358.0,12496.0,731020.0,783511.0,1514531.0,19.0,38.0,4.0,5.0,6.0,66.0,72.0,1242851.0,2341594.0,46863.0,28108.0,63601.0,3659418.0,3723020.0
2024-01-11,6.0,21.0,2.0,2.0,19.0,31.0,50.0,180789.0,1014782.0,12621.0,0.0,913734.0,1208193.0,2121927.0,5.0,21.0,4.0,2.0,23.0,32.0,55.0,91181.0,789572.0,6368.0,5767.0,1155542.0,892889.0,2048432.0,23.0,34.0,4.0,2.0,11.0,63.0,74.0,1268955.0,1765250.0,62272.0,12858.0,105017.0,3109337.0,3214355.0
2024-01-12,7.0,18.0,1.0,0.0,10.0,26.0,36.0,158505.0,668948.0,1168.0,0.0,121131.0,828622.0,949754.0,2.0,21.0,4.0,0.0,8.0,27.0,35.0,17692.0,1135420.0,36642.0,0.0,280481.0,1189755.0,1470236.0,24.0,40.0,5.0,3.0,11.0,72.0,83.0,1139165.0,2935107.0,46441.0,11353.0,277491.0,4132067.0,4409559.0
2024-01-13,9.0,15.0,6.0,3.0,14.0,33.0,47.0,332049.0,631526.0,26010.0,11292.0,607085.0,1000879.0,1607964.0,6.0,23.0,0.0,1.0,13.0,30.0,43.0,102944.0,980595.0,0.0,0.0,634144.0,1083539.0,1717684.0,17.0,34.0,8.0,3.0,20.0,62.0,82.0,1067858.0,2185472.0,40797.0,4572.0,2322651.0,3298701.0,5621353.0
2024-01-14,10.0,19.0,4.0,3.0,13.0,36.0,49.0,359626.0,753488.0,9857.0,10036.0,577279.0,1133009.0,1710289.0,2.0,11.0,5.0,0.0,9.0,18.0,27.0,23295.0,323626.0,10417.0,0.0,469396.0,357339.0,826735.0,9.0,22.0,4.0,2.0,14.0,37.0,51.0,401490.0,1610377.0,35219.0,5475.0,850359.0,2052563.0,2902923.0
2024-01-15,8.0,24.0,3.0,1.0,17.0,36.0,53.0,282976.0,1016925.0,19194.0,4227.0,1593330.0,1323324.0,2916655.0,3.0,15.0,1.0,0.0,10.0,19.0,29.0,32228.0,957912.0,4803.0,0.0,503120.0,994944.0,1498065.0,17.0,35.0,3.0,2.0,15.0,57.0,72.0,935450.0,2125282.0,27126.0,13351.0,736241.0,3101210.0,3837451.0
2024-01-16,7.0,17.0,1.0,1.0,20.0,26.0,46.0,308136.0,717063.0,3320.0,5852.0,1182817.0,1034372.0,2217189.0,3.0,18.0,5.0,1.0,10.0,27.0,37.0,47864.0,862141.0,20389.0,3770.0,333740.0,934165.0,1267905.0,13.0,29.0,4.0,2.0,15.0,48.0,63.0,843348.0,1678781.0,68547.0,7443.0,1415931.0,2598120.0,4014052.0
2024-01-17,14.0,21.0,7.0,0.0,16.0,42.0,58.0,505125.0,714806.0,33088.0,0.0,826515.0,1253020.0,2079536.0,3.0,20.0,5.0,0.0,18.0,28.0,46.0,63851.0,770197.0,23491.0,0.0,863118.0,857540.0,1720659.0,15.0,33.0,3.0,0.0,13.0,51.0,64.0,1199709.0,1703939.0,40490.0,0.0,276220.0,2944139.0,3220360.0
2024-01-18,10.0,21.0,5.0,1.0,23.0,37.0,60.0,259924.0,1148435.0,18578.0,0.0,1283196.0,1426938.0,2710135.0,2.0,15.0,4.0,0.0,11.0,21.0,32.0,40503.0,750421.0,19264.0,0.0,256240.0,810190.0,1066430.0,14.0,32.0,5.0,2.0,17.0,53.0,70.0,1077306.0,1998676.0,70059.0,12951.0,405981.0,3158993.0,3564974.0
2024-01-19,8.0,15.0,3.0,2.0,19.0,28.0,47.0,145783.0,779389.0,6522.0,2730.0,485383.0,934425.0,1419809.0,7.0,12.0,4.0,1.0,12.0,24.0,36.0,57414.0,446763.0,7934.0,4604.0,943707.0,516717.0,1460424.0,14.0,31.0,5.0,4.0,19.0,54.0,73.0,688952.0,1228136.0,38961.0,13344.0,540751.0,1969394.0,2510145.0
2024-01-20,11.0,8.0,7.0,0.0,9.0,26.0,35.0,450265.0,212204.0,88981.0,0.0,768099.0,751451.0,1519550.0,4.0,18.0,4.0,0.0,13.0,26.0,39.0,28469.0,588871.0,40343.0,0.0,510596.0,657684.0,1168280.0,13.0,23.0,7.0,3.0,15.0,46.0,61.0,1025887.0,1421412.0,24357.0,10620.0,675964.0,2482277.0,3158242.0
2024-01-21,11.0,18.0,7.0,1.0,14.0,37.0,51.0,271482.0,546423.0,11981.0,3770.0,681852.0,833657.0,1515510.0,4.0,16.0,3.0,0.0,17.0,23.0,40.0,66710.0,619785.0,29779.0,0.0,1490668.0,716275.0,2206944.0,19.0,39.0,3.0,5.0,21.0,66.0,87.0,1485486.0,2107968.0,8249.0,10803.0,739962.0,3612507.0,4352470.0
2024-01-22,7.0,21.0,3.0,1.0,14.0,32.0,46.0,428134.0,655083.0,18733.0,0.0,654607.0,1101951.0,1756558.0,3.0,22.0,3.0,0.0,17.0,28.0,45.0,43745.0,970647.0,6906.0,0.0,1006833.0,1021300.0,2028133.0,7.0,23.0,1.0,3.0,14.0,34.0,48.0,467328.0,1855999.0,0.0,10080.0,1336753.0,2333407.0,3670161.0
2024-01-23,8.0,14.0,3.0,0.0,14.0,25.0,39.0,389023.0,670270.0,10811.0,0.0,634143.0,1070105.0,1704248.0,3.0,17.0,4.0,0.0,11.0,24.0,35.0,21083.0,780150.0,17023.0,0.0,585580.0,818257.0,1403837.0,21.0,26.0,1.0,3.0,19.0,51.0,70.0,1168142.0,1353022.0,3598.0,14464.0,1439673.0,2539228.0,3978902.0
2024-01-24,9.0,10.0,4.0,1.0,17.0,24.0,41.0,205517.0,624195.0,10310.0,7212.0,874608.0,847236.0,1721844.0,3.0,11.0,4.0,1.0,12.0,19.0,31.0,24063.0,382724.0,50985.0,2730.0,1191645.0,460503.0,1652148.0,15.0,31.0,5.0,2.0,13.0,53.0,66.0,768224.0,2368984.0,28486.0,5392.0,577175.0,3171088.0,3748263.0
2024-01-25,7.0,11.0,9.0,1.0,16.0,28.0,44.0,204177.0,397633.0,27589.0,0.0,262366.0,629400.0,891767.0,6.0,11.0,3.0,0.0,13.0,20.0,33.0,70057.0,430899.0,18930.0,0.0,654004.0,519887.0,1173891.0,19.0,34.0,6.0,4.0,22.0,63.0,85.0,1350207.0,1569996.0,24353.0,19307.0,961687.0,2963864.0,3925551.0
2024-01-26,9.0,14.0,5.0,1.0,11.0,29.0,40.0,193759.0,499558.0,18664.0,0.0,560977.0,711983.0,1272961.0,0.0,13.0,3.0,1.0,12.0,17.0,29.0,0.0,544506.0,36396.0,0.0,767078.0,580903.0,1347981.0,19.0,41.0,5.0,5.0,14.0,70.0,84.0,1211995.0,2831403.0,43643.0,18716.0,917530.0,4105759.0,5023290.0
2024-01-27,4.0,16.0,5.0,1.0,9.0,26.0,35.0,135339.0,704078.0,43444.0,0.0,305288.0,882861.0,1188150.0,2.0,14.0,5.0,0.0,11.0,21.0,32.0,19034.0,618712.0,14263.0,0.0,774675.0,652010.0,1426686.0,13.0,28.0,4.0,4.0,22.0,49.0,71.0,726238.0,2386852.0,34949.0,23447.0,1137843.0,3171487.0,4309330.0
2024-01-28,12.0,19.0,6.0,0.0,16.0,37.0,53.0,560869.0,809098.0,20186.0,0.0,882592.0,1390153.0,2272746.0,4.0,13.0,3.0,0.0,11.0,20.0,31.0,82113.0,570622.0,16124.0,0.0,594193.0,668860.0,1263053.0,19.0,36.0,5.0,4.0,21.0,64.0,85.0,1018701.0,2214566.0,97136.0,9022.0,1218052.0,3339427.0,4557480.0
2024-01-29,10.0,13.0,3.0,1.0,9.0,27.0,36.0,332196.0,638248.0,3309.0,4621.0,268288.0,978375.0,1246663.0,7.0,13.0,4.0,0.0,11.0,24.0,35.0,153811.0,578767.0,35607.0,0.0,333290.0,768186.0,1101477.0,11.0,37.0,2.0,3.0,16.0,53.0,69.0,738875.0,3047027.0,9173.0,18646.0,767040.0,3813721.0,4580762.0
2024-01-30,7.0,12.0,2.0,0.0,13.0,21.0,34.0,175213.0,568746.0,6142.0,0.0,614027.0,750103.0,1364130.0,5.0,12.0,3.0,1.0,6.0,21.0,27.0,77752.0,444092.0,4650.0,5482.0,191504.0,531977.0,723481.0,20.0,37.0,1.0,2.0,23.0,60.0,83.0,963206.0,1593450.0,28278.0,4471.0,871827.0,2589406.0,3461234.0
2024-01-31,8.0,12.0,5.0,1.0,14.0,26.0,40.0,268928.0,498773.0,6819.0,5476.0,595587.0,779998.0,1375586.0,4.0,15.0,7.0,0.0,10.0,26.0,36.0,32615.0,809352.0,25231.0,0.0,475329.0,867200.0,1342529.0,15.0,31.0,3.0,2.0,16.0,51.0,67.0,1132006.0,2418327.0,4382.0,3506.0,1158917.0,3558223.0,4717140.0
2024-02-01,9.0,13.0,7.0,0.0,8.0,29.0,37.0,198153.0,516718.0,62952.0,0.0,519249.0,777824.0,1297073.0,5.0,9.0,7.0,1.0,10.0,22.0,32.0,48560.0,244945.0,64266.0,779.0,712821.0,358551.0,1071373.0,19.0,43.0,6.0,2.0,17.0,70.0,87.0,1454965.0,2010297.0,56428.0,5601.0,736897.0,3527293.0,4264190.0
2024-02-02,5.0,11.0,8.0,0.0,12.0,24.0,36.0,304186.0,304502.0,32197.0,0.0,572388.0,640886.0,1213275.0,6.0,14.0,3.0,0.0,16.0,23.0,39.0,60123.0,526774.0,4907.0,0.0,717840.0,591805.0,1309646.0,13.0,34.0,1.0,7.0,25.0,55.0,80.0,861477.0,1553669.0,0.0,10088.0,1773163.0,2425235.0,4198398.0
2024-02-03,8.0,14.0,2.0,3.0,16.0,27.0,43.0,297484.0,535666.0,2801.0,8094.0,840357.0,844046.0,1684403.0,1.0,14.0,3.0,0.0,10.0,18.0,28.0,12754.0,721301.0,23155.0,0.0,497712.0,757211.0,1254924.0,19.0,45.0,2.0,5.0,20.0,71.0,91.0,1046775.0,2192679.0,1794.0,18193.0,772238.0,3259442.0,4031681.0
2024-02-04,12.0,18.0,2.0,0.0,13.0,32.0,45.0,388092.0,981461.0,6715.0,0.0,551340.0,1376269.0,1927610.0,4.0,11.0,4.0,0.0,8.0,19.0,27.0,43477.0,401196.0,28474.0,0.0,697631.0,473148.0,1170779.0,18.0,39.0,9.0,5.0,11.0,71.0,82.0,1009746.0,2103817.0,75440.0,13348.0,446412.0,3202352.0,3648764.0
2024-02-05,9.0,16.0,4.0,1.0,12.0,30.0,42.0,314431.0,1034312.0,7380.0,0.0,556171.0,1356125.0,1912296.0,6.0,19.0,8.0,0.0,17.0,33.0,50.0,66616.0,715782.0,48376.0,0.0,562660.0,830775.0,1393435.0,17.0,38.0,1.0,2.0,26.0,58.0,84.0,1003720.0,2071382.0,0.0,11254.0,998471.0,3086357.0,4084829.0
2024-02-06,6.0,21.0,5.0,0.0,7.0,32.0,39.0,149496.0,1048039.0,18950.0,0.0,116921.0,1216486.0,1333407.0,5.0,17.0,4.0,0.0,11.0,26.0,37.0,39186.0,648702.0,32111.0,0.0,336781.0,720000.0,1056782.0,14.0,45.0,4.0,4.0,18.0,67.0,85.0,705276.0,2512841.0,19321.0,11275.0,1221365.0,3248715.0,4470081.0
2024-02-07,5.0,13.0,9.0,4.0,14.0,31.0,45.0,144809.0,420092.0,22262.0,3322.0,616188.0,590486.0,1206674.0,2.0,13.0,5.0,0.0,8.0,20.0,28.0,33072.0,368532.0,9846.0,0.0,258252.0,411451.0,669704.0,10.0,35.0,8.0,5.0,17.0,58.0,75.0,498761.0,1660075.0,79517.0,14095.0,1048753.0,2252449.0,3301203.0
2024-02-08,12.0,16.0,7.0,0.0,11.0,35.0,46.0,357800.0,583255.0,50698.0,0.0,442520.0,991755.0,1434276.0,4.0,12.0,4.0,1.0,8.0,21.0,29.0,73770.0,484084.0,26470.0,0.0,791897.0,584325.0,1376222.0,17.0,27.0,5.0,3.0,21.0,52.0,73.0,1112610.0,1894593.0,33115.0,5439.0,1625684.0,3045758.0,4671443.0
2024-02-09,9.0,15.0,6.0,2.0,11.0,32.0,43.0,172471.0,770560.0,19257.0,2968.0,548104.0,965259.0,1513363.0,2.0,14.0,0.0,1.0,13.0,17.0,30.0,18853.0,717726.0,0.0,5482.0,365398.0,742061.0,1107460.0,17.0,30.0,1.0,3.0,20.0,51.0,71.0,1006566.0,1399396.0,12111.0,13098.0,958458.0,2431173.0,3389632.0
2024-02-10,8.0,19.0,5.0,0.0,15.0,32.0,47.0,302516.0,1215946.0,19876.0,0.0,671799.0,1538340.0,2210139.0,5.0,14.0,2.0,1.0,10.0,22.0,32.0,63449.0,918334.0,2460.0,1535.0,963842.0,985780.0,1949622.0,22.0,42.0,5.0,2.0,21.0,71.0,92.0,1181615.0,2837405.0,34546.0,8414.0,662599.0,4061981.0,4724581.0
2024-02-11,5.0,9.0,4.0,0.0,15.0,18.0,33.0,203343.0,405948.0,17943.0,0.0,485327.0,627236.0,1112563.0,5.0,20.0,6.0,0.0,7.0,31.0,38.0,167718.0,1277521.0,30341.0,0.0,351519.0,1475581.0,1827101.0,12.0,32.0,4.0,4.0,18.0,52.0,70.0,628923.0,984739.0,15535.0,18240.0,579744.0,1647438.0,2227183.0
2024-02-12,10.0,16.0,4.0,0.0,16.0,30.0,46.0,173886.0,670773.0,11042.0,0.0,860337.0,855703.0,1716041.0,6.0,8.0,5.0,0.0,8.0,19.0,27.0,65571.0,239936.0,30047.0,0.0,730557.0,335555.0,1066113.0,17.0,59.0,4.0,2.0,20.0,82.0,102.0,750830.0,3568952.0,23738.0,5347.0,677762.0,4348868.0,5026630.0
2024-02-13,14.0,15.0,7.0,1.0,15.0,37.0,52.0,323711.0,604544.0,18949.0,0.0,617722.0,947205.0,1564927.0,3.0,17.0,6.0,1.0,14.0,27.0,41.0,52678.0,613521.0,13473.0,0.0,630301.0,679673.0,1309975.0,14.0,53.0,2.0,2.0,18.0,71.0,89.0,859625.0,3651874.0,11928.0,7618.0,424884.0,4531047.0,4955931.0
2024-02-14,12.0,13.0,5.0,0.0,9.0,30.0,39.0,119007.0,369042.0,53843.0,0.0,604647.0,541893.0,1146540.0,6.0,12.0,5.0,1.0,8.0,24.0,32.0,90031.0,460164.0,41999.0,1853.0,671964.0,594047.0,1266012.0,16.0,37.0,4.0,5.0,13.0,62.0,75.0,1046149.0,2016184.0,36079.0,27273.0,1138250.0,3125687.0,4263937.0
2024-02-15,9.0,8.0,1.0,0.0,10.0,18.0,28.0,219555.0,333150.0,866.0,0.0,334470.0,553572.0,888043.0,7.0,16.0,3.0,0.0,7.0,26.0,33.0,93491.0,999668.0,10578.0,0.0,202479.0,1103738.0,1306218.0,16.0,47.0,1.0,4.0,30.0,68.0,98.0,1283085.0,2658032.0,2292.0,30143.0,1830427.0,3973554.0,5803981.0
2024-02-16,4.0,14.0,3.0,1.0,20.0,22.0,42.0,36868.0,604857.0,16638.0,1535.0,1374232.0,659899.0,2034131.0,5.0,15.0,3.0,2.0,12.0,25.0,37.0,63198.0,436720.0,10181.0,9136.0,976720.0,519236.0,1495956.0,15.0,29.0,2.0,1.0,15.0,47.0,62.0,1110395.0,1400607.0,26922.0,4763.0,374368.0,2542688.0,2917056.0
2024-02-17,9.0,5.0,5.0,1.0,14.0,20.0,34.0,190458.0,184910.0,12646.0,0.0,904301.0,388014.0,1292315.0,1.0,18.0,2.0,0.0,12.0,21.0,33.0,33067.0,886160.0,5094.0,0.0,769081.0,924322.0,1693404.0,30.0,43.0,8.0,3.0,25.0,84.0,109.0,1695731.0,3231499.0,103865.0,7993.0,1449709.0,5039089.0,6488799.0
2024-02-18,7.0,15.0,4.0,1.0,8.0,27.0,35.0,91587.0,629150.0,40227.0,1853.0,571729.0,762818.0,1334548.0,12.0,10.0,4.0,0.0,17.0,26.0,43.0,131464.0,463424.0,51314.0,0.0,1078685.0,646203.0,1724888.0,21.0,52.0,4.0,3.0,24.0,80.0,104.0,1309524.0,2495980.0,38382.0,16452.0,1961940.0,3860340.0,5822281.0
2024-02-19,7.0,12.0,3.0,0.0,26.0,22.0,48.0,252129.0,267397.0,2771.0,0.0,1660929.0,522298.0,2183227.0,6.0,11.0,4.0,0.0,15.0,21.0,36.0,78891.0,484334.0,9193.0,0.0,659256.0,572418.0,1231674.0,12.0,43.0,5.0,4.0,18.0,64.0,82.0,759212.0,1938413.0,36104.0,21624.0,1296796.0,2755355.0,4052152.0
2024-02-20,8.0,15.0,2.0,3.0,9.0,28.0,37.0,124990.0,747856.0,3520.0,9093.0,460632.0,885461.0,1346093.0,4.0,14.0,2.0,1.0,10.0,21.0,31.0,47595.0,478778.0,14000.0,0.0,727612.0,540374.0,1267986.0,22.0,39.0,3.0,3.0,23.0,67.0,90.0,1834431.0,1997784.0,45466.0,8159.0,1091273.0,3885842.0,4977115.0
2024-02-21,11.0,16.0,2.0,1.0,10.0,30.0,40.0,305885.0,721492.0,2768.0,4162.0,671937.0,1034309.0,1706247.0,2.0,7.0,4.0,1.0,17.0,14.0,31.0,49434.0,392016.0,13278.0,5214.0,718198.0,459944.0,1178142.0,19.0,47.0,6.0,2.0,22.0,74.0,96.0,1319977.0,2146056.0,35541.0,16838.0,1316085.0,3518414.0,4834500.0
2024-02-22,8.0,21.0,2.0,1.0,14.0,32.0,46.0,122929.0,998403.0,13764.0,2959.0,931989.0,1138056.0,2070045.0,6.0,14.0,3.0,0.0,14.0,23.0,37.0,122601.0,575311.0,14136.0,0.0,877736.0,712049.0,1589785.0,17.0,46.0,3.0,0.0,18.0,66.0,84.0,819368.0,2181288.0,22109.0,0.0,1411023.0,3022767.0,4433790.0
2024-02-23,5.0,14.0,9.0,0.0,18.0,28.0,46.0,248120.0,525684.0,38206.0,0.0,1011815.0,812011.0,1823827.0,2.0,17.0,4.0,0.0,22.0,23.0,45.0,0.0,686059.0,41034.0,0.0,1534505.0,727094.0,2261600.0,23.0,45.0,5.0,8.0,24.0,81.0,105.0,1405244.0,2837598.0,20865.0,40879.0,1155331.0,4304587.0,5459919.0
2024-02-24,14.0,18.0,4.0,0.0,15.0,36.0,51.0,278773.0,918000.0,11686.0,0.0,635487.0,1208460.0,1843948.0,3.0,7.0,4.0,0.0,12.0,14.0,26.0,44843.0,302588.0,24289.0,0.0,604628.0,371721.0,976350.0,18.0,37.0,5.0,2.0,24.0,62.0,86.0,939847.0,2163544.0,63714.0,0.0,1340142.0,3167106.0,4507249.0
2024-02-25,9.0,19.0,3.0,0.0,12.0,31.0,43.0,266782.0,539109.0,3109.0,0.0,593018.0,809001.0,1402019.0,4.0,17.0,9.0,0.0,14.0,30.0,44.0,34873.0,850808.0,71989.0,0.0,831311.0,957671.0,1788982.0,19.0,25.0,5.0,3.0,14.0,52.0,66.0,1423145.0,1483901.0,98513.0,11670.0,573073.0,3017231.0,3590305.0
2024-02-26,13.0,15.0,4.0,1.0,13.0,33.0,46.0,242204.0,682499.0,9508.0,2906.0,499429.0,937119.0,1436549.0,5.0,14.0,6.0,1.0,12.0,26.0,38.0,87828.0,718566.0,31119.0,2375.0,807847.0,839890.0,1647738.0,17.0,48.0,2.0,2.0,18.0,69.0,87.0,1028131.0,2333121.0,6332.0,10627.0,1224753.0,3378212.0,4602965.0
2024-02-27,12.0,10.0,5.0,1.0,14.0,28.0,42.0,160656.0,456997.0,31640.0,0.0,978457.0,649293.0,1627751.0,5.0,12.0,5.0,1.0,17.0,23.0,40.0,94284.0,550066.0,16844.0,0.0,1014945.0,661195.0,1676141.0,13.0,37.0,1.0,2.0,17.0,53.0,70.0,985261.0,1765059.0,0.0,15111.0,1102642.0,2765432.0,3868074.0
2024-02-28,7.0,14.0,4.0,1.0,14.0,26.0,40.0,238714.0,571294.0,10267.0,5645.0,1138544.0,825922.0,1964466.0,7.0,10.0,2.0,0.0,8.0,19.0,27.0,89461.0,549995.0,3885.0,0.0,177806.0,643342.0,821148.0,23.0,43.0,0.0,3.0,15.0,69.0,84.0,1361742.0,1946372.0,0.0,4760.0,1105980.0,3312875.0,4418855.0
2024-02-29,7.0,18.0,6.0,1.0,16.0,32.0,48.0,220557.0,817326.0,27179.0,3558.0,859056.0,1068622.0,1927678.0,3.0,18.0,1.0,0.0,14.0,22.0,36.0,44089.0,853010.0,2565.0,0.0,824896.0,899666.0,1724563.0,25.0,47.0,3.0,7.0,21.0,82.0,103.0,1497809.0,3324342.0,5343.0,39038.0,1557742.0,4866533.0,6424275.0
2024-03-01,7.0,10.0,5.0,1.0,12.0,23.0,35.0,290392.0,380002.0,22484.0,1218.0,569196.0,694098.0,1263294.0,2.0,7.0,5.0,1.0,5.0,15.0,20.0,15471.0,267572.0,17911.0,2375.0,257323.0,303330.0,560654.0,26.0,46.0,7.0,4.0,18.0,83.0,101.0,1639867.0,2561700.0,60667.0,22774.0,554231.0,4285010.0,4839242.0
2024-03-02,8.0,14.0,10.0,0.0,11.0,32.0,43.0,106985.0,378931.0,59668.0,0.0,642716.0,545585.0,1188302.0,3.0,7.0,2.0,0.0,17.0,12.0,29.0,51425.0,382446.0,8835.0,0.0,851885.0,442707.0,1294592.0,25.0,48.0,6.0,3.0,24.0,82.0,106.0,1360483.0,2718497.0,47168.0,24858.0,1320102.0,4151008.0,5471111.0
2024-03-03,7.0,10.0,2.0,0.0,13.0,19.0,32.0,330346.0,152747.0,31438.0,0.0,442649.0,514531.0,957181.0,6.0,17.0,10.0,1.0,19.0,34.0,53.0,78255.0,618150.0,90538.0,0.0,965838.0,786944.0,1752783.0,26.0,52.0,9.0,2.0,13.0,89.0,102.0,1814959.0,2931879.0,95714.0,8571.0,627489.0,4851124.0,5478614.0
2024-03-04,11.0,8.0,2.0,0.0,7.0,21.0,28.0,147523.0,389461.0,9520.0,0.0,143395.0,546505.0,689901.0,7.0,16.0,5.0,0.0,9.0,28.0,37.0,78112.0,667509.0,22736.0,0.0,607057.0,768358.0,1375415.0,10.0,49.0,3.0,4.0,24.0,66.0,90.0,401323.0,3442087.0,58357.0,14089.0,1835105.0,3915858.0,5750963.0
2024-03-05,6.0,9.0,3.0,0.0,18.0,18.0,36.0,110957.0,396072.0,8009.0,0.0,604885.0,515039.0,1119925.0,4.0,12.0,3.0,0.0,9.0,19.0,28.0,69202.0,370116.0,1293.0,0.0,386739.0,440612.0,827351.0,26.0,32.0,3.0,6.0,18.0,67.0,85.0,1664825.0,2214709.0,19540.0,33832.0,1633437.0,3932907.0,5566345.0
2024-03-06,7.0,13.0,4.0,0.0,9.0,24.0,33.0,255292.0,679105.0,9325.0,0.0,239212.0,943723.0,1182936.0,6.0,12.0,3.0,0.0,14.0,21.0,35.0,88636.0,491335.0,21100.0,0.0,667094.0,601071.0,1268166.0,17.0,47.0,5.0,2.0,19.0,71.0,90.0,1193648.0,3354882.0,27302.0,12300.0,993011.0,4588134.0,5581145.0
2024-03-07,12.0,11.0,5.0,0.0,16.0,28.0,44.0,178120.0,571526.0,11465.0,0.0,798454.0,761112.0,1559567.0,3.0,12.0,4.0,0.0,11.0,19.0,30.0,30379.0,662102.0,8359.0,0.0,924302.0,700841.0,1625144.0,26.0,54.0,5.0,2.0,19.0,87.0,106.0,1719350.0,4127106.0,62958.0,3344.0,927532.0,5912759.0,6840292.0
2024-03-08,10.0,18.0,7.0,0.0,18.0,35.0,53.0,187048.0,611394.0,20011.0,0.0,1060084.0,818454.0,1878539.0,5.0,12.0,4.0,0.0,8.0,21.0,29.0,55853.0,551820.0,14159.0,0.0,111146.0,621833.0,732979.0,15.0,44.0,4.0,2.0,19.0,65.0,84.0,834243.0,2457398.0,53928.0,8373.0,757572.0,3353944.0,4111517.0
2024-03-09,15.0,14.0,5.0,0.0,16.0,34.0,50.0,334505.0,453317.0,31976.0,0.0,777761.0,819800.0,1597561.0,5.0,5.0,4.0,1.0,14.0,15.0,29.0,66734.0,124531.0,18810.0,6160.0,336827.0,216236.0,553063.0,22.0,37.0,3.0,1.0,21.0,63.0,84.0,1420226.0,2563410.0,43680.0,6153.0,970923.0,4033471.0,5004395.0
2024-03-10,7.0,16.0,2.0,1.0,15.0,26.0,41.0,294015.0,680692.0,26006.0,3322.0,642243.0,1004037.0,1646280.0,6.0,7.0,6.0,0.0,14.0,19.0,33.0,86490.0,474243.0,78495.0,0.0,761322.0,639228.0,1400551.0,18.0,52.0,1.0,0.0,28.0,71.0,99.0,1279274.0,2817164.0,3259.0,0.0,2099956.0,4099698.0,6199655.0
2024-03-11,9.0,13.0,2.0,0.0,13.0,24.0,37.0,257539.0,484684.0,2484.0,0.0,653658.0,744708.0,1398366.0,3.0,8.0,0.0,1.0,14.0,12.0,26.0,35397.0,315571.0,0.0,5482.0,923549.0,356451.0,1280001.0,15.0,46.0,1.0,7.0,20.0,69.0,89.0,601751.0,2589886.0,0.0,26326.0,1444239.0,3217964.0,4662204.0
2024-03-12,11.0,15.0,1.0,1.0,16.0,28.0,44.0,163790.0,668493.0,2720.0,0.0,540551.0,835003.0,1375554.0,6.0,12.0,4.0,0.0,13.0,22.0,35.0,74877.0,672847.0,14471.0,0.0,822636.0,762196.0,1584832.0,20.0,33.0,2.0,2.0,17.0,57.0,74.0,1033166.0,1892939.0,9602.0,4291.0,976778.0,2939999.0,3916778.0
2024-03-13,3.0,18.0,7.0,0.0,14.0,28.0,42.0,74908.0,809270.0,19130.0,0.0,732599.0,903310.0,1635909.0,1.0,14.0,5.0,0.0,12.0,20.0,32.0,27443.0,635890.0,22733.0,0.0,945080.0,686067.0,1631147.0,25.0,44.0,2.0,5.0,21.0,76.0,97.0,1749716.0,3510524.0,0.0,15013.0,1914722.0,5275254.0,7189977.0
2024-03-14,6.0,12.0,4.0,0.0,14.0,22.0,36.0,157454.0,653591.0,21464.0,0.0,502868.0,832511.0,1335379.0,6.0,10.0,5.0,0.0,14.0,21.0,35.0,118557.0,387167.0,13855.0,0.0,451310.0,519579.0,970890.0,15.0,48.0,2.0,2.0,16.0,67.0,83.0,1091414.0,2852193.0,23132.0,10578.0,271061.0,3977318.0,4248379.0
2024-03-15,7.0,11.0,3.0,1.0,13.0,22.0,35.0,137234.0,463626.0,3433.0,5668.0,744985.0,609964.0,1354949.0,7.0,14.0,5.0,0.0,12.0,26.0,38.0,67595.0,519370.0,40684.0,0.0,884734.0,627650.0,1512385.0,19.0,42.0,4.0,3.0,19.0,68.0,87.0,1561459.0,2869277.0,32885.0,9283.0,1385902.0,4472906.0,5858809.0
2024-03-16,10.0,13.0,2.0,0.0,14.0,25.0,39.0,154495.0,612301.0,15967.0,0.0,413378.0,782764.0,1196143.0,2.0,7.0,3.0,1.0,11.0,13.0,24.0,41229.0,286989.0,18098.0,5482.0,615752.0,351800.0,967552.0,18.0,42.0,3.0,2.0,15.0,65.0,80.0,1100005.0,2502646.0,43556.0,11820.0,995850.0,3658027.0,4653878.0
2024-03-17,4.0,13.0,6.0,3.0,10.0,26.0,36.0,148317.0,816954.0,24365.0,8431.0,301261.0,998069.0,1299331.0,6.0,13.0,5.0,0.0,15.0,24.0,39.0,94247.0,644894.0,51008.0,0.0,942436.0,790150.0,1732586.0,15.0,29.0,1.0,3.0,18.0,48.0,66.0,806608.0,2129576.0,8274.0,13581.0,1155379.0,2958040.0,4113419.0
2024-03-18,7.0,10.0,2.0,1.0,20.0,20.0,40.0,218537.0,545848.0,14411.0,1987.0,1022390.0,780785.0,1803175.0,3.0,7.0,6.0,1.0,5.0,17.0,22.0,29554.0,150574.0,45015.0,3558.0,270114.0,228703.0,498818.0,21.0,44.0,10.0,1.0,18.0,76.0,94.0,1351553.0,2565597.0,69573.0,1604.0,1469382.0,3988328.0,5457711.0
2024-03-19,6.0,11.0,7.0,1.0,13.0,25.0,38.0,186717.0,448009.0,64117.0,0.0,240555.0,698844.0,939400.0,3.0,12.0,6.0,0.0,13.0,21.0,34.0,37926.0,633717.0,29456.0,0.0,855860.0,701100.0,1556961.0,6.0,31.0,4.0,1.0,24.0,42.0,66.0,382742.0,1845320.0,19117.0,7143.0,1317863.0,2254323.0,3572187.0
2024-03-20,8.0,8.0,1.0,0.0,19.0,17.0,36.0,158157.0,326160.0,7060.0,0.0,1409673.0,491377.0,1901051.0,1.0,14.0,2.0,0.0,12.0,17.0,29.0,12041.0,643272.0,3376.0,0.0,845008.0,658690.0,1503698.0,11.0,37.0,10.0,2.0,15.0,60.0,75.0,743524.0,2477475.0,72925.0,6948.0,1360475.0,3300874.0,4661349.0
2024-03-21,9.0,13.0,4.0,0.0,13.0,26.0,39.0,257562.0,698713.0,49266.0,0.0,822535.0,1005542.0,1828078.0,3.0,13.0,1.0,0.0,9.0,17.0,26.0,37478.0,750359.0,0.0,0.0,367383.0,787838.0,1155221.0,18.0,42.0,4.0,3.0,17.0,67.0,84.0,967241.0,3090081.0,47791.0,20534.0,736012.0,4125648.0,4861661.0
2024-03-22,8.0,9.0,4.0,1.0,12.0,22.0,34.0,236409.0,368460.0,14058.0,3455.0,221181.0,622383.0,843564.0,7.0,12.0,8.0,0.0,13.0,27.0,40.0,72116.0,816564.0,98751.0,0.0,556202.0,987433.0,1543635.0,14.0,44.0,8.0,0.0,14.0,66.0,80.0,826576.0,3598888.0,83353.0,0.0,784729.0,4508818.0,5293547.0
2024-03-23,8.0,16.0,7.0,1.0,13.0,32.0,45.0,114365.0,644430.0,55302.0,4660.0,635381.0,818759.0,1454141.0,4.0,14.0,3.0,1.0,10.0,22.0,32.0,79338.0,628776.0,36953.0,0.0,436092.0,745068.0,1181160.0,11.0,31.0,6.0,2.0,17.0,50.0,67.0,520861.0,2026859.0,70850.0,13150.0,1458940.0,2631721.0,4090661.0
2024-03-24,11.0,13.0,6.0,1.0,6.0,31.0,37.0,302990.0,486129.0,24900.0,0.0,239141.0,814020.0,1053161.0,3.0,11.0,4.0,0.0,14.0,18.0,32.0,43879.0,440716.0,53240.0,0.0,1030855.0,537836.0,1568692.0,23.0,42.0,2.0,3.0,18.0,70.0,88.0,1383876.0,3738054.0,15408.0,19592.0,1194094.0,5156931.0,6351026.0
2024-03-25,9.0,14.0,4.0,0.0,19.0,27.0,46.0,227611.0,530416.0,16291.0,0.0,800056.0,774318.0,1574375.0,5.0,9.0,3.0,0.0,12.0,17.0,29.0,38771.0,302425.0,51178.0,0.0,797337.0,392375.0,1189713.0,17.0,35.0,5.0,3.0,17.0,60.0,77.0,979026.0,2606731.0,19189.0,10808.0,1249723.0,3615756.0,4865480.0
2024-03-26,10.0,12.0,2.0,0.0,14.0,24.0,38.0,263352.0,820682.0,16406.0,0.0,887571.0,1100441.0,1988012.0,7.0,13.0,6.0,1.0,19.0,27.0,46.0,107795.0,603957.0,13787.0,4689.0,661997.0,730230.0,1392228.0,19.0,42.0,4.0,5.0,21.0,70.0,91.0,1307348.0,2732594.0,29300.0,29713.0,1361419.0,4098957.0,5460376.0
2024-03-27,14.0,7.0,8.0,0.0,15.0,29.0,44.0,292153.0,311350.0,24730.0,0.0,682011.0,628235.0,1310246.0,3.0,12.0,3.0,1.0,16.0,19.0,35.0,45134.0,605711.0,17321.0,0.0,672393.0,668167.0,1340561.0,14.0,31.0,2.0,6.0,15.0,53.0,68.0,745216.0,1387626.0,376.0,31286.0,903994.0,2164505.0,3068499.0
2024-03-28,7.0,12.0,1.0,0.0,11.0,20.0,31.0,209445.0,482328.0,904.0,0.0,503587.0,692679.0,1196267.0,6.0,12.0,3.0,0.0,12.0,21.0,33.0,66594.0,623552.0,16932.0,0.0,485527.0,707080.0,1192607.0,18.0,45.0,2.0,5.0,15.0,70.0,85.0,1193927.0,2806035.0,9433.0,18230.0,733681.0,4027626.0,4761308.0
2024-03-29,5.0,12.0,5.0,1.0,10.0,23.0,33.0,148267.0,659139.0,31392.0,3218.0,250320.0,842018.0,1092339.0,4.0,8.0,5.0,1.0,14.0,18.0,32.0,107262.0,378219.0,40275.0,0.0,798391.0,525757.0,1324148.0,19.0,31.0,5.0,1.0,18.0,56.0,74.0,1325125.0,1818509.0,81591.0,0.0,1138792.0,3225226.0,4364018.0
2024-03-30,11.0,11.0,3.0,1.0,15.0,26.0,41.0,123136.0,488439.0,14390.0,4689.0,613477.0,630656.0,1244134.0,5.0,8.0,0.0,1.0,11.0,14.0,25.0,82339.0,323191.0,0.0,2784.0,857445.0,408315.0,1265761.0,16.0,46.0,4.0,2.0,21.0,68.0,89.0,1198421.0,3537694.0,54642.0,15651.0,2065639.0,4806409.0,6872049.0
2024-03-31,4.0,15.0,3.0,1.0,11.0,23.0,34.0,91826.0,719737.0,37131.0,3902.0,464902.0,852598.0,1317501.0,6.0,13.0,5.0,0.0,13.0,24.0,37.0,89464.0,826858.0,14295.0,0.0,640324.0,930619.0,1570943.0,20.0,44.0,4.0,4.0,23.0,72.0,95.0,1057000.0,3721095.0,52771.0,11339.0,1179677.0,4842206.0,6021884.0
2024-04-01,11.0,13.0,2.0,0.0,17.0,26.0,43.0,243945.0,720619.0,7364.0,0.0,848059.0,971930.0,1819989.0,8.0,9.0,2.0,0.0,15.0,19.0,34.0,92257.0,318532.0,10379.0,0.0,487277.0,421169.0,908447.0,16.0,30.0,5.0,4.0,15.0,55.0,70.0,809570.0,1912894.0,18324.0,11602.0,1212604.0,2752393.0,3964997.0
2024-04-02,9.0,15.0,2.0,2.0,21.0,28.0,49.0,154414.0,832203.0,746.0,0.0,1051763.0,987364.0,2039128.0,4.0,10.0,1.0,3.0,10.0,18.0,28.0,43308.0,453403.0,2310.0,8228.0,543969.0,507251.0,1051220.0,18.0,38.0,5.0,3.0,19.0,64.0,83.0,1023144.0,2831034.0,27906.0,14640.0,619524.0,3896726.0,4516250.0
2024-04-03,9.0,7.0,9.0,0.0,12.0,25.0,37.0,120659.0,411114.0,25659.0,0.0,446972.0,557433.0,1004406.0,3.0,9.0,1.0,0.0,10.0,13.0,23.0,40667.0,572878.0,1975.0,0.0,414800.0,615521.0,1030321.0,19.0,44.0,9.0,4.0,10.0,76.0,86.0,1274724.0,2536297.0,87756.0,20558.0,511647.0,3919337.0,4430984.0
2024-04-04,17.0,10.0,4.0,0.0,13.0,31.0,44.0,396448.0,319258.0,21468.0,0.0,438191.0,737175.0,1175366.0,5.0,9.0,6.0,1.0,10.0,21.0,31.0,81530.0,313488.0,23332.0,0.0,286659.0,418350.0,705010.0,21.0,48.0,4.0,2.0,18.0,75.0,93.0,1277370.0,2738994.0,35395.0,14955.0,1315653.0,4066715.0,5382369.0
2024-04-05,6.0,8.0,8.0,2.0,13.0,24.0,37.0,176348.0,134796.0,19004.0,1218.0,654375.0,331368.0,985743.0,7.0,15.0,1.0,0.0,7.0,23.0,30.0,102814.0,698087.0,0.0,0.0,650171.0,800901.0,1451072.0,15.0,38.0,2.0,3.0,17.0,58.0,75.0,1038812.0,2627100.0,39556.0,17358.0,1352246.0,3722827.0,5075074.0
2024-04-06,7.0,14.0,5.0,0.0,12.0,26.0,38.0,222027.0,851802.0,20395.0,0.0,432455.0,1094225.0,1526681.0,6.0,16.0,2.0,0.0,9.0,24.0,33.0,52756.0,706711.0,13374.0,0.0,362696.0,772842.0,1135539.0,18.0,31.0,3.0,2.0,16.0,54.0,70.0,1051867.0,1649294.0,21462.0,6770.0,1167846.0,2729396.0,3897243.0
2024-04-07,10.0,12.0,5.0,0.0,14.0,27.0,41.0,257687.0,602493.0,30270.0,0.0,814364.0,890452.0,1704816.0,4.0,7.0,3.0,0.0,13.0,14.0,27.0,70297.0,276624.0,3729.0,0.0,567631.0,350651.0,918282.0,14.0,26.0,6.0,4.0,16.0,50.0,66.0,830815.0,1265147.0,62474.0,12638.0,794706.0,2171075.0,2965782.0
2024-04-08,4.0,23.0,3.0,1.0,15.0,31.0,46.0,75131.0,890586.0,471.0,3583.0,447064.0,969772.0,1416837.0,1.0,14.0,3.0,0.0,9.0,18.0,27.0,4826.0,661064.0,4736.0,0.0,458495.0,670627.0,1129123.0,15.0,30.0,0.0,4.0,15.0,49.0,64.0,1093961.0,1707935.0,0.0,22699.0,1449866.0,2824595.0,4274462.0
2024-04-09,8.0,9.0,4.0,0.0,12.0,21.0,33.0,158326.0,324581.0,26687.0,0.0,493241.0,509595.0,1002837.0,8.0,10.0,3.0,1.0,16.0,22.0,38.0,102578.0,489926.0,1342.0,0.0,576687.0,593847.0,1170534.0,15.0,55.0,2.0,2.0,35.0,74.0,109.0,726188.0,3277476.0,19052.0,7657.0,2077666.0,4030375.0,6108042.0
2024-04-10,3.0,10.0,5.0,0.0,15.0,18.0,33.0,27042.0,317819.0,42552.0,0.0,708837.0,387415.0,1096252.0,3.0,5.0,7.0,1.0,18.0,16.0,34.0,7415.0,136021.0,64001.0,1739.0,561172.0,209179.0,770351.0,19.0,34.0,1.0,0.0,18.0,54.0,72.0,1455455.0,3192720.0,3821.0,0.0,1338216.0,4651998.0,5990214.0
2024-04-11,10.0,18.0,5.0,0.0,16.0,33.0,49.0,227113.0,725649.0,18412.0,0.0,543674.0,971175.0,1514849.0,3.0,14.0,6.0,1.0,16.0,24.0,40.0,20806.0,681054.0,52809.0,0.0,910511.0,754671.0,1665182.0,12.0,37.0,1.0,1.0,16.0,51.0,67.0,829704.0,3047217.0,6805.0,7137.0,1271519.0,3890864.0,5162384.0
2024-04-12,10.0,13.0,2.0,1.0,15.0,26.0,41.0,281541.0,760283.0,39629.0,0.0,874161.0,1081454.0,1955616.0,7.0,11.0,3.0,0.0,10.0,21.0,31.0,113877.0,457986.0,4672.0,0.0,369984.0,576536.0,946520.0,20.0,42.0,6.0,2.0,17.0,70.0,87.0,932153.0,1985909.0,82586.0,6722.0,1006288.0,3007373.0,4013661.0
2024-04-13,9.0,12.0,5.0,0.0,12.0,26.0,38.0,83166.0,554518.0,14061.0,0.0,461324.0,651746.0,1113071.0,3.0,11.0,5.0,0.0,13.0,19.0,32.0,26309.0,589549.0,47709.0,0.0,674030.0,663568.0,1337598.0,19.0,41.0,3.0,2.0,17.0,65.0,82.0,1316128.0,2711357.0,8172.0,8996.0,818933.0,4044654.0,4863588.0
2024-04-14,4.0,11.0,6.0,0.0,12.0,21.0,33.0,137006.0,440669.0,9059.0,0.0,517511.0,586735.0,1104247.0,4.0,13.0,2.0,1.0,10.0,20.0,30.0,53660.0,281655.0,9278.0,4475.0,838304.0,349070.0,1187374.0,25.0,50.0,3.0,5.0,19.0,83.0,102.0,1777156.0,3701241.0,22629.0,26693.0,1062546.0,5527720.0,6590266.0
2024-04-15,11.0,10.0,3.0,0.0,19.0,24.0,43.0,260244.0,624150.0,20030.0,0.0,864684.0,904425.0,1769110.0,2.0,11.0,1.0,0.0,14.0,14.0,28.0,42722.0,520921.0,0.0,0.0,157812.0,563644.0,721456.0,17.0,62.0,4.0,9.0,31.0,92.0,123.0,841285.0,4979909.0,49508.0,47130.0,2048479.0,5917832.0,7966311.0
2024-04-16,11.0,15.0,3.0,3.0,14.0,32.0,46.0,207296.0,419818.0,866.0,15053.0,551368.0,643034.0,1194402.0,6.0,17.0,9.0,0.0,9.0,32.0,41.0,49600.0,605391.0,69700.0,0.0,285248.0,724692.0,1009941.0,24.0,55.0,11.0,6.0,29.0,96.0,125.0,1312902.0,4357970.0,96157.0,32172.0,2221201.0,5799203.0,8020405.0
2024-04-17,7.0,17.0,2.0,0.0,16.0,26.0,42.0,129326.0,739023.0,2841.0,0.0,1106016.0,871191.0,1977207.0,5.0,10.0,2.0,1.0,13.0,18.0,31.0,49023.0,678720.0,3966.0,1739.0,738347.0,733449.0,1471796.0,11.0,43.0,4.0,4.0,15.0,62.0,77.0,625476.0,2827091.0,11757.0,20837.0,1176835.0,3485162.0,4661998.0
2024-04-18,9.0,11.0,2.0,1.0,13.0,23.0,36.0,95484.0,629506.0,1242.0,7212.0,618219.0,733446.0,1351666.0,6.0,14.0,5.0,0.0,15.0,25.0,40.0,103244.0,450452.0,41608.0,0.0,476214.0,595305.0,1071519.0,21.0,49.0,4.0,1.0,27.0,75.0,102.0,1496393.0,4012052.0,36963.0,6492.0,1957241.0,5551901.0,7509143.0
2024-04-19,7.0,17.0,7.0,4.0,11.0,35.0,46.0,242173.0,501839.0,24439.0,6412.0,381449.0,774865.0,1156314.0,9.0,7.0,3.0,0.0,8.0,19.0,27.0,134450.0,207577.0,15323.0,0.0,862797.0,357352.0,1220150.0,28.0,55.0,2.0,3.0,19.0,88.0,107.0,1658448.0,4092445.0,34846.0,15521.0,1579811.0,5801262.0,7381073.0
2024-04-20,7.0,18.0,4.0,0.0,7.0,29.0,36.0,179508.0,1010094.0,26187.0,0.0,403691.0,1215790.0,1619481.0,4.0,9.0,2.0,0.0,12.0,15.0,27.0,31741.0,164242.0,9988.0,0.0,594686.0,205973.0,800659.0,18.0,49.0,6.0,4.0,20.0,77.0,97.0,1221257.0,3449061.0,69375.0,23007.0,1355938.0,4762701.0,6118639.0
2024-04-21,10.0,21.0,5.0,0.0,23.0,36.0,59.0,131812.0,737490.0,19901.0,0.0,986396.0,889204.0,1875601.0,5.0,15.0,3.0,0.0,11.0,23.0,34.0,79098.0,698254.0,21259.0,0.0,1094406.0,798612.0,1893018.0,23.0,35.0,4.0,4.0,21.0,66.0,87.0,1420011.0,2409558.0,49352.0,19124.0,1273743.0,3898046.0,5171789.0
2024-04-22,12.0,18.0,2.0,0.0,20.0,32.0,52.0,187380.0,635219.0,20184.0,0.0,768502.0,842784.0,1611287.0,5.0,11.0,2.0,1.0,10.0,19.0,29.0,77251.0,528482.0,8925.0,0.0,748170.0,614659.0,1362829.0,23.0,39.0,4.0,5.0,19.0,71.0,90.0,1295785.0,2672591.0,16539.0,11521.0,847838.0,3996437.0,4844275.0
2024-04-23,9.0,11.0,8.0,0.0,14.0,28.0,42.0,150069.0,442812.0,30121.0,0.0,423485.0,623002.0,1046488.0,1.0,9.0,1.0,0.0,7.0,11.0,18.0,18126.0,483865.0,0.0,0.0,223216.0,501992.0,725209.0,17.0,40.0,8.0,3.0,25.0,68.0,93.0,984757.0,2194679.0,46677.0,7004.0,2112995.0,3233118.0,5346114.0
2024-04-24,5.0,14.0,3.0,2.0,9.0,24.0,33.0,46577.0,500427.0,4554.0,3902.0,612766.0,555462.0,1168228.0,3.0,13.0,6.0,1.0,9.0,23.0,32.0,60350.0,472201.0,19511.0,1937.0,337416.0,554001.0,891418.0,16.0,48.0,5.0,4.0,16.0,73.0,89.0,956004.0,2745172.0,15421.0,10954.0,1200919.0,3727552.0,4928471.0
2024-04-25,3.0,9.0,4.0,1.0,14.0,17.0,31.0,155048.0,141345.0,21248.0,0.0,623553.0,317642.0,941196.0,9.0,13.0,4.0,0.0,14.0,26.0,40.0,110320.0,622868.0,45073.0,0.0,993166.0,778262.0,1771428.0,15.0,28.0,2.0,2.0,16.0,47.0,63.0,1101331.0,1329796.0,34723.0,14323.0,947234.0,2480175.0,3427410.0
2024-04-26,16.0,16.0,2.0,0.0,15.0,34.0,49.0,229454.0,528918.0,15220.0,0.0,702586.0,773593.0,1476179.0,4.0,14.0,8.0,0.0,21.0,26.0,47.0,67018.0,700725.0,77993.0,0.0,1136240.0,845737.0,1981977.0,22.0,54.0,3.0,7.0,15.0,86.0,101.0,1686622.0,2865844.0,37893.0,35456.0,836746.0,4625815.0,5462562.0
2024-04-27,5.0,8.0,2.0,0.0,16.0,15.0,31.0,81551.0,225846.0,7050.0,0.0,810608.0,314447.0,1125056.0,6.0,15.0,2.0,1.0,16.0,24.0,40.0,99062.0,617952.0,2466.0,0.0,1137542.0,719480.0,1857023.0,18.0,39.0,5.0,7.0,12.0,69.0,81.0,1036379.0,2074722.0,26060.0,33686.0,1155252.0,3170848.0,4326101.0
2024-04-28,13.0,10.0,2.0,0.0,12.0,25.0,37.0,260067.0,230644.0,19893.0,0.0,758830.0,510606.0,1269437.0,5.0,10.0,3.0,0.0,12.0,18.0,30.0,90882.0,219044.0,19007.0,0.0,370111.0,328934.0,699045.0,27.0,48.0,3.0,5.0,21.0,83.0,104.0,1717446.0,3028872.0,40988.0,23998.0,1364972.0,4811305.0,6176277.0
2024-04-29,11.0,8.0,5.0,1.0,10.0,25.0,35.0,339096.0,301728.0,12149.0,5645.0,456196.0,658620.0,1114816.0,9.0,10.0,2.0,0.0,4.0,21.0,25.0,143421.0,578812.0,3201.0,0.0,115856.0,725435.0,841292.0,9.0,48.0,4.0,1.0,17.0,62.0,79.0,511685.0,3145536.0,9521.0,8806.0,511475.0,3675549.0,4187024.0
2024-04-30,9.0,9.0,4.0,0.0,18.0,22.0,40.0,116389.0,347937.0,62912.0,0.0,936284.0,527239.0,1463524.0,8.0,9.0,1.0,0.0,17.0,18.0,35.0,108705.0,355163.0,1293.0,0.0,784194.0,465162.0,1249357.0,10.0,39.0,5.0,1.0,18.0,55.0,73.0,810136.0,2497194.0,69365.0,3948.0,1628976.0,3380645.0,5009622.0
2024-05-01,8.0,6.0,5.0,1.0,14.0,20.0,34.0,220856.0,420153.0,44472.0,5645.0,836527.0,691128.0,1527655.0,3.0,9.0,6.0,1.0,16.0,19.0,35.0,27405.0,496133.0,38016.0,0.0,671049.0,561556.0,1232605.0,21.0,40.0,10.0,6.0,24.0,77.0,101.0,1370674.0,3324544.0,55692.0,36550.0,1143020.0,4787463.0,5930483.0
2024-05-02,8.0,16.0,2.0,0.0,10.0,26.0,36.0,160968.0,744450.0,7406.0,0.0,387408.0,912825.0,1300234.0,6.0,9.0,5.0,0.0,18.0,20.0,38.0,93701.0,382142.0,47330.0,0.0,1035081.0,523175.0,1558256.0,16.0,45.0,5.0,2.0,19.0,68.0,87.0,1002100.0,2818282.0,50835.0,9619.0,870523.0,3880838.0,4751361.0
2024-05-03,10.0,7.0,5.0,0.0,13.0,22.0,35.0,234985.0,396967.0,19160.0,0.0,386943.0,651112.0,1038056.0,3.0,7.0,4.0,0.0,14.0,14.0,28.0,37599.0,172780.0,15386.0,0.0,121991.0,225766.0,347758.0,13.0,39.0,6.0,3.0,19.0,61.0,80.0,708133.0,2721127.0,77979.0,12052.0,866290.0,3519293.0,4385583.0
2024-05-04,8.0,16.0,7.0,0.0,13.0,31.0,44.0,223346.0,691583.0,39774.0,0.0,626237.0,954705.0,1580942.0,4.0,13.0,3.0,0.0,13.0,20.0,33.0,64239.0,331780.0,44667.0,0.0,677504.0,440687.0,1118192.0,30.0,38.0,2.0,3.0,19.0,73.0,92.0,2076999.0,2183699.0,50727.0,0.0,985716.0,4311426.0,5297142.0
2024-05-05,8.0,11.0,3.0,1.0,7.0,23.0,30.0,102480.0,538002.0,9417.0,0.0,312764.0,649900.0,962665.0,4.0,9.0,6.0,0.0,10.0,19.0,29.0,53301.0,341466.0,54714.0,0.0,401719.0,449482.0,851201.0,21.0,56.0,3.0,0.0,23.0,80.0,103.0,1300794.0,3235971.0,16189.0,0.0,1422162.0,4552955.0,5975117.0
2024-05-06,7.0,10.0,6.0,0.0,12.0,23.0,35.0,78542.0,508581.0,20133.0,0.0,489396.0,607257.0,1096654.0,5.0,13.0,6.0,0.0,8.0,24.0,32.0,60563.0,863296.0,10862.0,0.0,665186.0,934723.0,1599909.0,18.0,44.0,1.0,3.0,22.0,66.0,88.0,1052863.0,2959926.0,1383.0,16987.0,1139064.0,4031162.0,5170227.0
2024-05-07,8.0,5.0,6.0,0.0,23.0,19.0,42.0,173591.0,149438.0,30587.0,0.0,912438.0,353617.0,1266055.0,1.0,10.0,5.0,0.0,11.0,16.0,27.0,20724.0,541111.0,24468.0,0.0,602709.0,586305.0,1189014.0,23.0,43.0,6.0,1.0,19.0,73.0,92.0,1333000.0,2286370.0,33217.0,4461.0,1268815.0,3657050.0,4925865.0
2024-05-08,9.0,12.0,4.0,2.0,17.0,27.0,44.0,250515.0,338350.0,56679.0,6228.0,815744.0,651773.0,1467517.0,5.0,13.0,3.0,2.0,12.0,23.0,35.0,51873.0,614141.0,33509.0,0.0,844948.0,699524.0,1544472.0,13.0,54.0,3.0,2.0,22.0,72.0,94.0,724987.0,4777970.0,13821.0,6240.0,1015024.0,5523019.0,6538044.0
2024-05-09,9.0,15.0,5.0,1.0,19.0,30.0,49.0,250887.0,374959.0,26045.0,442.0,577455.0,652335.0,1229791.0,6.0,15.0,2.0,1.0,12.0,24.0,36.0,86777.0,607395.0,8338.0,4289.0,837727.0,706800.0,1544528.0,16.0,47.0,5.0,0.0,27.0,68.0,95.0,1113288.0,2507233.0,68818.0,0.0,1946817.0,3689341.0,5636158.0
2024-05-10,9.0,10.0,6.0,1.0,20.0,26.0,46.0,152241.0,545993.0,34235.0,2743.0,937240.0,735215.0,1672455.0,6.0,9.0,5.0,0.0,10.0,20.0,30.0,69361.0,436848.0,59475.0,0.0,182774.0,565685.0,748460.0,15.0,33.0,1.0,3.0,21.0,52.0,73.0,778247.0,2017513.0,11088.0,8247.0,1489548.0,2815097.0,4304645.0
2024-05-11,8.0,13.0,4.0,0.0,16.0,25.0,41.0,107177.0,446228.0,6595.0,0.0,789083.0,560001.0,1349085.0,5.0,10.0,4.0,0.0,11.0,19.0,30.0,59667.0,339104.0,22986.0,0.0,770358.0,421758.0,1192116.0,23.0,36.0,5.0,5.0,24.0,69.0,93.0,1614176.0,2813954.0,9259.0,29290.0,1294685.0,4466681.0,5761366.0
2024-05-12,7.0,15.0,3.0,0.0,17.0,25.0,42.0,111131.0,579577.0,16540.0,0.0,709585.0,707249.0,1416834.0,4.0,6.0,7.0,0.0,18.0,17.0,35.0,63162.0,201361.0,77816.0,0.0,999644.0,342340.0,1341985.0,21.0,51.0,3.0,4.0,15.0,79.0,94.0,1481409.0,3886588.0,47641.0,10106.0,479393.0,5425746.0,5905140.0
2024-05-13,8.0,24.0,8.0,2.0,17.0,42.0,59.0,195760.0,1202918.0,32863.0,3828.0,524365.0,1435370.0,1959736.0,6.0,8.0,5.0,0.0,6.0,19.0,25.0,85985.0,415179.0,45464.0,0.0,307597.0,546628.0,854226.0,20.0,39.0,4.0,2.0,14.0,65.0,79.0,1130581.0,2416702.0,74607.0,6754.0,1144578.0,3628645.0,4773224.0
2024-05-14,10.0,8.0,4.0,1.0,13.0,23.0,36.0,129324.0,415616.0,15178.0,4092.0,745882.0,564211.0,1310093.0,4.0,5.0,5.0,1.0,12.0,15.0,27.0,55499.0,202169.0,12401.0,0.0,711070.0,270069.0,981139.0,18.0,63.0,9.0,4.0,21.0,94.0,115.0,1222021.0,4284036.0,120687.0,30936.0,980242.0,5657681.0,6637924.0
2024-05-15,8.0,11.0,4.0,1.0,14.0,24.0,38.0,231810.0,339659.0,10386.0,0.0,634180.0,581857.0,1216037.0,10.0,9.0,0.0,0.0,10.0,19.0,29.0,175634.0,356115.0,0.0,0.0,546604.0,531750.0,1078354.0,12.0,38.0,5.0,3.0,20.0,58.0,78.0,601258.0,2437039.0,31229.0,17624.0,1421320.0,3087152.0,4508473.0
2024-05-16,6.0,11.0,8.0,0.0,19.0,25.0,44.0,80001.0,242452.0,19560.0,0.0,1156607.0,342014.0,1498621.0,4.0,12.0,1.0,0.0,19.0,17.0,36.0,37449.0,486078.0,8372.0,0.0,1164591.0,531900.0,1696492.0,23.0,47.0,7.0,5.0,25.0,82.0,107.0,1741945.0,3320414.0,85302.0,31650.0,1270895.0,5179312.0,6450208.0
2024-05-17,12.0,10.0,5.0,0.0,18.0,27.0,45.0,229745.0,533428.0,30614.0,0.0,537837.0,793787.0,1331625.0,4.0,18.0,4.0,2.0,7.0,28.0,35.0,61658.0,879462.0,12214.0,6258.0,19468.0,959594.0,979062.0,17.0,41.0,3.0,2.0,14.0,63.0,77.0,909313.0,1835131.0,13449.0,12179.0,757465.0,2770073.0,3527539.0
2024-05-18,7.0,7.0,5.0,0.0,12.0,19.0,31.0,189693.0,279252.0,6615.0,0.0,721105.0,475561.0,1196667.0,2.0,14.0,7.0,0.0,13.0,23.0,36.0,13503.0,592272.0,27057.0,0.0,804762.0,632833.0,1437596.0,19.0,49.0,3.0,4.0,20.0,75.0,95.0,1021363.0,3836499.0,11817.0,13528.0,500183.0,4883209.0,5383393.0
2024-05-19,8.0,9.0,3.0,0.0,16.0,20.0,36.0,116514.0,276632.0,6292.0,0.0,855287.0,399440.0,1254728.0,4.0,7.0,5.0,0.0,15.0,16.0,31.0,48090.0,337057.0,33916.0,0.0,665888.0,419064.0,1084952.0,25.0,43.0,3.0,5.0,27.0,76.0,103.0,1555683.0,3295338.0,16619.0,23435.0,1090206.0,4891076.0,5981283.0
2024-05-20,10.0,14.0,3.0,1.0,17.0,28.0,45.0,239999.0,535196.0,2702.0,5064.0,834705.0,782963.0,1617668.0,4.0,11.0,3.0,0.0,17.0,18.0,35.0,86095.0,302347.0,8818.0,0.0,1134877.0,397260.0,1532138.0,13.0,44.0,3.0,6.0,28.0,66.0,94.0,821970.0,2885646.0,9029.0,33845.0,2060451.0,3750491.0,5810943.0
2024-05-21,8.0,9.0,5.0,2.0,19.0,24.0,43.0,128937.0,428129.0,15907.0,4302.0,866477.0,577277.0,1443755.0,7.0,13.0,6.0,0.0,15.0,26.0,41.0,108945.0,463528.0,32290.0,0.0,633935.0,604764.0,1238699.0,12.0,44.0,3.0,1.0,21.0,60.0,81.0,887508.0,2002731.0,25255.0,7299.0,1663159.0,2922795.0,4585955.0
2024-05-22,9.0,12.0,6.0,0.0,16.0,27.0,43.0,193670.0,285818.0,14412.0,0.0,690193.0,493901.0,1184094.0,5.0,12.0,4.0,1.0,9.0,22.0,31.0,59421.0,664398.0,5850.0,1229.0,374338.0,730900.0,1105238.0,20.0,46.0,2.0,2.0,17.0,70.0,87.0,1253637.0,3114359.0,21489.0,9727.0,821280.0,4399213.0,5220494.0
2024-05-23,9.0,18.0,6.0,2.0,19.0,35.0,54.0,112492.0,764405.0,36799.0,5177.0,761747.0,918875.0,1680622.0,5.0,11.0,4.0,1.0,12.0,21.0,33.0,110513.0,287000.0,18061.0,0.0,795892.0,415576.0,1211468.0,25.0,40.0,5.0,7.0,23.0,77.0,100.0,1484200.0,2603338.0,44572.0,20515.0,1156281.0,4152626.0,5308908.0
2024-05-24,10.0,16.0,2.0,0.0,15.0,28.0,43.0,307551.0,894685.0,6475.0,0.0,461888.0,1208713.0,1670601.0,4.0,10.0,9.0,0.0,10.0,23.0,33.0,26268.0,544360.0,35943.0,0.0,518775.0,606573.0,1125349.0,17.0,35.0,5.0,5.0,18.0,62.0,80.0,963644.0,2278028.0,26099.0,27793.0,1210876.0,3295566.0,4506443.0
2024-05-25,7.0,8.0,5.0,0.0,15.0,20.0,35.0,53268.0,344490.0,28835.0,0.0,236319.0,426594.0,662914.0,6.0,9.0,2.0,1.0,7.0,18.0,25.0,52639.0,345059.0,1325.0,0.0,530617.0,399024.0,929641.0,26.0,48.0,5.0,3.0,18.0,82.0,100.0,1319745.0,2748768.0,60829.0,14026.0,1422904.0,4143371.0,5566276.0
2024-05-26,9.0,14.0,5.0,0.0,16.0,28.0,44.0,165025.0,710190.0,42309.0,0.0,565221.0,917525.0,1482746.0,2.0,7.0,6.0,0.0,13.0,15.0,28.0,29033.0,213235.0,32664.0,0.0,492797.0,274933.0,767731.0,13.0,51.0,5.0,3.0,20.0,72.0,92.0,823660.0,3350449.0,83000.0,12833.0,1388641.0,4269944.0,5658585.0
2024-05-27,9.0,16.0,3.0,0.0,7.0,28.0,35.0,203435.0,658730.0,7650.0,0.0,199935.0,869815.0,1069751.0,1.0,11.0,4.0,0.0,9.0,16.0,25.0,4903.0,536723.0,15746.0,0.0,592438.0,557373.0,1149811.0,11.0,50.0,3.0,3.0,22.0,67.0,89.0,776851.0,3754482.0,69800.0,13166.0,1779802.0,4614300.0,6394103.0
2024-05-28,9.0,16.0,4.0,0.0,8.0,29.0,37.0,329413.0,546788.0,10705.0,0.0,291264.0,886907.0,1178172.0,6.0,14.0,6.0,0.0,9.0,26.0,35.0,78432.0,873211.0,23009.0,0.0,424126.0,974652.0,1398779.0,22.0,41.0,6.0,1.0,15.0,70.0,85.0,1353874.0,3137894.0,52203.0,3808.0,372628.0,4547780.0,4920409.0
2024-05-29,9.0,10.0,2.0,1.0,16.0,22.0,38.0,249434.0,445806.0,5162.0,1528.0,673875.0,701932.0,1375808.0,7.0,14.0,7.0,2.0,9.0,30.0,39.0,156035.0,492582.0,6495.0,5482.0,415441.0,660595.0,1076037.0,28.0,37.0,5.0,7.0,18.0,77.0,95.0,1609676.0,2438092.0,8239.0,24272.0,1133613.0,4080281.0,5213894.0
2024-05-30,13.0,9.0,5.0,0.0,14.0,27.0,41.0,225222.0,425945.0,14822.0,0.0,739841.0,665990.0,1405831.0,6.0,8.0,6.0,0.0,11.0,20.0,31.0,56459.0,397929.0,23672.0,0.0,711516.0,478061.0,1189577.0,25.0,40.0,5.0,3.0,22.0,73.0,95.0,1786313.0,3309305.0,25937.0,15940.0,1242713.0,5137497.0,6380210.0
2024-05-31,9.0,8.0,2.0,0.0,17.0,19.0,36.0,209865.0,290503.0,8751.0,0.0,801391.0,509121.0,1310512.0,7.0,11.0,5.0,0.0,3.0,23.0,26.0,64718.0,637544.0,8215.0,0.0,0.0,710479.0,710479.0,20.0,40.0,1.0,2.0,21.0,63.0,84.0,1489249.0,3041592.0,6193.0,18509.0,1275826.0,4555545.0,5831371.0
2024-06-01,8.0,13.0,6.0,1.0,16.0,28.0,44.0,104665.0,580883.0,17114.0,2730.0,779139.0,705392.0,1484532.0,6.0,8.0,1.0,0.0,14.0,15.0,29.0,110938.0,427385.0,16942.0,0.0,608203.0,555267.0,1163470.0,7.0,51.0,0.0,0.0,22.0,58.0,80.0,708762.0,2452735.0,0.0,0.0,1312799.0,3161497.0,4474297.0
2024-06-02,11.0,14.0,6.0,1.0,15.0,32.0,47.0,322528.0,729482.0,19819.0,0.0,957232.0,1071831.0,2029063.0,4.0,12.0,6.0,0.0,6.0,22.0,28.0,62163.0,342561.0,39032.0,0.0,402464.0,443758.0,846223.0,7.0,38.0,1.0,1.0,20.0,47.0,67.0,342493.0,2194921.0,6559.0,8424.0,611757.0,2552398.0,3164156.0
2024-06-03,15.0,11.0,4.0,0.0,9.0,30.0,39.0,239204.0,493625.0,9159.0,0.0,532713.0,741989.0,1274703.0,5.0,7.0,5.0,1.0,9.0,18.0,27.0,76232.0,367980.0,8391.0,0.0,674672.0,452604.0,1127277.0,31.0,40.0,8.0,1.0,31.0,80.0,111.0,1861586.0,3575854.0,63558.0,6508.0,1862138.0,5507506.0,7369645.0
2024-06-04,9.0,11.0,4.0,0.0,16.0,24.0,40.0,179696.0,405642.0,6975.0,0.0,878441.0,592314.0,1470755.0,5.0,5.0,6.0,0.0,10.0,16.0,26.0,72528.0,208431.0,14160.0,0.0,735355.0,295120.0,1030476.0,21.0,50.0,7.0,6.0,24.0,84.0,108.0,1304185.0,3855332.0,47167.0,34161.0,1251401.0,5240846.0,6492247.0
2024-06-05,8.0,10.0,5.0,0.0,16.0,23.0,39.0,135749.0,359389.0,12027.0,0.0,664174.0,507166.0,1171340.0,3.0,12.0,7.0,2.0,9.0,24.0,33.0,48988.0,624568.0,19359.0,3583.0,359340.0,696500.0,1055841.0,24.0,51.0,11.0,7.0,28.0,93.0,121.0,1642378.0,3795613.0,121187.0,47781.0,1078174.0,5606961.0,6685135.0
2024-06-06,9.0,9.0,8.0,0.0,17.0,26.0,43.0,214872.0,453568.0,87557.0,0.0,751923.0,755999.0,1507922.0,10.0,11.0,9.0,0.0,13.0,30.0,43.0,158041.0,478291.0,35342.0,0.0,1223292.0,671676.0,1894968.0,14.0,50.0,0.0,3.0,20.0,67.0,87.0,786701.0,3702555.0,0.0,26030.0,493545.0,4515288.0,5008833.0
2024-06-07,8.0,10.0,2.0,0.0,17.0,20.0,37.0,193924.0,507966.0,254.0,0.0,742113.0,702146.0,1444259.0,1.0,12.0,9.0,0.0,12.0,22.0,34.0,16310.0,626489.0,29424.0,0.0,782610.0,672224.0,1454834.0,21.0,43.0,6.0,1.0,33.0,71.0,104.0,1313529.0,2575417.0,103522.0,0.0,1940584.0,3992469.0,5933053.0
2024-06-08,8.0,14.0,6.0,0.0,9.0,28.0,37.0,68408.0,641380.0,14488.0,0.0,333286.0,724277.0,1057563.0,6.0,13.0,6.0,0.0,16.0,25.0,41.0,113406.0,444421.0,10835.0,0.0,730659.0,568662.0,1299322.0,16.0,36.0,5.0,3.0,25.0,60.0,85.0,587319.0,2682184.0,97671.0,17864.0,846451.0,3385039.0,4231491.0
2024-06-09,9.0,12.0,4.0,0.0,17.0,25.0,42.0,269711.0,694951.0,17672.0,0.0,806090.0,982335.0,1788426.0,4.0,5.0,3.0,0.0,12.0,12.0,24.0,37231.0,90303.0,8215.0,0.0,684574.0,135749.0,820323.0,23.0,38.0,4.0,1.0,23.0,66.0,89.0,1405468.0,2825928.0,18426.0,0.0,1207543.0,4249824.0,5457368.0
2024-06-10,8.0,9.0,8.0,2.0,17.0,27.0,44.0,117409.0,333422.0,16799.0,8154.0,496093.0,475785.0,971879.0,3.0,11.0,5.0,0.0,13.0,19.0,32.0,35435.0,578020.0,47577.0,0.0,871547.0,661034.0,1532581.0,16.0,49.0,3.0,3.0,13.0,71.0,84.0,847647.0,3485742.0,10492.0,15272.0,1304307.0,4359155.0,5663462.0
2024-06-11,8.0,11.0,6.0,0.0,13.0,25.0,38.0,88021.0,349701.0,31442.0,0.0,267143.0,469164.0,736307.0,7.0,7.0,5.0,0.0,9.0,19.0,28.0,131128.0,414582.0,7324.0,0.0,355505.0,553035.0,908541.0,22.0,45.0,2.0,5.0,29.0,74.0,103.0,1312540.0,3659019.0,28667.0,9719.0,952043.0,5009946.0,5961990.0
2024-06-12,10.0,13.0,2.0,1.0,20.0,26.0,46.0,191920.0,597256.0,14610.0,0.0,670411.0,803787.0,1474198.0,6.0,16.0,2.0,1.0,7.0,25.0,32.0,82258.0,853364.0,11030.0,3706.0,200958.0,950359.0,1151318.0,20.0,40.0,6.0,2.0,21.0,68.0,89.0,1244555.0,3690259.0,57057.0,12385.0,1162276.0,5004257.0,6166534.0
2024-06-13,9.0,10.0,5.0,0.0,16.0,24.0,40.0,232124.0,446832.0,34774.0,0.0,1115462.0,713731.0,1829194.0,8.0,14.0,5.0,0.0,10.0,27.0,37.0,117495.0,492263.0,30573.0,0.0,579002.0,640332.0,1219335.0,29.0,38.0,5.0,5.0,20.0,77.0,97.0,1835855.0,2393341.0,32452.0,22542.0,871119.0,4284190.0,5155310.0
2024-06-14,8.0,18.0,3.0,0.0,13.0,29.0,42.0,186004.0,1003390.0,22755.0,0.0,467796.0,1212150.0,1679947.0,9.0,10.0,5.0,1.0,19.0,25.0,44.0,143879.0,333795.0,5271.0,5482.0,802855.0,488428.0,1291284.0,25.0,63.0,3.0,6.0,29.0,97.0,126.0,1084949.0,5340099.0,72548.0,25848.0,2745867.0,6523446.0,9269314.0
2024-06-15,10.0,10.0,3.0,0.0,15.0,23.0,38.0,152446.0,656452.0,6098.0,0.0,496799.0,814998.0,1311797.0,5.0,10.0,4.0,1.0,9.0,20.0,29.0,125700.0,278217.0,29138.0,0.0,188782.0,433056.0,621838.0,17.0,46.0,4.0,1.0,12.0,68.0,80.0,1041034.0,3583424.0,51416.0,6099.0,172809.0,4681974.0,4854784.0
2024-06-16,7.0,5.0,6.0,0.0,13.0,18.0,31.0,102738.0,126797.0,32208.0,0.0,735980.0,261744.0,997724.0,9.0,7.0,0.0,0.0,11.0,16.0,27.0,82630.0,320384.0,0.0,0.0,768286.0,403014.0,1171301.0,18.0,46.0,8.0,5.0,24.0,77.0,101.0,1157142.0,2188916.0,118228.0,34067.0,1680032.0,3498355.0,5178387.0
2024-06-17,4.0,9.0,3.0,1.0,18.0,17.0,35.0,91159.0,465154.0,18535.0,3706.0,1023918.0,578555.0,1602474.0,3.0,9.0,3.0,0.0,16.0,15.0,31.0,53588.0,349023.0,28929.0,0.0,954839.0,431542.0,1386381.0,21.0,43.0,2.0,4.0,24.0,70.0,94.0,1069150.0,3061300.0,64029.0,20493.0,1791696.0,4214973.0,6006670.0
2024-06-18,8.0,11.0,2.0,0.0,12.0,21.0,33.0,178885.0,337952.0,3491.0,0.0,480533.0,520329.0,1000862.0,4.0,12.0,5.0,0.0,16.0,21.0,37.0,82785.0,487244.0,11554.0,0.0,895455.0,581584.0,1477040.0,25.0,45.0,7.0,2.0,22.0,79.0,101.0,1482702.0,3383583.0,101363.0,5789.0,1169419.0,4973438.0,6142858.0
2024-06-19,12.0,6.0,7.0,0.0,15.0,25.0,40.0,351969.0,317213.0,30743.0,0.0,872829.0,699926.0,1572755.0,4.0,14.0,5.0,0.0,14.0,23.0,37.0,41944.0,704966.0,47762.0,0.0,557312.0,794673.0,1351985.0,24.0,51.0,6.0,3.0,24.0,84.0,108.0,1521627.0,4331384.0,98877.0,15724.0,1010268.0,5967614.0,6977883.0
2024-06-20,6.0,13.0,4.0,2.0,22.0,25.0,47.0,211072.0,650482.0,33535.0,4576.0,676709.0,899667.0,1576377.0,4.0,9.0,2.0,1.0,10.0,16.0,26.0,51034.0,326488.0,10616.0,4475.0,279803.0,392614.0,672417.0,15.0,46.0,4.0,6.0,17.0,71.0,88.0,1009008.0,2413083.0,24039.0,8432.0,1813472.0,3454564.0,5268036.0
2024-06-21,12.0,6.0,3.0,1.0,11.0,22.0,33.0,187177.0,418282.0,6914.0,0.0,757035.0,612373.0,1369408.0,5.0,4.0,6.0,0.0,14.0,15.0,29.0,73626.0,206225.0,18820.0,0.0,622983.0,298672.0,921656.0,16.0,39.0,0.0,3.0,35.0,58.0,93.0,1008304.0,3508645.0,0.0,10667.0,1731507.0,4527617.0,6259124.0
2024-06-22,9.0,12.0,2.0,0.0,14.0,23.0,37.0,270846.0,560064.0,24346.0,0.0,520592.0,855257.0,1375850.0,6.0,9.0,4.0,0.0,14.0,19.0,33.0,71925.0,405102.0,26036.0,0.0,878986.0,503064.0,1382050.0,21.0,48.0,3.0,3.0,22.0,75.0,97.0,1190961.0,2983729.0,8679.0,23088.0,1707615.0,4206459.0,5914074.0
2024-06-23,8.0,8.0,4.0,0.0,15.0,20.0,35.0,101791.0,309228.0,20683.0,0.0,592114.0,431703.0,1023818.0,7.0,9.0,1.0,1.0,12.0,18.0,30.0,110872.0,369811.0,506.0,3384.0,430884.0,484574.0,915459.0,20.0,51.0,3.0,3.0,20.0,77.0,97.0,1270812.0,3699343.0,10090.0,10018.0,1157619.0,4990263.0,6147882.0
2024-06-24,10.0,17.0,3.0,1.0,15.0,31.0,46.0,92212.0,577217.0,23985.0,4921.0,582602.0,698337.0,1280939.0,4.0,10.0,3.0,2.0,10.0,19.0,29.0,28101.0,487473.0,44203.0,0.0,535039.0,559778.0,1094818.0,19.0,42.0,1.0,1.0,23.0,63.0,86.0,788290.0,3217542.0,13346.0,0.0,1686767.0,4019180.0,5705947.0
2024-06-25,10.0,8.0,7.0,2.0,13.0,27.0,40.0,175901.0,217597.0,13586.0,779.0,412856.0,407864.0,820720.0,5.0,7.0,3.0,0.0,10.0,15.0,25.0,88232.0,407888.0,15332.0,0.0,592837.0,511452.0,1104289.0,11.0,33.0,5.0,1.0,15.0,50.0,65.0,638165.0,2578495.0,72469.0,6954.0,978996.0,3296084.0,4275081.0
2024-06-26,6.0,9.0,0.0,0.0,20.0,15.0,35.0,138895.0,409097.0,0.0,0.0,682364.0,547992.0,1230357.0,5.0,10.0,1.0,0.0,11.0,16.0,27.0,66164.0,697387.0,19095.0,0.0,408645.0,782648.0,1191294.0,23.0,49.0,6.0,2.0,20.0,80.0,100.0,1191831.0,3854500.0,57635.0,12944.0,852236.0,5116912.0,5969149.0
2024-06-27,5.0,9.0,6.0,0.0,12.0,20.0,32.0,102404.0,472646.0,23751.0,0.0,458587.0,598802.0,1057390.0,3.0,10.0,3.0,0.0,12.0,16.0,28.0,30843.0,567310.0,13230.0,0.0,446826.0,611383.0,1058209.0,28.0,45.0,5.0,3.0,22.0,81.0,103.0,1735647.0,3008383.0,55506.0,6331.0,1343038.0,4805868.0,6148907.0
2024-06-28,10.0,8.0,4.0,1.0,12.0,23.0,35.0,179032.0,362414.0,9415.0,3384.0,494760.0,554245.0,1049006.0,6.0,7.0,5.0,0.0,10.0,18.0,28.0,68076.0,298199.0,15283.0,0.0,689991.0,381560.0,1071551.0,24.0,49.0,7.0,3.0,24.0,83.0,107.0,1515536.0,3675809.0,42913.0,11898.0,1240274.0,5246158.0,6486432.0
2024-06-29,8.0,13.0,2.0,0.0,16.0,23.0,39.0,109456.0,507396.0,16902.0,0.0,1019137.0,633755.0,1652892.0,6.0,14.0,3.0,0.0,8.0,23.0,31.0,61570.0,450009.0,5570.0,0.0,239486.0,517149.0,756636.0,23.0,47.0,1.0,4.0,21.0,75.0,96.0,1541527.0,3443534.0,2379.0,20007.0,1154506.0,5007449.0,6161955.0
2024-06-30,7.0,10.0,4.0,0.0,10.0,21.0,31.0,121488.0,328912.0,12061.0,0.0,738013.0,462461.0,1200475.0,6.0,9.0,1.0,0.0,11.0,16.0,27.0,104239.0,485232.0,5879.0,0.0,831554.0,595351.0,1426906.0,15.0,48.0,3.0,5.0,15.0,71.0,86.0,692895.0,3623339.0,12715.0,32536.0,868624.0,4361487.0,5230111.0
2024-07-01,13.0,13.0,5.0,1.0,12.0,32.0,44.0,225670.0,762285.0,11095.0,0.0,786007.0,999050.0,1785058.0,3.0,4.0,6.0,0.0,4.0,13.0,17.0,58710.0,271388.0,37588.0,0.0,410220.0,367687.0,777908.0,15.0,42.0,6.0,6.0,18.0,69.0,87.0,984022.0,2516710.0,95579.0,32898.0,1012420.0,3629210.0,4641631.0
2024-07-02,12.0,14.0,5.0,1.0,8.0,32.0,40.0,134288.0,830617.0,13507.0,0.0,385300.0,978412.0,1363713.0,6.0,11.0,7.0,0.0,9.0,24.0,33.0,65853.0,549051.0,37655.0,0.0,280236.0,652560.0,932796.0,29.0,54.0,8.0,7.0,19.0,98.0,117.0,1746255.0,4198037.0,78047.0,29828.0,1087555.0,6052168.0,7139724.0
2024-07-03,4.0,9.0,4.0,0.0,16.0,17.0,33.0,162279.0,654414.0,47564.0,0.0,223309.0,864258.0,1087568.0,7.0,9.0,2.0,0.0,9.0,18.0,27.0,87943.0,304914.0,3151.0,0.0,507018.0,396008.0,903026.0,21.0,44.0,5.0,5.0,27.0,75.0,102.0,1361830.0,4331125.0,36897.0,10519.0,1757114.0,5740372.0,7497487.0
2024-07-04,10.0,13.0,4.0,0.0,12.0,27.0,39.0,324590.0,373263.0,6412.0,0.0,735105.0,704266.0,1439371.0,3.0,11.0,0.0,0.0,15.0,14.0,29.0,39029.0,391324.0,0.0,0.0,621073.0,430353.0,1051427.0,13.0,41.0,2.0,0.0,15.0,56.0,71.0,896016.0,3528956.0,11429.0,0.0,535652.0,4436402.0,4972055.0
2024-07-05,7.0,13.0,2.0,0.0,16.0,22.0,38.0,146865.0,414123.0,22043.0,0.0,946149.0,583033.0,1529182.0,2.0,9.0,2.0,2.0,18.0,15.0,33.0,20013.0,473897.0,15172.0,2800.0,816511.0,511884.0,1328396.0,26.0,38.0,1.0,3.0,10.0,68.0,78.0,1504906.0,3317897.0,2344.0,2156.0,1184016.0,4827305.0,6011322.0
2024-07-06,7.0,16.0,3.0,0.0,13.0,26.0,39.0,333267.0,716520.0,17669.0,0.0,524379.0,1067457.0,1591836.0,6.0,11.0,6.0,0.0,11.0,23.0,34.0,120584.0,669517.0,29554.0,0.0,775043.0,819656.0,1594700.0,16.0,38.0,5.0,1.0,19.0,60.0,79.0,919280.0,3335298.0,33785.0,0.0,1576390.0,4288363.0,5864754.0
2024-07-07,5.0,7.0,5.0,0.0,13.0,17.0,30.0,32533.0,228856.0,52857.0,0.0,593901.0,314246.0,908148.0,8.0,7.0,3.0,2.0,9.0,20.0,29.0,121749.0,486517.0,35530.0,0.0,199457.0,643798.0,843255.0,1.0,27.0,1.0,0.0,9.0,29.0,38.0,32480.0,2227073.0,13849.0,0.0,95402.0,2273403.0,2368805.0
2024-07-08,11.0,8.0,3.0,0.0,8.0,22.0,30.0,178770.0,198976.0,1361.0,0.0,319262.0,379108.0,698370.0,10.0,8.0,2.0,0.0,13.0,20.0,33.0,129838.0,518211.0,4538.0,0.0,920477.0,652587.0,1573065.0,0.0,6.0,1.0,1.0,5.0,8.0,13.0,0.0,517969.0,4890.0,0.0,74428.0,522859.0,597288.0
2024-07-09,11.0,10.0,3.0,2.0,16.0,26.0,42.0,249808.0,391926.0,7528.0,2695.0,881942.0,651959.0,1533902.0,6.0,13.0,3.0,0.0,6.0,22.0,28.0,103635.0,379572.0,29794.0,0.0,471858.0,513002.0,984861.0,0.0,28.0,2.0,0.0,16.0,30.0,46.0,0.0,1934791.0,7861.0,0.0,821058.0,1942652.0,2763710.0
2024-07-10,9.0,11.0,2.0,0.0,8.0,22.0,30.0,215486.0,376871.0,16724.0,0.0,18693.0,609082.0,627776.0,4.0,9.0,4.0,0.0,15.0,17.0,32.0,64683.0,494219.0,17291.0,0.0,974213.0,576193.0,1550406.0,10.0,30.0,2.0,0.0,16.0,42.0,58.0,588524.0,3123916.0,7057.0,0.0,1064283.0,3719498.0,4783782.0
2024-07-11,9.0,8.0,2.0,1.0,26.0,20.0,46.0,163219.0,240055.0,2812.0,0.0,1349413.0,406087.0,1755501.0,3.0,12.0,6.0,0.0,7.0,21.0,28.0,39656.0,447142.0,75694.0,0.0,422411.0,562492.0,984904.0,41.0,81.0,1.0,9.0,29.0,132.0,161.0,2456324.0,6875812.0,0.0,43665.0,1916901.0,9375802.0,11292704.0
2024-07-12,11.0,11.0,6.0,0.0,12.0,28.0,40.0,239973.0,574274.0,12351.0,0.0,209787.0,826600.0,1036388.0,4.0,9.0,0.0,2.0,13.0,15.0,28.0,53379.0,211858.0,0.0,2800.0,553121.0,268038.0,821160.0,43.0,88.0,12.0,12.0,49.0,155.0,204.0,2986335.0,5638083.0,129167.0,64773.0,2280681.0,8818360.0,11099041.0
2024-07-13,6.0,9.0,5.0,0.0,16.0,20.0,36.0,262819.0,371845.0,47109.0,0.0,510305.0,681774.0,1192079.0,5.0,4.0,4.0,1.0,21.0,14.0,35.0,81232.0,167069.0,23954.0,1073.0,915244.0,273330.0,1188574.0,34.0,43.0,10.0,7.0,22.0,94.0,116.0,2219055.0,2881770.0,138850.0,22065.0,1259019.0,5261742.0,6520761.0
2024-07-14,11.0,8.0,4.0,0.0,11.0,23.0,34.0,198043.0,216284.0,7395.0,0.0,424337.0,421723.0,846060.0,6.0,14.0,8.0,1.0,10.0,29.0,39.0,63002.0,557514.0,66940.0,0.0,343146.0,687457.0,1030604.0,28.0,49.0,4.0,8.0,26.0,89.0,115.0,1253016.0,2585745.0,26681.0,25186.0,1339944.0,3890630.0,5230575.0
2024-07-15,12.0,7.0,5.0,0.0,8.0,24.0,32.0,221117.0,77881.0,13197.0,0.0,156433.0,312196.0,468630.0,9.0,10.0,1.0,1.0,14.0,21.0,35.0,94393.0,423657.0,635.0,2906.0,757494.0,521593.0,1279087.0,18.0,47.0,5.0,4.0,21.0,74.0,95.0,1242553.0,4268868.0,72976.0,25258.0,1101507.0,5609657.0,6711165.0
2024-07-16,9.0,11.0,7.0,0.0,11.0,27.0,38.0,160692.0,592754.0,53464.0,0.0,733266.0,806911.0,1540178.0,7.0,8.0,3.0,1.0,9.0,19.0,28.0,89545.0,221303.0,28144.0,0.0,272742.0,338993.0,611736.0,20.0,52.0,8.0,5.0,27.0,85.0,112.0,1121267.0,4328620.0,135979.0,16687.0,1531933.0,5602554.0,7134487.0
2024-07-17,5.0,9.0,1.0,0.0,16.0,15.0,31.0,144600.0,410642.0,2284.0,0.0,454284.0,557527.0,1011812.0,6.0,5.0,3.0,0.0,8.0,14.0,22.0,68516.0,390880.0,21846.0,0.0,421211.0,481243.0,902455.0,33.0,67.0,4.0,1.0,23.0,105.0,128.0,2233667.0,4433949.0,38359.0,3576.0,1614462.0,6709553.0,8324016.0
2024-07-18,8.0,10.0,2.0,0.0,15.0,20.0,35.0,175362.0,411448.0,4844.0,0.0,793856.0,591655.0,1385511.0,7.0,8.0,3.0,1.0,10.0,19.0,29.0,112430.0,327891.0,972.0,2554.0,254415.0,443848.0,698264.0,16.0,43.0,3.0,0.0,13.0,62.0,75.0,1095366.0,2654814.0,8038.0,0.0,999960.0,3758219.0,4758179.0
2024-07-19,12.0,14.0,3.0,0.0,12.0,29.0,41.0,333609.0,581017.0,9820.0,0.0,547001.0,924447.0,1471449.0,4.0,9.0,3.0,0.0,14.0,16.0,30.0,44036.0,456406.0,19660.0,0.0,585590.0,520103.0,1105693.0,13.0,39.0,4.0,1.0,18.0,57.0,75.0,755749.0,2618051.0,20009.0,6742.0,832506.0,3400553.0,4233059.0
2024-07-20,6.0,13.0,3.0,2.0,17.0,24.0,41.0,77859.0,488766.0,6961.0,4885.0,710552.0,578472.0,1289025.0,8.0,6.0,5.0,0.0,12.0,19.0,31.0,138345.0,244028.0,37136.0,0.0,566903.0,419510.0,986413.0,14.0,45.0,4.0,4.0,25.0,67.0,92.0,739432.0,3758485.0,73991.0,12249.0,2146160.0,4584159.0,6730319.0
2024-07-21,7.0,11.0,6.0,0.0,17.0,24.0,41.0,146259.0,378553.0,29501.0,0.0,967651.0,554314.0,1521966.0,3.0,7.0,4.0,0.0,13.0,14.0,27.0,33815.0,159641.0,31288.0,0.0,343956.0,224744.0,568701.0,24.0,41.0,3.0,1.0,21.0,69.0,90.0,1648771.0,3071989.0,31540.0,3462.0,2128881.0,4755764.0,6884645.0
2024-07-22,7.0,8.0,7.0,0.0,12.0,22.0,34.0,87075.0,218780.0,21675.0,0.0,556937.0,327530.0,884467.0,4.0,12.0,1.0,1.0,10.0,18.0,28.0,44033.0,486144.0,1293.0,0.0,833314.0,531472.0,1364786.0,27.0,51.0,8.0,2.0,22.0,88.0,110.0,1482709.0,3672696.0,64650.0,8181.0,595208.0,5228238.0,5823446.0
2024-07-23,12.0,12.0,5.0,0.0,10.0,29.0,39.0,298389.0,491728.0,35384.0,0.0,235561.0,825502.0,1061063.0,6.0,8.0,2.0,1.0,12.0,17.0,29.0,101234.0,697105.0,7332.0,6258.0,478156.0,811930.0,1290087.0,28.0,49.0,5.0,9.0,17.0,91.0,108.0,1757433.0,3445514.0,69789.0,41667.0,1037986.0,5314405.0,6352391.0
2024-07-24,7.0,6.0,2.0,1.0,22.0,16.0,38.0,125035.0,286022.0,17499.0,2554.0,820039.0,431112.0,1251151.0,2.0,7.0,2.0,0.0,8.0,11.0,19.0,28403.0,572721.0,4881.0,0.0,514627.0,606006.0,1120634.0,23.0,54.0,2.0,4.0,19.0,83.0,102.0,1135364.0,3695814.0,14973.0,28732.0,797644.0,4874885.0,5672529.0
2024-07-25,8.0,9.0,6.0,0.0,20.0,23.0,43.0,68242.0,233684.0,20133.0,0.0,504661.0,322060.0,826722.0,4.0,8.0,0.0,0.0,10.0,12.0,22.0,31843.0,212758.0,0.0,0.0,311524.0,244602.0,556126.0,28.0,41.0,3.0,2.0,26.0,74.0,100.0,1482628.0,3252177.0,32965.0,7346.0,2177666.0,4775118.0,6952784.0
2024-07-26,5.0,8.0,4.0,0.0,22.0,17.0,39.0,77519.0,455584.0,10406.0,0.0,705583.0,543510.0,1249094.0,5.0,12.0,2.0,0.0,11.0,19.0,30.0,41260.0,449212.0,25866.0,0.0,704268.0,516340.0,1220608.0,8.0,39.0,3.0,2.0,19.0,52.0,71.0,428309.0,3386827.0,58034.0,5933.0,1172831.0,3879104.0,5051935.0
2024-07-27,12.0,10.0,6.0,0.0,15.0,28.0,43.0,313178.0,269968.0,25921.0,0.0,562766.0,609068.0,1171834.0,5.0,8.0,6.0,0.0,13.0,19.0,32.0,72639.0,195481.0,26184.0,0.0,473077.0,294306.0,767384.0,2.0,22.0,1.0,0.0,13.0,25.0,38.0,217470.0,2513471.0,44934.0,0.0,1366188.0,2775876.0,4142064.0
2024-07-28,5.0,13.0,8.0,1.0,11.0,27.0,38.0,173618.0,374402.0,31433.0,0.0,567494.0,579455.0,1146949.0,4.0,4.0,4.0,0.0,11.0,12.0,23.0,49235.0,195200.0,62342.0,0.0,580886.0,306778.0,887665.0,0.0,16.0,0.0,1.0,12.0,17.0,29.0,0.0,896138.0,0.0,3902.0,717116.0,900041.0,1617157.0
2024-07-29,15.0,10.0,2.0,2.0,13.0,29.0,42.0,195835.0,437636.0,4778.0,6258.0,558699.0,644510.0,1203209.0,4.0,4.0,3.0,1.0,9.0,12.0,21.0,69945.0,184105.0,12306.0,4660.0,491519.0,271018.0,762538.0,2.0,30.0,2.0,2.0,13.0,36.0,49.0,96381.0,1668244.0,24092.0,26740.0,651207.0,1815458.0,2466665.0
2024-07-30,7.0,15.0,7.0,1.0,14.0,30.0,44.0,215469.0,558809.0,12174.0,0.0,508755.0,786453.0,1295209.0,5.0,9.0,6.0,0.0,15.0,20.0,35.0,89560.0,387147.0,45926.0,0.0,932886.0,522635.0,1455521.0,26.0,58.0,4.0,4.0,15.0,92.0,107.0,1432261.0,4742452.0,39955.0,20529.0,874979.0,6235199.0,7110179.0
2024-07-31,11.0,10.0,5.0,1.0,16.0,27.0,43.0,271498.0,511069.0,20529.0,0.0,706478.0,803097.0,1509576.0,6.0,7.0,3.0,0.0,9.0,16.0,25.0,102665.0,368275.0,7821.0,0.0,380508.0,478762.0,859271.0,57.0,68.0,5.0,4.0,32.0,134.0,166.0,3547997.0,4427070.0,80591.0,25503.0,2032508.0,8081163.0,10113671.0
2024-08-01,6.0,10.0,4.0,1.0,11.0,21.0,32.0,199994.0,291916.0,9117.0,1218.0,225946.0,502247.0,728193.0,4.0,13.0,5.0,1.0,13.0,23.0,36.0,68986.0,373844.0,32259.0,0.0,678388.0,475090.0,1153478.0,44.0,74.0,10.0,6.0,30.0,134.0,164.0,2648180.0,5292028.0,53742.0,26555.0,1530468.0,8020508.0,9550977.0
2024-08-02,10.0,9.0,5.0,1.0,18.0,25.0,43.0,156004.0,364350.0,8038.0,0.0,668292.0,528393.0,1196685.0,12.0,15.0,3.0,0.0,10.0,30.0,40.0,159173.0,806343.0,8555.0,0.0,672175.0,974072.0,1646248.0,12.0,59.0,4.0,6.0,24.0,81.0,105.0,577998.0,4404058.0,29585.0,20555.0,1030347.0,5032198.0,6062546.0
2024-08-03,6.0,10.0,3.0,0.0,14.0,19.0,33.0,68175.0,727286.0,28810.0,0.0,502628.0,824273.0,1326901.0,7.0,7.0,3.0,0.0,10.0,17.0,27.0,79325.0,337584.0,8072.0,0.0,536619.0,424982.0,961602.0,14.0,51.0,5.0,3.0,18.0,73.0,91.0,1098795.0,3629954.0,83684.0,0.0,1365364.0,4812434.0,6177798.0
2024-08-04,9.0,11.0,4.0,2.0,17.0,26.0,43.0,173343.0,498730.0,8844.0,3034.0,1138789.0,683952.0,1822742.0,2.0,7.0,4.0,0.0,15.0,13.0,28.0,36927.0,473385.0,13815.0,0.0,552384.0,524128.0,1076513.0,21.0,39.0,5.0,1.0,11.0,66.0,77.0,1248116.0,3835211.0,84516.0,0.0,593441.0,5167844.0,5761286.0
2024-08-05,9.0,12.0,6.0,1.0,13.0,28.0,41.0,153554.0,528999.0,13352.0,4092.0,293439.0,699999.0,993439.0,6.0,12.0,5.0,2.0,11.0,25.0,36.0,37937.0,551450.0,31511.0,0.0,394940.0,620899.0,1015840.0,12.0,39.0,0.0,2.0,11.0,53.0,64.0,701515.0,2356761.0,0.0,12285.0,879109.0,3070562.0,3949671.0
2024-08-06,11.0,14.0,4.0,1.0,15.0,30.0,45.0,231753.0,782427.0,73268.0,0.0,699527.0,1087450.0,1786977.0,6.0,7.0,3.0,1.0,5.0,17.0,22.0,70122.0,405256.0,13824.0,0.0,358178.0,489203.0,847382.0,23.0,40.0,8.0,2.0,13.0,73.0,86.0,1378738.0,2401417.0,135833.0,9461.0,535014.0,3925450.0,4460464.0
2024-08-07,9.0,9.0,5.0,0.0,15.0,23.0,38.0,245264.0,504104.0,36582.0,0.0,562901.0,785951.0,1348853.0,6.0,5.0,3.0,0.0,9.0,14.0,23.0,127040.0,59395.0,6788.0,0.0,494546.0,193224.0,687770.0,35.0,60.0,6.0,6.0,26.0,107.0,133.0,2110902.0,4344787.0,64315.0,29138.0,1962234.0,6549143.0,8511378.0
2024-08-08,5.0,16.0,7.0,0.0,10.0,28.0,38.0,61083.0,904442.0,19984.0,0.0,369774.0,985510.0,1355285.0,5.0,16.0,1.0,0.0,9.0,22.0,31.0,63509.0,634735.0,464.0,0.0,393231.0,698708.0,1091940.0,17.0,48.0,5.0,2.0,18.0,72.0,90.0,938832.0,3185139.0,35585.0,9558.0,1008697.0,4169115.0,5177813.0
2024-08-09,10.0,7.0,4.0,0.0,20.0,21.0,41.0,261309.0,216888.0,15297.0,0.0,717037.0,493495.0,1210532.0,4.0,9.0,5.0,1.0,11.0,19.0,30.0,55603.0,513740.0,40422.0,0.0,506133.0,609766.0,1115900.0,3.0,23.0,1.0,0.0,10.0,27.0,37.0,247167.0,1215836.0,0.0,0.0,276575.0,1463004.0,1739579.0
2024-08-10,10.0,14.0,1.0,0.0,9.0,25.0,34.0,252586.0,788895.0,1778.0,0.0,76780.0,1043260.0,1120041.0,6.0,11.0,8.0,0.0,14.0,25.0,39.0,73062.0,648042.0,88720.0,0.0,524982.0,809825.0,1334807.0,2.0,35.0,2.0,0.0,7.0,39.0,46.0,136017.0,2660594.0,21117.0,0.0,479697.0,2817729.0,3297427.0
2024-08-11,6.0,11.0,1.0,0.0,13.0,18.0,31.0,122699.0,522116.0,14427.0,0.0,357575.0,659243.0,1016819.0,3.0,12.0,4.0,0.0,11.0,19.0,30.0,53310.0,306834.0,17118.0,0.0,223764.0,377263.0,601028.0,25.0,42.0,3.0,7.0,23.0,77.0,100.0,1530251.0,4279658.0,32619.0,31066.0,1816633.0,5873595.0,7690229.0
2024-08-12,8.0,12.0,3.0,1.0,18.0,24.0,42.0,222326.0,291630.0,19561.0,3074.0,779284.0,536592.0,1315876.0,3.0,15.0,4.0,0.0,17.0,22.0,39.0,37424.0,614656.0,20295.0,0.0,960945.0,672376.0,1633322.0,38.0,48.0,5.0,2.0,30.0,93.0,123.0,2301226.0,2850106.0,78303.0,14515.0,2446582.0,5244152.0,7690734.0
2024-08-13,12.0,10.0,5.0,2.0,21.0,29.0,50.0,247221.0,446901.0,8955.0,3948.0,1134566.0,707027.0,1841593.0,4.0,11.0,5.0,0.0,13.0,20.0,33.0,47550.0,712785.0,23299.0,0.0,606284.0,783634.0,1389919.0,25.0,48.0,4.0,5.0,17.0,82.0,99.0,1695839.0,3099741.0,37507.0,21762.0,523633.0,4854851.0,5378484.0
2024-08-14,10.0,13.0,2.0,0.0,16.0,25.0,41.0,242804.0,366723.0,9428.0,0.0,740239.0,618957.0,1359196.0,6.0,9.0,4.0,0.0,9.0,19.0,28.0,87777.0,362375.0,24043.0,0.0,132698.0,474196.0,606894.0,0.0,41.0,1.0,0.0,13.0,42.0,55.0,0.0,2431762.0,28278.0,0.0,956324.0,2460041.0,3416366.0
2024-08-15,9.0,12.0,5.0,1.0,11.0,27.0,38.0,168101.0,510277.0,57634.0,0.0,374449.0,736014.0,1110464.0,9.0,6.0,2.0,0.0,8.0,17.0,25.0,147715.0,295537.0,1517.0,0.0,327881.0,444770.0,772651.0,17.0,42.0,5.0,5.0,18.0,69.0,87.0,883260.0,4677732.0,85509.0,6652.0,1041813.0,5653155.0,6694969.0
2024-08-16,8.0,14.0,4.0,0.0,22.0,26.0,48.0,63645.0,420186.0,5193.0,0.0,372105.0,489025.0,861131.0,5.0,8.0,5.0,0.0,10.0,18.0,28.0,72807.0,252217.0,46140.0,0.0,508550.0,371165.0,879716.0,34.0,48.0,7.0,4.0,15.0,93.0,108.0,1634708.0,3800099.0,60132.0,20933.0,823322.0,5515873.0,6339195.0
2024-08-17,6.0,11.0,2.0,1.0,17.0,20.0,37.0,95185.0,515185.0,4594.0,0.0,1094387.0,614965.0,1709353.0,5.0,6.0,5.0,1.0,9.0,17.0,26.0,94216.0,205253.0,19828.0,4229.0,367794.0,323528.0,691322.0,39.0,66.0,6.0,2.0,27.0,113.0,140.0,2444192.0,3467341.0,48912.0,7578.0,946132.0,5968025.0,6914157.0
2024-08-18,9.0,9.0,5.0,0.0,14.0,23.0,37.0,118837.0,468895.0,11000.0,0.0,591105.0,598733.0,1189838.0,7.0,12.0,4.0,0.0,11.0,23.0,34.0,91244.0,360797.0,62312.0,0.0,578082.0,514353.0,1092436.0,11.0,53.0,4.0,3.0,23.0,71.0,94.0,457810.0,3913584.0,20934.0,18373.0,946707.0,4410702.0,5357409.0
2024-08-19,11.0,8.0,1.0,0.0,8.0,20.0,28.0,288923.0,214872.0,5297.0,0.0,321856.0,509093.0,830949.0,6.0,10.0,6.0,1.0,8.0,23.0,31.0,92297.0,286551.0,40852.0,0.0,421028.0,419701.0,840729.0,19.0,47.0,6.0,5.0,19.0,77.0,96.0,1182903.0,3200174.0,40432.0,30389.0,1350004.0,4453900.0,5803905.0
2024-08-20,9.0,16.0,10.0,0.0,17.0,35.0,52.0,196948.0,605081.0,96411.0,0.0,535345.0,898441.0,1433786.0,6.0,12.0,1.0,0.0,15.0,19.0,34.0,107283.0,500507.0,464.0,0.0,399174.0,608255.0,1007429.0,22.0,65.0,11.0,7.0,23.0,105.0,128.0,1320227.0,4027503.0,53379.0,43803.0,1089766.0,5444913.0,6534680.0
2024-08-21,11.0,8.0,3.0,1.0,15.0,23.0,38.0,292423.0,478045.0,11306.0,4229.0,606568.0,786004.0,1392573.0,9.0,10.0,2.0,0.0,8.0,21.0,29.0,112142.0,524007.0,18690.0,0.0,243579.0,654840.0,898420.0,21.0,44.0,5.0,8.0,26.0,78.0,104.0,1143834.0,3801613.0,88770.0,47251.0,1597446.0,5081470.0,6678917.0
2024-08-22,5.0,5.0,7.0,0.0,23.0,17.0,40.0,76597.0,25809.0,28667.0,0.0,1059446.0,131074.0,1190520.0,7.0,8.0,1.0,0.0,12.0,16.0,28.0,76543.0,465731.0,955.0,0.0,354373.0,543230.0,897603.0,13.0,27.0,5.0,5.0,21.0,50.0,71.0,859408.0,1868616.0,59946.0,35270.0,1522916.0,2823241.0,4346158.0
2024-08-23,6.0,16.0,4.0,0.0,20.0,26.0,46.0,125215.0,510373.0,10837.0,0.0,708584.0,646427.0,1355012.0,4.0,13.0,1.0,0.0,8.0,18.0,26.0,67197.0,495647.0,5952.0,0.0,266050.0,568796.0,834847.0,22.0,61.0,2.0,7.0,13.0,92.0,105.0,1019620.0,3502205.0,25276.0,30596.0,1176935.0,4577698.0,5754634.0
2024-08-24,13.0,16.0,4.0,0.0,12.0,33.0,45.0,213697.0,511114.0,23777.0,0.0,483286.0,748589.0,1231875.0,5.0,10.0,2.0,0.0,6.0,17.0,23.0,114587.0,378538.0,13157.0,0.0,396192.0,506284.0,902476.0,26.0,53.0,8.0,5.0,17.0,92.0,109.0,1604944.0,4448761.0,104997.0,26275.0,1465361.0,6184978.0,7650340.0
2024-08-25,13.0,8.0,4.0,0.0,16.0,25.0,41.0,194569.0,509748.0,11886.0,0.0,485581.0,716203.0,1201785.0,8.0,10.0,8.0,0.0,10.0,26.0,36.0,86309.0,447622.0,69774.0,0.0,562773.0,603706.0,1166480.0,20.0,57.0,2.0,3.0,23.0,82.0,105.0,1059409.0,3448272.0,10243.0,14497.0,731423.0,4532423.0,5263847.0
2024-08-26,10.0,8.0,2.0,2.0,18.0,22.0,40.0,246613.0,334608.0,12351.0,6014.0,520371.0,599587.0,1119959.0,5.0,9.0,2.0,1.0,13.0,17.0,30.0,50082.0,501976.0,19413.0,4029.0,573291.0,575502.0,1148793.0,12.0,40.0,5.0,2.0,11.0,59.0,70.0,785227.0,3679528.0,41832.0,15324.0,848447.0,4521913.0,5370360.0
2024-08-27,8.0,13.0,3.0,0.0,14.0,24.0,38.0,63578.0,533790.0,6378.0,0.0,225723.0,603747.0,829470.0,11.0,12.0,7.0,0.0,13.0,30.0,43.0,96248.0,502638.0,46840.0,0.0,901651.0,645728.0,1547379.0,1.0,14.0,0.0,0.0,8.0,15.0,23.0,41463.0,877099.0,0.0,0.0,719032.0,918563.0,1637596.0
2024-08-28,9.0,18.0,2.0,1.0,11.0,30.0,41.0,179992.0,858814.0,1493.0,0.0,436107.0,1040299.0,1476406.0,3.0,9.0,2.0,1.0,15.0,15.0,30.0,44461.0,295728.0,16946.0,1535.0,488968.0,358672.0,847641.0,1.0,17.0,0.0,0.0,5.0,18.0,23.0,104427.0,1042741.0,0.0,0.0,364438.0,1147168.0,1511606.0
2024-08-29,7.0,12.0,6.0,0.0,9.0,25.0,34.0,114061.0,603250.0,30075.0,0.0,552784.0,747387.0,1300172.0,3.0,16.0,3.0,0.0,7.0,22.0,29.0,31322.0,628705.0,25048.0,0.0,390764.0,685076.0,1075841.0,7.0,24.0,3.0,3.0,9.0,37.0,46.0,316895.0,1517909.0,15209.0,10802.0,388020.0,1860816.0,2248837.0
2024-08-30,9.0,11.0,4.0,0.0,12.0,24.0,36.0,239963.0,340426.0,13183.0,0.0,388660.0,593574.0,982234.0,8.0,9.0,5.0,0.0,14.0,22.0,36.0,139245.0,435549.0,49333.0,0.0,670004.0,624127.0,1294131.0,40.0,56.0,3.0,3.0,24.0,102.0,126.0,2858269.0,4037564.0,29162.0,4780.0,1232217.0,6929777.0,8161995.0
2024-08-31,7.0,22.0,6.0,0.0,14.0,35.0,49.0,101345.0,650122.0,39849.0,0.0,405094.0,791317.0,1196411.0,6.0,11.0,6.0,0.0,8.0,23.0,31.0,52592.0,501190.0,36766.0,0.0,356381.0,590549.0,946931.0,49.0,90.0,6.0,11.0,31.0,156.0,187.0,2957029.0,4764158.0,53702.0,33155.0,1113183.0,7808045.0,8921229.0
2024-09-01,8.0,9.0,2.0,2.0,14.0,21.0,35.0,117131.0,541337.0,2688.0,4660.0,932152.0,665818.0,1597970.0,5.0,7.0,4.0,2.0,8.0,18.0,26.0,44469.0,438261.0,13313.0,0.0,649032.0,496044.0,1145077.0,21.0,46.0,6.0,2.0,25.0,75.0,100.0,1209139.0,3782192.0,30865.0,4015.0,1221507.0,5026213.0,6247720.0
2024-09-02,13.0,15.0,5.0,1.0,22.0,34.0,56.0,364435.0,396382.0,48382.0,426.0,730023.0,809626.0,1539650.0,5.0,14.0,6.0,1.0,7.0,26.0,33.0,76428.0,627397.0,31554.0,0.0,463332.0,735380.0,1198713.0,27.0,46.0,10.0,1.0,20.0,84.0,104.0,1474841.0,3632736.0,102464.0,4734.0,668652.0,5214777.0,5883429.0
2024-09-03,6.0,4.0,1.0,0.0,7.0,11.0,18.0,224327.0,97742.0,236.0,0.0,349103.0,322306.0,671409.0,2.0,6.0,4.0,0.0,10.0,12.0,22.0,31735.0,311259.0,22858.0,0.0,390836.0,365853.0,756689.0,26.0,51.0,7.0,3.0,17.0,87.0,104.0,1367028.0,4308330.0,94783.0,16965.0,1096946.0,5787109.0,6884056.0
2024-09-04,4.0,8.0,5.0,3.0,14.0,20.0,34.0,93202.0,266373.0,45315.0,1535.0,826872.0,406426.0,1233299.0,5.0,11.0,3.0,0.0,7.0,19.0,26.0,76580.0,461487.0,8743.0,0.0,344149.0,546811.0,890960.0,18.0,45.0,4.0,1.0,17.0,68.0,85.0,984704.0,3520621.0,23900.0,5595.0,926606.0,4534821.0,5461427.0
2024-09-05,5.0,12.0,3.0,0.0,17.0,20.0,37.0,41526.0,454542.0,6851.0,0.0,218100.0,502921.0,721021.0,9.0,11.0,6.0,0.0,17.0,26.0,43.0,134823.0,406352.0,81149.0,0.0,926744.0,622325.0,1549069.0,23.0,41.0,2.0,2.0,20.0,68.0,88.0,1760685.0,3131861.0,16286.0,16348.0,1203702.0,4925181.0,6128883.0
2024-09-06,7.0,10.0,3.0,0.0,17.0,20.0,37.0,154692.0,525433.0,26059.0,0.0,574517.0,706185.0,1280703.0,8.0,8.0,4.0,0.0,10.0,20.0,30.0,80454.0,453654.0,21945.0,0.0,276935.0,556055.0,832990.0,24.0,51.0,3.0,4.0,16.0,82.0,98.0,1728551.0,2926825.0,31957.0,7831.0,335403.0,4695165.0,5030569.0
2024-09-07,6.0,13.0,1.0,1.0,11.0,21.0,32.0,66020.0,507077.0,471.0,0.0,376576.0,573570.0,950147.0,8.0,12.0,7.0,2.0,5.0,29.0,34.0,122104.0,333888.0,35554.0,0.0,200765.0,491547.0,692312.0,18.0,47.0,6.0,3.0,17.0,74.0,91.0,1138116.0,3485891.0,93782.0,16985.0,1162728.0,4734776.0,5897505.0
2024-09-08,8.0,14.0,4.0,0.0,10.0,26.0,36.0,78429.0,550430.0,8165.0,0.0,548164.0,637024.0,1185188.0,6.0,6.0,7.0,0.0,12.0,19.0,31.0,61947.0,219871.0,29879.0,0.0,817035.0,311698.0,1128733.0,16.0,24.0,1.0,3.0,13.0,44.0,57.0,1098086.0,1792636.0,28991.0,15678.0,1257458.0,2935393.0,4192852.0
2024-09-09,14.0,8.0,0.0,1.0,16.0,23.0,39.0,400201.0,327209.0,0.0,0.0,636787.0,727410.0,1364197.0,5.0,8.0,5.0,0.0,7.0,18.0,25.0,55921.0,284978.0,14452.0,0.0,613806.0,355352.0,969159.0,15.0,38.0,4.0,2.0,16.0,59.0,75.0,627358.0,2617133.0,63704.0,9049.0,1292174.0,3317246.0,4609421.0
2024-09-10,5.0,6.0,1.0,1.0,17.0,13.0,30.0,135495.0,201283.0,4180.0,1218.0,957824.0,342178.0,1300002.0,5.0,8.0,7.0,1.0,9.0,21.0,30.0,90118.0,281413.0,59482.0,6023.0,439058.0,437037.0,876096.0,17.0,36.0,3.0,3.0,22.0,59.0,81.0,877345.0,2194680.0,82895.0,18415.0,1097024.0,3173337.0,4270361.0
2024-09-11,4.0,6.0,2.0,0.0,12.0,12.0,24.0,68720.0,177561.0,1563.0,0.0,533355.0,247844.0,781200.0,7.0,15.0,5.0,0.0,11.0,27.0,38.0,147820.0,568471.0,23976.0,0.0,322855.0,740268.0,1063124.0,34.0,37.0,5.0,1.0,21.0,77.0,98.0,1844598.0,3308627.0,68847.0,3474.0,922379.0,5225547.0,6147927.0
2024-09-12,11.0,9.0,6.0,0.0,9.0,26.0,35.0,134581.0,317979.0,41087.0,0.0,416352.0,493648.0,910000.0,8.0,8.0,4.0,0.0,14.0,20.0,34.0,87614.0,440526.0,16339.0,0.0,442114.0,544479.0,986593.0,13.0,41.0,7.0,6.0,16.0,67.0,83.0,926771.0,2450522.0,87073.0,22712.0,1156098.0,3487080.0,4643178.0
2024-09-13,5.0,12.0,4.0,0.0,9.0,21.0,30.0,40500.0,629771.0,23493.0,0.0,623692.0,693766.0,1317458.0,7.0,8.0,3.0,1.0,11.0,19.0,30.0,83419.0,249938.0,17783.0,760.0,554134.0,351901.0,906036.0,23.0,56.0,11.0,5.0,12.0,95.0,107.0,1147634.0,4325616.0,94011.0,33985.0,790020.0,5601248.0,6391268.0
2024-09-14,13.0,8.0,5.0,0.0,19.0,26.0,45.0,158548.0,227538.0,11175.0,0.0,616751.0,397262.0,1014014.0,2.0,8.0,4.0,2.0,10.0,16.0,26.0,29357.0,251728.0,19401.0,0.0,565301.0,300487.0,865789.0,21.0,48.0,3.0,2.0,15.0,74.0,89.0,1362270.0,4186772.0,47082.0,10328.0,1571827.0,5606453.0,7178280.0
2024-09-15,11.0,7.0,4.0,1.0,13.0,23.0,36.0,250170.0,302070.0,9349.0,6023.0,743838.0,567613.0,1311451.0,8.0,6.0,1.0,1.0,9.0,16.0,25.0,78145.0,189711.0,6641.0,4752.0,802712.0,279250.0,1081963.0,16.0,48.0,3.0,1.0,19.0,68.0,87.0,838396.0,4964961.0,34559.0,0.0,1348095.0,5837917.0,7186013.0
2024-09-16,8.0,11.0,7.0,0.0,21.0,26.0,47.0,170192.0,362573.0,31504.0,0.0,642719.0,564271.0,1206991.0,3.0,8.0,7.0,0.0,5.0,18.0,23.0,60650.0,338921.0,45636.0,0.0,52570.0,445209.0,497779.0,19.0,49.0,3.0,6.0,23.0,77.0,100.0,1039176.0,3295616.0,44344.0,18190.0,1377209.0,4397327.0,5774537.0
2024-09-17,9.0,12.0,3.0,1.0,18.0,25.0,43.0,382583.0,835728.0,7652.0,1218.0,545071.0,1227184.0,1772255.0,7.0,11.0,5.0,0.0,12.0,23.0,35.0,69314.0,419429.0,27926.0,0.0,529618.0,516671.0,1046289.0,20.0,47.0,3.0,1.0,15.0,71.0,86.0,1345663.0,3922596.0,45787.0,6229.0,749257.0,5320278.0,6069535.0
2024-09-18,11.0,8.0,11.0,0.0,12.0,30.0,42.0,188160.0,466641.0,50463.0,0.0,398982.0,705265.0,1104247.0,4.0,10.0,5.0,0.0,12.0,19.0,31.0,51665.0,508998.0,32324.0,0.0,802243.0,592989.0,1395233.0,14.0,45.0,1.0,4.0,12.0,64.0,76.0,692253.0,2959418.0,9335.0,24452.0,917406.0,3685459.0,4602866.0
2024-09-19,11.0,11.0,5.0,1.0,17.0,28.0,45.0,260611.0,583880.0,55318.0,0.0,384044.0,899810.0,1283854.0,7.0,11.0,7.0,0.0,13.0,25.0,38.0,83525.0,249363.0,32572.0,0.0,232171.0,365460.0,597631.0,14.0,44.0,6.0,4.0,17.0,68.0,85.0,894658.0,4307822.0,74326.0,26270.0,472917.0,5303077.0,5775995.0
2024-09-20,7.0,11.0,3.0,1.0,19.0,22.0,41.0,130974.0,591358.0,24889.0,5214.0,871125.0,752437.0,1623562.0,5.0,5.0,4.0,0.0,16.0,14.0,30.0,70454.0,134213.0,24487.0,0.0,828867.0,229155.0,1058022.0,22.0,44.0,8.0,4.0,21.0,78.0,99.0,1372814.0,2618072.0,33694.0,6290.0,1454978.0,4030870.0,5485848.0
2024-09-21,9.0,10.0,3.0,1.0,7.0,23.0,30.0,222860.0,590345.0,5039.0,0.0,185283.0,818244.0,1003528.0,8.0,10.0,2.0,0.0,8.0,20.0,28.0,84185.0,515994.0,13438.0,0.0,389182.0,613619.0,1002801.0,16.0,37.0,3.0,4.0,18.0,60.0,78.0,925062.0,2298730.0,27573.0,19444.0,1263683.0,3270811.0,4534495.0
2024-09-22,10.0,6.0,1.0,1.0,18.0,18.0,36.0,276720.0,222365.0,996.0,0.0,1016015.0,500082.0,1516097.0,8.0,13.0,2.0,0.0,10.0,23.0,33.0,126214.0,731852.0,16977.0,0.0,375083.0,875044.0,1250128.0,24.0,43.0,3.0,1.0,18.0,71.0,89.0,1283252.0,2855014.0,28375.0,5260.0,1373506.0,4171903.0,5545409.0
2024-09-23,4.0,16.0,4.0,0.0,19.0,24.0,43.0,73155.0,493493.0,18974.0,0.0,858872.0,585623.0,1444496.0,3.0,8.0,6.0,1.0,12.0,18.0,30.0,41575.0,564396.0,44601.0,3440.0,527610.0,654013.0,1181624.0,28.0,50.0,3.0,4.0,23.0,85.0,108.0,1699073.0,2956597.0,36514.0,12184.0,1866384.0,4704370.0,6570755.0
2024-09-24,8.0,9.0,2.0,0.0,16.0,19.0,35.0,177688.0,520175.0,24132.0,0.0,542071.0,721996.0,1264068.0,4.0,6.0,6.0,0.0,14.0,16.0,30.0,44900.0,353728.0,47044.0,0.0,1026251.0,445673.0,1471924.0,24.0,36.0,4.0,2.0,22.0,66.0,88.0,1265486.0,3004474.0,23302.0,9087.0,1554834.0,4302351.0,5857185.0
2024-09-25,6.0,13.0,7.0,0.0,20.0,26.0,46.0,125323.0,333239.0,22303.0,0.0,966386.0,480866.0,1447252.0,6.0,12.0,3.0,0.0,8.0,21.0,29.0,76605.0,781175.0,14741.0,0.0,192145.0,872522.0,1064668.0,22.0,46.0,5.0,3.0,20.0,76.0,96.0,995138.0,4166901.0,67833.0,10747.0,875565.0,5240621.0,6116186.0
2024-09-26,9.0,9.0,6.0,0.0,21.0,24.0,45.0,227589.0,221749.0,34429.0,0.0,561355.0,483767.0,1045123.0,4.0,12.0,6.0,0.0,16.0,22.0,38.0,82592.0,554345.0,18044.0,0.0,711204.0,654982.0,1366186.0,20.0,36.0,7.0,3.0,18.0,66.0,84.0,1388276.0,2681674.0,78549.0,13428.0,1640630.0,4161928.0,5802559.0
2024-09-27,8.0,13.0,1.0,0.0,15.0,22.0,37.0,193654.0,561256.0,4791.0,0.0,356485.0,759701.0,1116187.0,5.0,8.0,4.0,1.0,14.0,18.0,32.0,79061.0,284547.0,20913.0,0.0,696695.0,384523.0,1081219.0,21.0,44.0,4.0,3.0,27.0,72.0,99.0,1294641.0,3666103.0,37317.0,19975.0,1346746.0,5018039.0,6364785.0
2024-09-28,6.0,9.0,4.0,1.0,20.0,20.0,40.0,67977.0,556708.0,10776.0,0.0,618967.0,635462.0,1254430.0,5.0,10.0,2.0,1.0,8.0,18.0,26.0,42573.0,437655.0,756.0,0.0,318258.0,480985.0,799244.0,14.0,37.0,1.0,1.0,14.0,53.0,67.0,558656.0,3938122.0,6131.0,7314.0,773322.0,4510224.0,5283546.0
2024-09-29,3.0,11.0,4.0,0.0,9.0,18.0,27.0,164972.0,434389.0,21287.0,0.0,246493.0,620649.0,867142.0,4.0,10.0,1.0,2.0,10.0,17.0,27.0,42729.0,496755.0,2177.0,3440.0,726190.0,545102.0,1271293.0,4.0,30.0,1.0,0.0,16.0,35.0,51.0,377782.0,2057623.0,4043.0,0.0,988300.0,2439449.0,3427749.0
2024-09-30,8.0,13.0,1.0,0.0,14.0,22.0,36.0,130129.0,720256.0,9171.0,0.0,670844.0,859556.0,1530401.0,2.0,8.0,5.0,0.0,13.0,15.0,28.0,37794.0,347510.0,21464.0,0.0,826951.0,406769.0,1233720.0,3.0,19.0,2.0,1.0,11.0,25.0,36.0,167257.0,1436250.0,13815.0,5129.0,1000515.0,1622453.0,2622968.0
2024-10-01,7.0,10.0,5.0,1.0,16.0,23.0,39.0,152011.0,477149.0,11383.0,1095.0,552321.0,641640.0,1193961.0,10.0,8.0,2.0,0.0,12.0,20.0,32.0,164111.0,355531.0,26057.0,0.0,372062.0,545700.0,917762.0,23.0,43.0,7.0,9.0,22.0,82.0,104.0,1204205.0,3723273.0,75965.0,26428.0,1865338.0,5029872.0,6895210.0
2024-10-02,14.0,14.0,4.0,1.0,14.0,33.0,47.0,346261.0,768942.0,11767.0,0.0,967145.0,1126971.0,2094116.0,5.0,10.0,1.0,0.0,9.0,16.0,25.0,77014.0,535232.0,24282.0,0.0,699935.0,636529.0,1336465.0,29.0,47.0,5.0,5.0,18.0,86.0,104.0,1971902.0,3009579.0,89090.0,11082.0,1231320.0,5081654.0,6312975.0
2024-10-03,4.0,14.0,1.0,0.0,20.0,19.0,39.0,47663.0,537474.0,996.0,0.0,711808.0,586134.0,1297943.0,7.0,12.0,3.0,1.0,10.0,23.0,33.0,98591.0,470823.0,7411.0,0.0,276308.0,576826.0,853134.0,31.0,42.0,2.0,12.0,28.0,87.0,115.0,1588822.0,3359107.0,18663.0,56096.0,2534788.0,5022689.0,7557478.0
2024-10-04,6.0,9.0,4.0,0.0,9.0,19.0,28.0,51879.0,277217.0,35423.0,0.0,392142.0,364519.0,756662.0,1.0,14.0,4.0,0.0,7.0,19.0,26.0,36682.0,629344.0,14144.0,0.0,374463.0,680171.0,1054634.0,25.0,32.0,9.0,2.0,24.0,68.0,92.0,1682447.0,2174922.0,72137.0,12245.0,1348219.0,3941752.0,5289972.0
2024-10-05,11.0,8.0,2.0,1.0,11.0,22.0,33.0,312931.0,302568.0,3546.0,1987.0,476719.0,621034.0,1097753.0,8.0,13.0,7.0,0.0,10.0,28.0,38.0,134863.0,803964.0,74014.0,0.0,138964.0,1012842.0,1151807.0,28.0,48.0,6.0,6.0,26.0,88.0,114.0,1789020.0,3161827.0,61904.0,37075.0,1289065.0,5049828.0,6338893.0
2024-10-06,8.0,6.0,1.0,1.0,17.0,16.0,33.0,81053.0,421503.0,20537.0,0.0,947116.0,523094.0,1470210.0,5.0,13.0,5.0,0.0,10.0,23.0,33.0,104735.0,544553.0,16912.0,0.0,583206.0,666202.0,1249408.0,24.0,43.0,7.0,2.0,24.0,76.0,100.0,1461850.0,2837893.0,89740.0,5770.0,1138097.0,4395255.0,5533352.0
2024-10-07,7.0,9.0,7.0,0.0,14.0,23.0,37.0,214498.0,313880.0,44241.0,0.0,778241.0,572620.0,1350861.0,7.0,16.0,3.0,0.0,11.0,26.0,37.0,52681.0,831492.0,13257.0,0.0,665953.0,897430.0,1563384.0,21.0,36.0,4.0,2.0,10.0,63.0,73.0,927548.0,3218163.0,4012.0,7588.0,871097.0,4157314.0,5028411.0
2024-10-08,8.0,10.0,4.0,0.0,17.0,22.0,39.0,133334.0,398729.0,14558.0,0.0,493710.0,546622.0,1040333.0,8.0,12.0,7.0,2.0,13.0,29.0,42.0,91711.0,498476.0,65278.0,0.0,519814.0,655466.0,1175281.0,15.0,35.0,1.0,2.0,20.0,53.0,73.0,788893.0,2834245.0,21631.0,5530.0,1779996.0,3650300.0,5430296.0
2024-10-09,5.0,19.0,2.0,0.0,12.0,26.0,38.0,235859.0,610363.0,2738.0,0.0,488524.0,848960.0,1337485.0,8.0,11.0,4.0,0.0,4.0,23.0,27.0,100491.0,369275.0,12315.0,0.0,141889.0,482082.0,623971.0,19.0,43.0,7.0,4.0,20.0,73.0,93.0,1111288.0,3656554.0,47391.0,25306.0,1803103.0,4840540.0,6643644.0
2024-10-10,10.0,8.0,4.0,0.0,7.0,22.0,29.0,184819.0,211874.0,25022.0,0.0,293554.0,421717.0,715271.0,3.0,6.0,1.0,0.0,13.0,10.0,23.0,61866.0,442807.0,16122.0,0.0,381528.0,520796.0,902324.0,12.0,45.0,4.0,2.0,19.0,63.0,82.0,725398.0,3040421.0,72069.0,6228.0,1317149.0,3844118.0,5161267.0
2024-10-11,8.0,15.0,4.0,2.0,17.0,29.0,46.0,210631.0,405907.0,14816.0,1755.0,738961.0,633110.0,1372072.0,3.0,5.0,8.0,1.0,6.0,17.0,23.0,19781.0,99961.0,72912.0,0.0,290527.0,192655.0,483182.0,17.0,43.0,3.0,4.0,22.0,67.0,89.0,1047792.0,4266565.0,47257.0,24046.0,1363460.0,5385662.0,6749123.0
2024-10-12,8.0,10.0,2.0,0.0,7.0,20.0,27.0,200146.0,488008.0,16200.0,0.0,218507.0,704354.0,922862.0,12.0,11.0,0.0,1.0,21.0,24.0,45.0,198516.0,334737.0,0.0,0.0,704707.0,533254.0,1237961.0,22.0,42.0,1.0,4.0,16.0,69.0,85.0,1297521.0,3036602.0,3275.0,33420.0,1064421.0,4370819.0,5435240.0
2024-10-13,11.0,11.0,5.0,0.0,20.0,27.0,47.0,154743.0,245318.0,10638.0,0.0,412480.0,410701.0,823182.0,7.0,11.0,3.0,0.0,14.0,21.0,35.0,101973.0,699951.0,7833.0,0.0,908752.0,809758.0,1718510.0,21.0,43.0,4.0,2.0,26.0,70.0,96.0,1013551.0,3755204.0,25279.0,4618.0,1511793.0,4798654.0,6310447.0
2024-10-14,17.0,13.0,2.0,0.0,10.0,32.0,42.0,289260.0,490548.0,10698.0,0.0,330344.0,790507.0,1120852.0,4.0,7.0,4.0,1.0,9.0,16.0,25.0,45687.0,233324.0,28541.0,4604.0,142490.0,312157.0,454648.0,13.0,31.0,6.0,2.0,21.0,52.0,73.0,954860.0,2965144.0,62871.0,10009.0,1619812.0,3992885.0,5612698.0
2024-10-15,7.0,10.0,3.0,0.0,15.0,20.0,35.0,134610.0,415132.0,2050.0,0.0,640012.0,551792.0,1191805.0,5.0,10.0,1.0,0.0,9.0,16.0,25.0,87618.0,307369.0,3201.0,0.0,461533.0,398188.0,859722.0,14.0,26.0,4.0,2.0,18.0,46.0,64.0,1022275.0,1640509.0,61255.0,5384.0,666289.0,2729424.0,3395714.0
2024-10-16,12.0,3.0,3.0,0.0,19.0,18.0,37.0,347808.0,173942.0,28440.0,0.0,772402.0,550191.0,1322594.0,6.0,10.0,6.0,0.0,6.0,22.0,28.0,106521.0,353599.0,25854.0,0.0,302887.0,485975.0,788862.0,20.0,52.0,5.0,2.0,24.0,79.0,103.0,1183322.0,3774563.0,71873.0,9475.0,1899285.0,5039234.0,6938520.0
2024-10-17,7.0,8.0,4.0,1.0,17.0,20.0,37.0,102336.0,238959.0,13969.0,243.0,777044.0,355509.0,1132554.0,8.0,8.0,4.0,1.0,8.0,21.0,29.0,63625.0,263281.0,17269.0,0.0,386476.0,344176.0,730652.0,17.0,44.0,4.0,4.0,14.0,69.0,83.0,942209.0,2866178.0,25407.0,28508.0,1617267.0,3862305.0,5479572.0
2024-10-18,9.0,13.0,5.0,0.0,11.0,27.0,38.0,158036.0,724609.0,65742.0,0.0,234689.0,948388.0,1183078.0,8.0,8.0,10.0,0.0,9.0,26.0,35.0,116302.0,288076.0,94866.0,0.0,253361.0,499245.0,752607.0,31.0,30.0,3.0,1.0,23.0,65.0,88.0,1846140.0,1893066.0,6224.0,5104.0,822749.0,3750536.0,4573286.0
2024-10-19,9.0,12.0,0.0,1.0,12.0,22.0,34.0,114513.0,821776.0,0.0,0.0,541973.0,936290.0,1478263.0,6.0,7.0,5.0,0.0,11.0,18.0,29.0,78778.0,238348.0,8785.0,0.0,427570.0,325912.0,753482.0,16.0,48.0,5.0,6.0,17.0,75.0,92.0,811104.0,3953913.0,69366.0,38753.0,857686.0,4873138.0,5730824.0
2024-10-20,3.0,9.0,6.0,1.0,16.0,19.0,35.0,48292.0,329810.0,28475.0,3583.0,424688.0,410161.0,834850.0,8.0,14.0,4.0,0.0,12.0,26.0,38.0,68825.0,556073.0,31810.0,0.0,979010.0,656709.0,1635719.0,14.0,36.0,5.0,3.0,19.0,58.0,77.0,1048980.0,2332570.0,47978.0,29503.0,1376401.0,3459033.0,4835435.0
2024-10-21,12.0,8.0,3.0,0.0,15.0,23.0,38.0,279836.0,265096.0,12991.0,0.0,422462.0,557924.0,980386.0,6.0,7.0,2.0,0.0,18.0,15.0,33.0,54799.0,186411.0,9588.0,0.0,721086.0,250799.0,971885.0,21.0,30.0,4.0,4.0,19.0,59.0,78.0,1028080.0,2643865.0,19399.0,31805.0,756093.0,3723150.0,4479244.0
2024-10-22,16.0,11.0,4.0,0.0,9.0,31.0,40.0,203823.0,395073.0,11254.0,0.0,388548.0,610152.0,998700.0,6.0,4.0,5.0,0.0,13.0,15.0,28.0,79490.0,156169.0,34788.0,0.0,501916.0,270447.0,772363.0,18.0,39.0,5.0,1.0,19.0,63.0,82.0,914822.0,3286181.0,89995.0,0.0,1081955.0,4291000.0,5372955.0
2024-10-23,6.0,8.0,5.0,0.0,8.0,19.0,27.0,138585.0,418802.0,25459.0,0.0,345434.0,582847.0,928281.0,5.0,14.0,4.0,0.0,8.0,23.0,31.0,80971.0,708231.0,19102.0,0.0,240718.0,808305.0,1049024.0,18.0,43.0,3.0,4.0,19.0,68.0,87.0,1030813.0,3051350.0,35658.0,21144.0,1401232.0,4138967.0,5540199.0
2024-10-24,7.0,9.0,12.0,1.0,17.0,29.0,46.0,100074.0,314809.0,74580.0,0.0,683777.0,489463.0,1173241.0,7.0,8.0,5.0,0.0,7.0,20.0,27.0,121318.0,483554.0,27991.0,0.0,636249.0,632865.0,1269114.0,16.0,48.0,0.0,2.0,25.0,66.0,91.0,980551.0,4741895.0,0.0,9669.0,1050214.0,5732116.0,6782330.0
2024-10-25,12.0,9.0,1.0,0.0,18.0,22.0,40.0,255407.0,261254.0,819.0,0.0,781758.0,517482.0,1299240.0,8.0,9.0,5.0,0.0,10.0,22.0,32.0,140773.0,494934.0,23988.0,0.0,364198.0,659697.0,1023895.0,25.0,39.0,8.0,5.0,31.0,77.0,108.0,1712111.0,2156727.0,169194.0,17220.0,1823636.0,4055253.0,5878889.0
2024-10-26,9.0,11.0,5.0,0.0,12.0,25.0,37.0,165715.0,804318.0,21732.0,0.0,218814.0,991767.0,1210582.0,6.0,15.0,4.0,0.0,4.0,25.0,29.0,65890.0,517697.0,17375.0,0.0,59514.0,600963.0,660478.0,17.0,40.0,7.0,1.0,24.0,65.0,89.0,1212956.0,2745055.0,30789.0,5466.0,1950921.0,3994268.0,5945190.0
2024-10-27,10.0,7.0,4.0,0.0,15.0,21.0,36.0,205962.0,238728.0,14251.0,0.0,568256.0,458942.0,1027199.0,3.0,9.0,5.0,1.0,10.0,18.0,28.0,24614.0,428395.0,23101.0,0.0,560964.0,476111.0,1037075.0,11.0,33.0,5.0,4.0,10.0,53.0,63.0,601192.0,2760719.0,58020.0,14544.0,814606.0,3434477.0,4249084.0
2024-10-28,10.0,7.0,3.0,1.0,21.0,21.0,42.0,270057.0,200071.0,25948.0,1218.0,608165.0,497295.0,1105461.0,5.0,10.0,7.0,2.0,12.0,24.0,36.0,68457.0,489141.0,48650.0,0.0,450349.0,606249.0,1056598.0,14.0,26.0,3.0,3.0,14.0,46.0,60.0,959545.0,1314117.0,26669.0,19383.0,997544.0,2319715.0,3317260.0
2024-10-29,11.0,7.0,6.0,0.0,15.0,24.0,39.0,345642.0,368860.0,21188.0,0.0,512104.0,735691.0,1247796.0,6.0,15.0,3.0,0.0,14.0,24.0,38.0,119762.0,752976.0,10511.0,0.0,766512.0,883250.0,1649763.0,37.0,36.0,8.0,11.0,15.0,92.0,107.0,2198139.0,2958137.0,111400.0,43963.0,1237548.0,5311640.0,6549189.0
2024-10-30,7.0,9.0,3.0,1.0,17.0,20.0,37.0,238933.0,403186.0,20318.0,0.0,564915.0,662438.0,1227354.0,3.0,9.0,4.0,0.0,12.0,16.0,28.0,26074.0,350475.0,2159.0,0.0,419789.0,378710.0,798500.0,22.0,39.0,11.0,2.0,16.0,74.0,90.0,1261142.0,2545559.0,52165.0,4311.0,1087132.0,3863179.0,4950311.0
2024-10-31,8.0,12.0,4.0,0.0,13.0,24.0,37.0,167229.0,652388.0,10462.0,0.0,726196.0,830080.0,1556277.0,9.0,14.0,4.0,0.0,9.0,27.0,36.0,135225.0,576576.0,32266.0,0.0,240286.0,744068.0,984355.0,23.0,40.0,5.0,6.0,25.0,74.0,99.0,1307873.0,2981627.0,3448.0,24472.0,1546188.0,4317421.0,5863610.0
2024-11-01,9.0,12.0,8.0,0.0,12.0,29.0,41.0,245142.0,541546.0,32829.0,0.0,648456.0,819518.0,1467974.0,9.0,10.0,5.0,2.0,8.0,26.0,34.0,109087.0,486493.0,41903.0,4921.0,380141.0,642406.0,1022547.0,25.0,34.0,7.0,3.0,23.0,69.0,92.0,1727690.0,1897191.0,81113.0,18110.0,1023633.0,3724105.0,4747738.0
2024-11-02,10.0,18.0,2.0,1.0,17.0,31.0,48.0,169962.0,880976.0,22075.0,760.0,582603.0,1073774.0,1656377.0,9.0,8.0,5.0,0.0,8.0,22.0,30.0,128329.0,346262.0,2555.0,0.0,368666.0,477147.0,845814.0,22.0,50.0,4.0,2.0,17.0,78.0,95.0,1227044.0,3261492.0,74004.0,4867.0,786688.0,4567408.0,5354096.0
2024-11-03,4.0,6.0,0.0,0.0,12.0,10.0,22.0,68950.0,408114.0,0.0,0.0,706144.0,477065.0,1183209.0,8.0,6.0,5.0,0.0,16.0,19.0,35.0,85241.0,332775.0,36836.0,0.0,374333.0,454853.0,829186.0,20.0,51.0,6.0,2.0,13.0,79.0,92.0,1336432.0,3685841.0,35655.0,12689.0,811488.0,5070618.0,5882106.0
2024-11-04,9.0,8.0,4.0,0.0,10.0,21.0,31.0,184294.0,483452.0,17905.0,0.0,59206.0,685653.0,744860.0,6.0,9.0,3.0,0.0,10.0,18.0,28.0,104066.0,258150.0,12151.0,0.0,517069.0,374368.0,891437.0,12.0,37.0,1.0,2.0,18.0,52.0,70.0,747757.0,2266592.0,2393.0,9003.0,959569.0,3025747.0,3985316.0
2024-11-05,9.0,7.0,5.0,1.0,13.0,22.0,35.0,194472.0,343170.0,17164.0,0.0,476812.0,554806.0,1031618.0,7.0,15.0,7.0,1.0,17.0,30.0,47.0,73434.0,748613.0,47644.0,6492.0,438722.0,876185.0,1314908.0,20.0,46.0,4.0,3.0,19.0,73.0,92.0,1157354.0,3382680.0,80976.0,11762.0,1419882.0,4632773.0,6052656.0
2024-11-06,12.0,10.0,4.0,0.0,22.0,26.0,48.0,247000.0,500103.0,11699.0,0.0,951933.0,758804.0,1710737.0,4.0,14.0,6.0,2.0,17.0,26.0,43.0,71524.0,645006.0,44055.0,0.0,824085.0,760586.0,1584672.0,24.0,40.0,4.0,2.0,14.0,70.0,84.0,1190062.0,2495729.0,24708.0,11616.0,988715.0,3722117.0,4710832.0
2024-11-07,9.0,7.0,4.0,2.0,15.0,22.0,37.0,84454.0,302421.0,7208.0,3139.0,618802.0,397224.0,1016026.0,9.0,9.0,2.0,0.0,12.0,20.0,32.0,117801.0,387659.0,18410.0,0.0,366633.0,523872.0,890506.0,14.0,34.0,3.0,1.0,10.0,52.0,62.0,940461.0,2263291.0,74795.0,1517.0,139841.0,3280065.0,3419907.0
2024-11-08,10.0,7.0,3.0,1.0,10.0,21.0,31.0,285754.0,288162.0,66090.0,1218.0,564657.0,641226.0,1205883.0,10.0,6.0,4.0,0.0,12.0,20.0,32.0,137552.0,222513.0,5035.0,0.0,602538.0,365101.0,967639.0,18.0,40.0,2.0,5.0,15.0,65.0,80.0,1155078.0,3235991.0,25449.0,25353.0,906218.0,4441872.0,5348091.0
2024-11-09,10.0,10.0,5.0,0.0,13.0,25.0,38.0,220565.0,393640.0,25743.0,0.0,333436.0,639949.0,973385.0,5.0,8.0,6.0,1.0,9.0,20.0,29.0,53433.0,309836.0,10184.0,760.0,492878.0,374214.0,867093.0,12.0,41.0,4.0,3.0,16.0,60.0,76.0,830796.0,2415807.0,13285.0,46940.0,1449901.0,3306829.0,4756731.0
2024-11-10,4.0,8.0,6.0,0.0,18.0,18.0,36.0,43260.0,417386.0,8067.0,0.0,728339.0,468714.0,1197053.0,3.0,12.0,2.0,1.0,13.0,18.0,31.0,20685.0,743123.0,4070.0,0.0,546154.0,767878.0,1314033.0,22.0,38.0,6.0,4.0,20.0,70.0,90.0,1065122.0,2148404.0,43596.0,13669.0,882041.0,3270793.0,4152834.0
2024-11-11,9.0,7.0,6.0,1.0,19.0,23.0,42.0,144787.0,361091.0,60776.0,6492.0,728642.0,573148.0,1301790.0,9.0,10.0,2.0,0.0,7.0,21.0,28.0,115602.0,487718.0,10336.0,0.0,734171.0,613656.0,1347827.0,20.0,49.0,5.0,6.0,16.0,80.0,96.0,1143811.0,3447372.0,34096.0,28999.0,821791.0,4654279.0,5476071.0
2024-11-12,6.0,9.0,5.0,2.0,21.0,22.0,43.0,118315.0,504645.0,16691.0,3090.0,922919.0,642742.0,1565662.0,10.0,10.0,3.0,0.0,16.0,23.0,39.0,135775.0,523832.0,40990.0,0.0,448264.0,700598.0,1148863.0,19.0,46.0,6.0,4.0,17.0,75.0,92.0,1450384.0,3781711.0,46636.0,8115.0,948440.0,5286849.0,6235289.0
2024-11-13,9.0,9.0,4.0,1.0,13.0,23.0,36.0,328030.0,379166.0,15928.0,0.0,117793.0,723125.0,840919.0,6.0,9.0,7.0,0.0,14.0,22.0,36.0,47371.0,363232.0,38547.0,0.0,859681.0,449151.0,1308833.0,12.0,57.0,4.0,5.0,17.0,78.0,95.0,715463.0,3801597.0,21312.0,16553.0,1241887.0,4554927.0,5796814.0
2024-11-14,11.0,10.0,7.0,1.0,11.0,29.0,40.0,303948.0,376276.0,20293.0,0.0,594318.0,700519.0,1294837.0,6.0,12.0,2.0,1.0,10.0,21.0,31.0,70970.0,480294.0,4296.0,0.0,424804.0,555561.0,980366.0,19.0,42.0,2.0,5.0,14.0,68.0,82.0,1250267.0,2206746.0,31837.0,25036.0,925942.0,3513887.0,4439829.0
2024-11-15,7.0,6.0,4.0,0.0,8.0,17.0,25.0,93607.0,252655.0,2029.0,0.0,516488.0,348292.0,864781.0,6.0,6.0,6.0,0.0,9.0,18.0,27.0,56585.0,259447.0,23977.0,0.0,493774.0,340010.0,833784.0,23.0,40.0,4.0,2.0,19.0,69.0,88.0,1175046.0,3062649.0,58753.0,8248.0,421108.0,4304698.0,4725807.0
2024-11-16,9.0,8.0,3.0,1.0,14.0,21.0,35.0,100573.0,265455.0,7958.0,0.0,505899.0,373986.0,879886.0,4.0,10.0,8.0,0.0,17.0,22.0,39.0,46254.0,448613.0,103175.0,0.0,945131.0,598043.0,1543174.0,16.0,38.0,2.0,3.0,18.0,59.0,77.0,1032669.0,1875314.0,4098.0,25074.0,1104198.0,2937156.0,4041355.0
2024-11-17,5.0,6.0,4.0,0.0,13.0,15.0,28.0,123144.0,311306.0,22583.0,0.0,235095.0,457034.0,692130.0,7.0,12.0,6.0,0.0,11.0,25.0,36.0,45657.0,526381.0,29757.0,0.0,254886.0,601796.0,856683.0,17.0,36.0,6.0,5.0,26.0,64.0,90.0,972272.0,3415639.0,74814.0,23283.0,1466082.0,4486009.0,5952091.0
2024-11-18,12.0,9.0,3.0,0.0,7.0,24.0,31.0,261239.0,336274.0,8144.0,0.0,209617.0,605657.0,815275.0,8.0,8.0,1.0,2.0,8.0,19.0,27.0,83770.0,296728.0,3060.0,2959.0,500354.0,386518.0,886872.0,24.0,35.0,7.0,4.0,18.0,70.0,88.0,1413704.0,2589767.0,86282.0,10944.0,1387947.0,4100698.0,5488645.0
2024-11-19,12.0,13.0,2.0,0.0,12.0,27.0,39.0,220569.0,485866.0,9785.0,0.0,560367.0,716220.0,1276587.0,4.0,11.0,3.0,0.0,12.0,18.0,30.0,61202.0,429680.0,11306.0,0.0,623389.0,502188.0,1125578.0,22.0,45.0,5.0,1.0,14.0,73.0,87.0,1501687.0,3007938.0,57040.0,6099.0,751059.0,4572766.0,5323826.0
2024-11-20,6.0,10.0,1.0,1.0,10.0,18.0,28.0,187248.0,586127.0,5187.0,0.0,552203.0,778562.0,1330766.0,4.0,8.0,3.0,1.0,13.0,16.0,29.0,38705.0,280843.0,19771.0,0.0,436100.0,339320.0,775420.0,19.0,41.0,3.0,5.0,21.0,68.0,89.0,1166821.0,3343332.0,43544.0,22563.0,1171173.0,4576261.0,5747435.0
2024-11-21,11.0,6.0,4.0,4.0,10.0,25.0,35.0,247221.0,202589.0,8475.0,0.0,302248.0,458285.0,760533.0,6.0,7.0,4.0,0.0,7.0,17.0,24.0,167175.0,176014.0,34556.0,0.0,129985.0,377745.0,507731.0,22.0,36.0,4.0,5.0,17.0,67.0,84.0,1522175.0,3039138.0,22621.0,23698.0,839006.0,4607633.0,5446640.0
2024-11-22,6.0,8.0,4.0,1.0,17.0,19.0,36.0,59434.0,397341.0,23281.0,0.0,624170.0,480057.0,1104227.0,6.0,12.0,4.0,0.0,11.0,22.0,33.0,106632.0,479668.0,16812.0,0.0,327460.0,603112.0,930573.0,22.0,38.0,3.0,1.0,19.0,64.0,83.0,1239214.0,2587884.0,22271.0,4920.0,1439044.0,3854291.0,5293335.0
2024-11-23,16.0,14.0,3.0,1.0,16.0,34.0,50.0,330311.0,481240.0,12081.0,0.0,788032.0,823633.0,1611666.0,6.0,9.0,5.0,0.0,9.0,20.0,29.0,71763.0,480473.0,25034.0,0.0,383260.0,577272.0,960533.0,17.0,41.0,7.0,4.0,23.0,69.0,92.0,1026150.0,2845159.0,51925.0,7163.0,1716054.0,3930399.0,5646454.0
2024-11-24,12.0,11.0,3.0,0.0,19.0,26.0,45.0,101295.0,512533.0,9107.0,0.0,1178070.0,622936.0,1801007.0,13.0,16.0,6.0,1.0,8.0,36.0,44.0,189378.0,459580.0,38716.0,0.0,473427.0,687675.0,1161103.0,17.0,41.0,9.0,4.0,25.0,71.0,96.0,857615.0,3394575.0,98742.0,32672.0,1525851.0,4383605.0,5909457.0
2024-11-25,8.0,9.0,1.0,0.0,14.0,18.0,32.0,84990.0,195026.0,5479.0,0.0,102443.0,285496.0,387940.0,7.0,9.0,4.0,3.0,12.0,23.0,35.0,66517.0,575739.0,43095.0,448.0,229014.0,685801.0,914815.0,20.0,44.0,5.0,2.0,8.0,71.0,79.0,1032536.0,3037583.0,40797.0,14303.0,434476.0,4125221.0,4559697.0
2024-11-26,6.0,6.0,5.0,0.0,12.0,17.0,29.0,175081.0,124227.0,12911.0,0.0,541655.0,312220.0,853875.0,8.0,8.0,4.0,2.0,16.0,22.0,38.0,103035.0,382543.0,14573.0,0.0,699894.0,500153.0,1200048.0,10.0,27.0,0.0,2.0,15.0,39.0,54.0,782895.0,2203891.0,0.0,3809.0,1040117.0,2990596.0,4030714.0
2024-11-27,6.0,9.0,2.0,1.0,13.0,18.0,31.0,149617.0,251067.0,1525.0,6492.0,688868.0,408703.0,1097572.0,8.0,10.0,4.0,0.0,7.0,22.0,29.0,126436.0,433044.0,38843.0,0.0,435215.0,598325.0,1033541.0,19.0,29.0,3.0,2.0,8.0,53.0,61.0,1002282.0,2444437.0,12605.0,13283.0,243248.0,3472609.0,3715858.0
2024-11-28,15.0,14.0,7.0,1.0,10.0,37.0,47.0,189416.0,855640.0,24569.0,0.0,375472.0,1069625.0,1445097.0,7.0,6.0,2.0,2.0,13.0,17.0,30.0,52278.0,448786.0,8909.0,10826.0,684506.0,520800.0,1205307.0,30.0,28.0,4.0,5.0,17.0,67.0,84.0,1746130.0,1428241.0,32070.0,19550.0,1067731.0,3225992.0,4293723.0
2024-11-29,6.0,6.0,5.0,0.0,8.0,17.0,25.0,132068.0,326608.0,56898.0,0.0,143321.0,515575.0,658896.0,14.0,5.0,4.0,1.0,10.0,24.0,34.0,159936.0,212010.0,12837.0,0.0,465372.0,384783.0,850155.0,23.0,37.0,4.0,2.0,12.0,66.0,78.0,1076242.0,2586492.0,45686.0,1643.0,705286.0,3710064.0,4415350.0
2024-11-30,9.0,11.0,2.0,1.0,10.0,23.0,33.0,326183.0,330580.0,33395.0,0.0,482504.0,690159.0,1172664.0,8.0,8.0,5.0,0.0,9.0,21.0,30.0,70801.0,161759.0,45439.0,0.0,432922.0,277999.0,710922.0,14.0,39.0,4.0,2.0,21.0,59.0,80.0,1109892.0,3157085.0,52391.0,8848.0,951755.0,4328217.0,5279973.0
2024-12-01,9.0,9.0,2.0,0.0,15.0,20.0,35.0,114081.0,406689.0,29729.0,0.0,348382.0,550500.0,898882.0,4.0,5.0,5.0,0.0,16.0,14.0,30.0,48122.0,113497.0,40490.0,0.0,1161196.0,202111.0,1363307.0,15.0,40.0,6.0,4.0,17.0,65.0,82.0,1037921.0,3633422.0,62058.0,17687.0,797815.0,4751089.0,5548905.0
2024-12-02,8.0,11.0,4.0,1.0,10.0,24.0,34.0,177704.0,302390.0,23813.0,1218.0,352441.0,505126.0,857568.0,5.0,6.0,1.0,0.0,8.0,12.0,20.0,56659.0,114619.0,4113.0,0.0,116388.0,175392.0,291780.0,25.0,36.0,7.0,3.0,15.0,71.0,86.0,1722845.0,2112928.0,47888.0,14594.0,1254352.0,3898257.0,5152610.0
2024-12-03,9.0,8.0,2.0,0.0,12.0,19.0,31.0,95894.0,264262.0,3716.0,0.0,608972.0,363873.0,972846.0,6.0,11.0,3.0,0.0,12.0,20.0,32.0,72111.0,265408.0,48196.0,0.0,684162.0,385717.0,1069879.0,29.0,48.0,4.0,3.0,23.0,84.0,107.0,1833418.0,4282524.0,10118.0,12231.0,1515543.0,6138294.0,7653838.0
2024-12-04,9.0,8.0,3.0,0.0,10.0,20.0,30.0,174520.0,366357.0,8062.0,0.0,564672.0,548941.0,1113613.0,3.0,11.0,2.0,0.0,13.0,16.0,29.0,20035.0,577985.0,3616.0,0.0,260424.0,601637.0,862061.0,20.0,33.0,10.0,3.0,23.0,66.0,89.0,993926.0,2312565.0,153628.0,11347.0,2059282.0,3471468.0,5530750.0
2024-12-05,9.0,13.0,7.0,1.0,16.0,30.0,46.0,162033.0,582220.0,33872.0,448.0,623393.0,778575.0,1401969.0,5.0,7.0,5.0,1.0,11.0,18.0,29.0,58644.0,299238.0,41019.0,6055.0,457782.0,404958.0,862741.0,22.0,36.0,3.0,3.0,16.0,64.0,80.0,1031043.0,3105538.0,22370.0,10857.0,1582630.0,4169809.0,5752440.0
2024-12-06,10.0,5.0,0.0,0.0,16.0,15.0,31.0,323005.0,376184.0,0.0,0.0,614013.0,699190.0,1313203.0,5.0,14.0,7.0,0.0,14.0,26.0,40.0,63310.0,461994.0,50430.0,0.0,544334.0,575735.0,1120069.0,13.0,33.0,3.0,1.0,11.0,50.0,61.0,858086.0,2143506.0,25057.0,2577.0,678163.0,3029227.0,3707391.0
2024-12-07,8.0,5.0,3.0,0.0,18.0,16.0,34.0,236022.0,118305.0,17408.0,0.0,706121.0,371736.0,1077858.0,9.0,7.0,6.0,1.0,7.0,23.0,30.0,132115.0,448400.0,17993.0,0.0,101660.0,598509.0,700169.0,14.0,40.0,5.0,4.0,15.0,63.0,78.0,839967.0,3611745.0,23013.0,12464.0,1231396.0,4487191.0,5718588.0
2024-12-08,9.0,14.0,4.0,1.0,13.0,28.0,41.0,201590.0,568836.0,17746.0,5677.0,816704.0,793850.0,1610555.0,8.0,5.0,5.0,0.0,7.0,18.0,25.0,135940.0,188430.0,23184.0,0.0,546013.0,347556.0,893569.0,18.0,43.0,5.0,0.0,21.0,66.0,87.0,1149995.0,2817765.0,56017.0,0.0,1003231.0,4023778.0,5027010.0
2024-12-09,12.0,12.0,6.0,0.0,8.0,30.0,38.0,265637.0,561572.0,57440.0,0.0,323729.0,884650.0,1208380.0,5.0,8.0,5.0,0.0,13.0,18.0,31.0,59372.0,311967.0,21171.0,0.0,472743.0,392511.0,865254.0,23.0,37.0,3.0,4.0,13.0,67.0,80.0,1427966.0,2077102.0,45538.0,22721.0,588185.0,3573328.0,4161514.0
2024-12-10,7.0,12.0,2.0,0.0,13.0,21.0,34.0,97061.0,717901.0,10120.0,0.0,395118.0,825083.0,1220202.0,12.0,17.0,3.0,0.0,8.0,32.0,40.0,194310.0,899407.0,2796.0,0.0,464478.0,1096514.0,1560993.0,21.0,30.0,3.0,1.0,16.0,55.0,71.0,1188980.0,3061633.0,62239.0,0.0,1068846.0,4312853.0,5381700.0
2024-12-11,14.0,15.0,4.0,2.0,21.0,35.0,56.0,275282.0,710104.0,21755.0,1703.0,817268.0,1008846.0,1826114.0,8.0,8.0,9.0,0.0,13.0,25.0,38.0,57143.0,391275.0,99078.0,0.0,676855.0,547496.0,1224352.0,22.0,30.0,2.0,4.0,15.0,58.0,73.0,1436939.0,2146740.0,12804.0,8872.0,946284.0,3605356.0,4551641.0
2024-12-12,5.0,2.0,3.0,0.0,0.0,10.0,10.0,231668.0,51686.0,13057.0,0.0,0.0,296411.0,296411.0,6.0,10.0,7.0,0.0,18.0,23.0,41.0,75238.0,377247.0,33150.0,0.0,874648.0,485636.0,1360284.0,12.0,33.0,4.0,6.0,19.0,55.0,74.0,757590.0,2218213.0,45967.0,33457.0,1015885.0,3055228.0,4071113.0
2024-12-13,9.0,7.0,2.0,0.0,19.0,18.0,37.0,237478.0,227736.0,2810.0,0.0,825085.0,468024.0,1293109.0,7.0,13.0,4.0,1.0,9.0,25.0,34.0,92180.0,537451.0,67067.0,6258.0,630053.0,702958.0,1333012.0,15.0,27.0,5.0,1.0,24.0,48.0,72.0,1119933.0,3039814.0,3402.0,13200.0,1295592.0,4176350.0,5471942.0
2024-12-14,7.0,9.0,3.0,0.0,11.0,19.0,30.0,85157.0,529141.0,13728.0,0.0,354207.0,628027.0,982235.0,8.0,14.0,7.0,0.0,9.0,29.0,38.0,82354.0,704204.0,68619.0,0.0,241529.0,855178.0,1096708.0,22.0,39.0,3.0,4.0,13.0,68.0,81.0,1109927.0,2768229.0,44960.0,25227.0,704921.0,3948344.0,4653266.0
2024-12-15,7.0,9.0,3.0,0.0,14.0,19.0,33.0,128247.0,442992.0,5441.0,0.0,501654.0,576681.0,1078335.0,7.0,19.0,5.0,1.0,11.0,32.0,43.0,132233.0,895432.0,56936.0,5611.0,454865.0,1090213.0,1545078.0,13.0,41.0,6.0,3.0,16.0,63.0,79.0,1006393.0,2701321.0,18131.0,11534.0,558785.0,3737380.0,4296165.0
2024-12-16,11.0,8.0,8.0,1.0,13.0,28.0,41.0,207407.0,322069.0,31673.0,1095.0,831701.0,562246.0,1393948.0,4.0,13.0,2.0,0.0,9.0,19.0,28.0,62376.0,783481.0,11184.0,0.0,441581.0,857042.0,1298624.0,18.0,39.0,3.0,1.0,12.0,61.0,73.0,869011.0,2708538.0,108670.0,4400.0,897718.0,3690620.0,4588339.0
2024-12-17,10.0,11.0,10.0,1.0,14.0,32.0,46.0,172965.0,336008.0,35223.0,2272.0,586022.0,546470.0,1132493.0,6.0,6.0,2.0,0.0,8.0,14.0,22.0,96259.0,267802.0,11506.0,0.0,510771.0,375568.0,886340.0,26.0,29.0,7.0,2.0,12.0,64.0,76.0,1802332.0,1790530.0,81037.0,12151.0,1268739.0,3686051.0,4954790.0
2024-12-18,9.0,13.0,3.0,0.0,14.0,25.0,39.0,179014.0,600530.0,7992.0,0.0,536150.0,787537.0,1323687.0,5.0,11.0,9.0,0.0,11.0,25.0,36.0,127398.0,584352.0,38432.0,0.0,386806.0,750183.0,1136990.0,20.0,39.0,6.0,7.0,28.0,72.0,100.0,1070527.0,2816850.0,23684.0,34962.0,1626504.0,3946024.0,5572528.0
2024-12-19,7.0,13.0,5.0,0.0,10.0,25.0,35.0,159692.0,515817.0,38953.0,0.0,429736.0,714463.0,1144199.0,6.0,6.0,2.0,0.0,8.0,14.0,22.0,89363.0,291826.0,11295.0,0.0,345852.0,392486.0,738339.0,23.0,41.0,5.0,1.0,17.0,70.0,87.0,1537317.0,3192960.0,52235.0,5014.0,1064333.0,4787527.0,5851860.0
2024-12-20,8.0,15.0,6.0,0.0,17.0,29.0,46.0,181039.0,428640.0,15435.0,0.0,908465.0,625115.0,1533580.0,8.0,5.0,3.0,0.0,11.0,16.0,27.0,100059.0,293088.0,5340.0,0.0,775627.0,398487.0,1174115.0,14.0,36.0,7.0,2.0,18.0,59.0,77.0,725141.0,2539819.0,51728.0,6914.0,1092324.0,3323604.0,4415928.0
2024-12-21,8.0,12.0,7.0,0.0,11.0,27.0,38.0,106259.0,637099.0,12931.0,0.0,362376.0,756289.0,1118666.0,8.0,11.0,3.0,1.0,8.0,23.0,31.0,96561.0,438083.0,28465.0,1703.0,221054.0,564812.0,785866.0,20.0,40.0,4.0,2.0,13.0,66.0,79.0,1398891.0,2949436.0,61236.0,5475.0,1192855.0,4415040.0,5607896.0
2024-12-22,9.0,8.0,3.0,0.0,17.0,20.0,37.0,180089.0,294409.0,72229.0,0.0,558463.0,546728.0,1105191.0,3.0,9.0,5.0,1.0,9.0,18.0,27.0,26484.0,282938.0,35265.0,0.0,557726.0,344688.0,902414.0,15.0,45.0,3.0,4.0,22.0,67.0,89.0,1063209.0,3127576.0,53945.0,17831.0,1996365.0,4262562.0,6258928.0
2024-12-23,9.0,9.0,5.0,1.0,12.0,24.0,36.0,161453.0,555593.0,20257.0,6160.0,845820.0,743465.0,1589286.0,2.0,8.0,2.0,0.0,11.0,12.0,23.0,57928.0,313166.0,2798.0,0.0,565725.0,373893.0,939619.0,20.0,42.0,3.0,2.0,18.0,67.0,85.0,1312650.0,3376620.0,23644.0,2192.0,1179540.0,4715106.0,5894646.0
2024-12-24,9.0,12.0,5.0,0.0,13.0,26.0,39.0,212667.0,751403.0,27735.0,0.0,482588.0,991806.0,1474395.0,9.0,8.0,3.0,0.0,11.0,20.0,31.0,110409.0,470553.0,19326.0,0.0,643658.0,600288.0,1243947.0,24.0,37.0,2.0,2.0,17.0,65.0,82.0,998125.0,2348570.0,30485.0,8964.0,1280119.0,3386145.0,4666265.0
2024-12-25,10.0,3.0,2.0,1.0,13.0,16.0,29.0,294727.0,198501.0,8330.0,4289.0,676602.0,505849.0,1182452.0,8.0,4.0,2.0,1.0,16.0,15.0,31.0,73936.0,122802.0,6531.0,1095.0,699875.0,204366.0,904241.0,20.0,40.0,5.0,5.0,19.0,70.0,89.0,1218808.0,2795164.0,35765.0,22879.0,700587.0,4072618.0,4773205.0
2024-12-26,11.0,8.0,2.0,1.0,17.0,22.0,39.0,191815.0,361651.0,5105.0,0.0,555243.0,558572.0,1113815.0,2.0,8.0,8.0,0.0,19.0,18.0,37.0,45170.0,284541.0,46073.0,0.0,655499.0,375786.0,1031285.0,15.0,32.0,5.0,6.0,17.0,58.0,75.0,836613.0,1680959.0,66992.0,36087.0,1315906.0,2620653.0,3936560.0
2024-12-27,7.0,13.0,3.0,0.0,15.0,23.0,38.0,284943.0,845687.0,8531.0,0.0,1133331.0,1139162.0,2272494.0,6.0,10.0,4.0,0.0,9.0,20.0,29.0,73326.0,356867.0,41226.0,0.0,443302.0,471421.0,914723.0,25.0,41.0,9.0,2.0,16.0,77.0,93.0,1562696.0,2957445.0,51799.0,2968.0,1189609.0,4574910.0,5764520.0
2024-12-28,9.0,6.0,4.0,1.0,13.0,20.0,33.0,267487.0,267394.0,27248.0,0.0,388456.0,562129.0,950586.0,8.0,9.0,5.0,0.0,11.0,22.0,33.0,83374.0,647939.0,23152.0,0.0,599239.0,754466.0,1353705.0,13.0,41.0,4.0,4.0,15.0,62.0,77.0,657217.0,4089763.0,22515.0,24292.0,768485.0,4793788.0,5562273.0
2024-12-29,9.0,3.0,4.0,0.0,12.0,16.0,28.0,125942.0,107346.0,2552.0,0.0,246574.0,235841.0,482416.0,6.0,10.0,6.0,0.0,14.0,22.0,36.0,82200.0,568234.0,48749.0,0.0,303842.0,699184.0,1003027.0,16.0,37.0,5.0,3.0,10.0,61.0,71.0,1274071.0,2808195.0,48030.0,18361.0,329220.0,4148658.0,4477878.0
2024-12-30,11.0,11.0,1.0,1.0,11.0,24.0,35.0,191392.0,781519.0,12813.0,0.0,432523.0,985725.0,1418249.0,8.0,7.0,5.0,1.0,17.0,21.0,38.0,80243.0,347423.0,25746.0,4093.0,865963.0,457507.0,1323470.0,20.0,44.0,3.0,1.0,11.0,68.0,79.0,1015353.0,3359627.0,21417.0,9881.0,426859.0,4406279.0,4833138.0
2024-12-31,4.0,6.0,4.0,0.0,10.0,14.0,24.0,25026.0,207580.0,17243.0,0.0,294009.0,249850.0,543859.0,6.0,12.0,6.0,0.0,10.0,24.0,34.0,81005.0,405437.0,36515.0,0.0,299075.0,522958.0,822033.0,14.0,32.0,3.0,6.0,20.0,55.0,75.0,854987.0,2306190.0,28036.0,29653.0,980395.0,3218868.0,4199263.0
2025-01-01,7.0,13.0,3.0,0.0,9.0,23.0,32.0,149058.0,564789.0,13897.0,0.0,397288.0,727745.0,1125034.0,5.0,18.0,5.0,2.0,16.0,30.0,46.0,72003.0,781626.0,47096.0,0.0,1008015.0,900726.0,1908742.0,26.0,31.0,5.0,1.0,16.0,63.0,79.0,1770838.0,2461424.0,60349.0,5548.0,1211920.0,4298161.0,5510081.0
2025-01-02,12.0,5.0,6.0,1.0,8.0,24.0,32.0,270572.0,293536.0,54720.0,2730.0,446283.0,621560.0,1067844.0,10.0,11.0,8.0,0.0,7.0,29.0,36.0,169967.0,324149.0,34093.0,0.0,152222.0,528210.0,680433.0,14.0,37.0,3.0,1.0,11.0,55.0,66.0,887683.0,2975296.0,21667.0,6214.0,194275.0,3890862.0,4085138.0
2025-01-03,13.0,7.0,7.0,2.0,20.0,29.0,49.0,241874.0,512716.0,39557.0,1218.0,775063.0,795367.0,1570431.0,6.0,3.0,7.0,1.0,4.0,17.0,21.0,115037.0,44273.0,43540.0,0.0,0.0,202851.0,202851.0,22.0,41.0,5.0,7.0,24.0,75.0,99.0,1083095.0,3044995.0,84720.0,27829.0,1462206.0,4240640.0,5702847.0
2025-01-04,6.0,8.0,2.0,0.0,13.0,16.0,29.0,97328.0,322766.0,8358.0,0.0,348425.0,428454.0,776879.0,8.0,10.0,2.0,0.0,5.0,20.0,25.0,67019.0,815897.0,22017.0,0.0,371840.0,904934.0,1276775.0,18.0,37.0,4.0,3.0,26.0,62.0,88.0,1017311.0,2541370.0,69231.0,9633.0,1354492.0,3637547.0,4992039.0
2025-01-05,9.0,2.0,4.0,1.0,14.0,16.0,30.0,265552.0,54266.0,25642.0,0.0,522191.0,345461.0,867653.0,4.0,9.0,4.0,1.0,9.0,18.0,27.0,59054.0,989115.0,19585.0,0.0,441294.0,1067755.0,1509049.0,22.0,39.0,3.0,1.0,16.0,65.0,81.0,1709207.0,2664278.0,24821.0,0.0,974360.0,4398307.0,5372667.0
2025-01-06,12.0,22.0,4.0,1.0,16.0,39.0,55.0,229511.0,875916.0,23091.0,3583.0,437761.0,1132103.0,1569864.0,7.0,11.0,3.0,0.0,10.0,21.0,31.0,67089.0,409692.0,20889.0,0.0,292073.0,497672.0,789746.0,16.0,48.0,2.0,3.0,13.0,69.0,82.0,733906.0,3511831.0,55101.0,26826.0,755845.0,4327666.0,5083512.0
2025-01-07,8.0,14.0,3.0,0.0,16.0,25.0,41.0,71675.0,572357.0,25673.0,0.0,777740.0,669707.0,1447447.0,3.0,11.0,1.0,1.0,10.0,16.0,26.0,51472.0,420165.0,1601.0,0.0,712293.0,473239.0,1185532.0,23.0,29.0,3.0,3.0,18.0,58.0,76.0,1491880.0,1519407.0,14034.0,14995.0,1729938.0,3040318.0,4770256.0
2025-01-08,7.0,9.0,6.0,1.0,9.0,23.0,32.0,208195.0,400512.0,23462.0,0.0,138880.0,632170.0,771051.0,9.0,9.0,7.0,1.0,13.0,26.0,39.0,128091.0,550609.0,29729.0,4092.0,335691.0,712522.0,1048213.0,18.0,36.0,5.0,2.0,14.0,61.0,75.0,1095131.0,2010721.0,57381.0,0.0,781471.0,3163234.0,3944706.0
2025-01-09,10.0,10.0,6.0,0.0,10.0,26.0,36.0,301091.0,397669.0,12636.0,0.0,618410.0,711397.0,1329807.0,6.0,8.0,3.0,1.0,9.0,18.0,27.0,76042.0,385895.0,38104.0,4029.0,389773.0,504071.0,893845.0,16.0,32.0,2.0,6.0,8.0,56.0,64.0,866990.0,2105401.0,14063.0,25464.0,453882.0,3011920.0,3465802.0
2025-01-10,11.0,12.0,5.0,0.0,8.0,28.0,36.0,212732.0,407689.0,11900.0,0.0,329734.0,632322.0,962057.0,6.0,8.0,5.0,0.0,15.0,19.0,34.0,49974.0,338229.0,25227.0,0.0,469122.0,413431.0,882554.0,16.0,40.0,11.0,8.0,20.0,75.0,95.0,1017272.0,2826938.0,98528.0,36881.0,1296796.0,3979620.0,5276416.0
2025-01-11,11.0,9.0,5.0,1.0,11.0,26.0,37.0,263036.0,830404.0,28136.0,0.0,576131.0,1121577.0,1697708.0,6.0,10.0,4.0,0.0,9.0,20.0,29.0,64128.0,379135.0,32910.0,0.0,323871.0,476175.0,800046.0,16.0,56.0,4.0,5.0,19.0,81.0,100.0,1298935.0,3678286.0,78882.0,23262.0,1148969.0,5079367.0,6228337.0
2025-01-12,9.0,8.0,2.0,0.0,11.0,19.0,30.0,69280.0,286588.0,4121.0,0.0,468342.0,359991.0,828333.0,11.0,14.0,5.0,1.0,13.0,31.0,44.0,147516.0,661633.0,32293.0,6492.0,311972.0,847936.0,1159909.0,27.0,27.0,2.0,4.0,15.0,60.0,75.0,1471179.0,1806041.0,39186.0,22965.0,641834.0,3339373.0,3981207.0
2025-01-13,11.0,8.0,5.0,1.0,18.0,25.0,43.0,257669.0,206418.0,21438.0,2251.0,742256.0,487778.0,1230034.0,12.0,17.0,6.0,0.0,15.0,35.0,50.0,180927.0,938124.0,29229.0,0.0,562063.0,1148281.0,1710344.0,19.0,43.0,2.0,2.0,16.0,66.0,82.0,1117145.0,3722806.0,5452.0,14956.0,781998.0,4860360.0,5642359.0
2025-01-14,6.0,11.0,7.0,0.0,15.0,24.0,39.0,207341.0,573171.0,23218.0,0.0,579916.0,803731.0,1383648.0,6.0,6.0,2.0,0.0,8.0,14.0,22.0,105855.0,258270.0,11174.0,0.0,468698.0,375300.0,843999.0,23.0,36.0,2.0,0.0,22.0,61.0,83.0,1581257.0,2830511.0,21825.0,0.0,1784761.0,4433594.0,6218355.0
2025-01-15,5.0,5.0,3.0,1.0,14.0,14.0,28.0,138748.0,259173.0,14974.0,0.0,551852.0,412895.0,964747.0,12.0,8.0,8.0,0.0,11.0,28.0,39.0,120566.0,287305.0,25062.0,0.0,205169.0,432933.0,638102.0,18.0,37.0,2.0,3.0,16.0,60.0,76.0,887198.0,2303297.0,47619.0,23433.0,1116823.0,3261548.0,4378371.0
2025-01-16,9.0,13.0,4.0,1.0,14.0,27.0,41.0,181116.0,726513.0,11508.0,4660.0,360513.0,923798.0,1284312.0,9.0,6.0,4.0,0.0,11.0,19.0,30.0,101708.0,221253.0,12583.0,0.0,459284.0,335545.0,794830.0,20.0,46.0,7.0,1.0,15.0,74.0,89.0,1511841.0,4061676.0,79862.0,4218.0,800507.0,5657597.0,6458105.0
2025-01-17,7.0,12.0,1.0,2.0,14.0,22.0,36.0,89218.0,544431.0,9405.0,7897.0,570853.0,650953.0,1221806.0,6.0,13.0,2.0,0.0,9.0,21.0,30.0,113453.0,484832.0,15107.0,0.0,572119.0,613392.0,1185512.0,19.0,38.0,3.0,1.0,13.0,61.0,74.0,976750.0,2689188.0,43680.0,0.0,643495.0,3709619.0,4353114.0
2025-01-18,9.0,6.0,4.0,0.0,12.0,19.0,31.0,166954.0,237012.0,14970.0,0.0,893391.0,418936.0,1312328.0,2.0,8.0,3.0,0.0,6.0,13.0,19.0,21544.0,419997.0,33557.0,0.0,330557.0,475099.0,805656.0,12.0,35.0,8.0,5.0,12.0,60.0,72.0,865228.0,1846242.0,116848.0,15003.0,777303.0,2843322.0,3620625.0
2025-01-19,10.0,12.0,4.0,0.0,12.0,26.0,38.0,223215.0,619216.0,21172.0,0.0,728495.0,863604.0,1592100.0,7.0,10.0,1.0,0.0,16.0,18.0,34.0,107898.0,737934.0,3558.0,0.0,765483.0,849391.0,1614874.0,18.0,45.0,8.0,5.0,13.0,76.0,89.0,1027860.0,3593711.0,32033.0,11885.0,592235.0,4665490.0,5257726.0
2025-01-20,10.0,9.0,5.0,1.0,13.0,25.0,38.0,216612.0,492001.0,7681.0,0.0,406826.0,716296.0,1123123.0,5.0,12.0,3.0,0.0,8.0,20.0,28.0,57924.0,423414.0,19622.0,0.0,69715.0,500961.0,570676.0,20.0,45.0,3.0,4.0,22.0,72.0,94.0,1034075.0,2767178.0,51271.0,11977.0,1488524.0,3864502.0,5353026.0
2025-01-21,6.0,7.0,2.0,0.0,8.0,15.0,23.0,197032.0,467902.0,3840.0,0.0,249477.0,668775.0,918252.0,12.0,9.0,4.0,0.0,9.0,25.0,34.0,170099.0,523552.0,9005.0,0.0,294927.0,702657.0,997584.0,26.0,49.0,5.0,5.0,18.0,85.0,103.0,1606083.0,2092393.0,45503.0,19172.0,2253903.0,3763153.0,6017056.0
2025-01-22,11.0,8.0,7.0,0.0,18.0,26.0,44.0,305114.0,190964.0,43890.0,0.0,1112942.0,539969.0,1652912.0,4.0,11.0,2.0,1.0,11.0,18.0,29.0,73666.0,444836.0,9520.0,0.0,495493.0,528023.0,1023516.0,27.0,51.0,7.0,3.0,13.0,88.0,101.0,1668701.0,3076736.0,52722.0,14300.0,775486.0,4812461.0,5587947.0
2025-01-23,7.0,12.0,7.0,0.0,9.0,26.0,35.0,288792.0,770427.0,19997.0,0.0,731651.0,1079216.0,1810868.0,5.0,17.0,5.0,0.0,12.0,27.0,39.0,40966.0,694893.0,41749.0,0.0,711400.0,777609.0,1489010.0,20.0,38.0,4.0,2.0,23.0,64.0,87.0,1006101.0,1721805.0,47309.0,4188.0,1516288.0,2779404.0,4295692.0
2025-01-24,14.0,6.0,6.0,2.0,13.0,28.0,41.0,287585.0,272108.0,72641.0,1218.0,627906.0,633554.0,1261461.0,9.0,11.0,2.0,1.0,15.0,23.0,38.0,121096.0,600924.0,20133.0,1405.0,997334.0,743560.0,1740894.0,21.0,38.0,3.0,3.0,13.0,65.0,78.0,1398203.0,3103456.0,13680.0,2530.0,439461.0,4517869.0,4957330.0
2025-01-25,10.0,10.0,6.0,0.0,12.0,26.0,38.0,152097.0,202374.0,25115.0,0.0,572079.0,379586.0,951665.0,10.0,5.0,1.0,1.0,10.0,17.0,27.0,112294.0,110370.0,1037.0,0.0,367378.0,223702.0,591081.0,16.0,52.0,4.0,8.0,21.0,80.0,101.0,1225603.0,2864520.0,40528.0,36069.0,1536480.0,4166722.0,5703202.0
2025-01-26,9.0,10.0,6.0,1.0,11.0,26.0,37.0,132866.0,496851.0,36367.0,0.0,412992.0,666085.0,1079078.0,10.0,4.0,5.0,0.0,9.0,19.0,28.0,94719.0,319373.0,31555.0,0.0,534907.0,445648.0,980556.0,17.0,51.0,4.0,2.0,8.0,74.0,82.0,1027871.0,3212162.0,60000.0,15380.0,985362.0,4315415.0,5300777.0
2025-01-27,8.0,11.0,3.0,0.0,17.0,22.0,39.0,90922.0,631450.0,36318.0,0.0,657555.0,758691.0,1416246.0,8.0,10.0,4.0,1.0,15.0,23.0,38.0,125311.0,303064.0,30682.0,1535.0,967476.0,460593.0,1428069.0,17.0,39.0,0.0,4.0,10.0,60.0,70.0,859981.0,2096492.0,0.0,13077.0,507899.0,2969552.0,3477451.0
2025-01-28,7.0,11.0,5.0,0.0,17.0,23.0,40.0,117937.0,375263.0,39330.0,0.0,502212.0,532531.0,1034744.0,5.0,7.0,5.0,0.0,11.0,17.0,28.0,81328.0,442446.0,68492.0,0.0,664959.0,592267.0,1257226.0,25.0,55.0,2.0,1.0,9.0,83.0,92.0,1517008.0,3256322.0,15213.0,0.0,557275.0,4788544.0,5345820.0
2025-01-29,15.0,15.0,4.0,1.0,10.0,35.0,45.0,272068.0,808287.0,18527.0,0.0,577128.0,1098883.0,1676011.0,10.0,13.0,2.0,0.0,10.0,25.0,35.0,122803.0,552935.0,17696.0,0.0,546153.0,693436.0,1239590.0,25.0,43.0,7.0,4.0,18.0,79.0,97.0,1128373.0,2087866.0,46137.0,19886.0,1383253.0,3282263.0,4665517.0
2025-01-30,5.0,10.0,4.0,0.0,11.0,19.0,30.0,175621.0,271796.0,20728.0,0.0,519870.0,468147.0,988018.0,10.0,3.0,4.0,1.0,9.0,18.0,27.0,201694.0,152860.0,39754.0,0.0,582129.0,394308.0,976438.0,22.0,44.0,7.0,4.0,11.0,77.0,88.0,1379813.0,2695452.0,87391.0,6742.0,1199530.0,4169399.0,5368930.0
2025-01-31,10.0,7.0,4.0,0.0,21.0,21.0,42.0,253220.0,375242.0,11266.0,0.0,985397.0,639728.0,1625126.0,6.0,8.0,5.0,1.0,11.0,20.0,31.0,102275.0,516857.0,37346.0,3311.0,225838.0,659790.0,885629.0,18.0,36.0,8.0,6.0,8.0,68.0,76.0,1149011.0,2544414.0,77550.0,20820.0,312202.0,3791796.0,4103998.0
2025-02-01,10.0,3.0,1.0,0.0,10.0,14.0,24.0,107321.0,84094.0,1823.0,0.0,406061.0,193238.0,599300.0,8.0,10.0,7.0,0.0,9.0,25.0,34.0,91059.0,505554.0,72203.0,0.0,313451.0,668816.0,982267.0,13.0,42.0,3.0,5.0,10.0,63.0,73.0,1088211.0,2369965.0,9569.0,20136.0,875486.0,3487882.0,4363368.0
2025-02-02,13.0,3.0,6.0,0.0,14.0,22.0,36.0,259722.0,124343.0,47847.0,0.0,641690.0,431912.0,1073603.0,10.0,10.0,6.0,1.0,10.0,27.0,37.0,108051.0,461083.0,41316.0,0.0,755002.0,610451.0,1365454.0,16.0,42.0,0.0,2.0,13.0,60.0,73.0,696125.0,2716721.0,0.0,10385.0,1228290.0,3423232.0,4651522.0
2025-02-03,13.0,5.0,3.0,1.0,8.0,22.0,30.0,350838.0,273516.0,5203.0,1535.0,435180.0,631094.0,1066275.0,4.0,7.0,3.0,0.0,7.0,14.0,21.0,61806.0,298823.0,17489.0,0.0,335953.0,378119.0,714072.0,28.0,45.0,7.0,2.0,19.0,82.0,101.0,1910756.0,2322646.0,136984.0,0.0,953255.0,4370386.0,5323642.0
2025-02-04,9.0,12.0,2.0,2.0,4.0,25.0,29.0,319932.0,566392.0,5846.0,9345.0,166383.0,901516.0,1067900.0,6.0,8.0,4.0,1.0,10.0,19.0,29.0,69340.0,444421.0,24555.0,0.0,492131.0,538317.0,1030449.0,21.0,49.0,3.0,3.0,17.0,76.0,93.0,1263712.0,2544657.0,5358.0,7994.0,991659.0,3821722.0,4813382.0
2025-02-05,8.0,9.0,0.0,0.0,15.0,17.0,32.0,122013.0,530940.0,0.0,0.0,737486.0,652954.0,1390440.0,7.0,4.0,7.0,0.0,9.0,18.0,27.0,79858.0,249202.0,45946.0,0.0,341396.0,375007.0,716403.0,21.0,36.0,5.0,3.0,14.0,65.0,79.0,1617613.0,1724030.0,31804.0,4668.0,825292.0,3378116.0,4203408.0
2025-02-06,8.0,9.0,2.0,0.0,11.0,19.0,30.0,111620.0,731051.0,2720.0,0.0,466198.0,845392.0,1311590.0,7.0,12.0,4.0,1.0,13.0,24.0,37.0,70122.0,588169.0,37951.0,0.0,455544.0,696244.0,1151788.0,18.0,37.0,3.0,6.0,18.0,64.0,82.0,931788.0,2812214.0,5916.0,23445.0,1259723.0,3773364.0,5033088.0
2025-02-07,7.0,14.0,2.0,0.0,7.0,23.0,30.0,133938.0,443791.0,7502.0,0.0,238364.0,585232.0,823597.0,6.0,12.0,5.0,2.0,12.0,25.0,37.0,101244.0,446509.0,55336.0,9260.0,732679.0,612351.0,1345031.0,29.0,48.0,1.0,4.0,11.0,82.0,93.0,1381442.0,3260138.0,23243.0,24367.0,858783.0,4689192.0,5547976.0
2025-02-08,10.0,2.0,2.0,0.0,7.0,14.0,21.0,272378.0,109054.0,7289.0,0.0,342437.0,388722.0,731160.0,8.0,7.0,6.0,1.0,10.0,22.0,32.0,112933.0,236044.0,26090.0,0.0,180615.0,375069.0,555685.0,8.0,33.0,1.0,2.0,21.0,44.0,65.0,318421.0,2399981.0,3329.0,4893.0,1181264.0,2726626.0,3907890.0
2025-02-09,9.0,8.0,8.0,0.0,20.0,25.0,45.0,222055.0,462594.0,55381.0,0.0,727818.0,740031.0,1467850.0,6.0,10.0,4.0,1.0,11.0,21.0,32.0,58274.0,485681.0,27507.0,5482.0,688561.0,576945.0,1265507.0,18.0,30.0,5.0,2.0,18.0,55.0,73.0,850559.0,2486423.0,52115.0,9646.0,608941.0,3398743.0,4007685.0
2025-02-10,9.0,15.0,4.0,0.0,13.0,28.0,41.0,138981.0,1168732.0,11039.0,0.0,822212.0,1318754.0,2140966.0,9.0,11.0,5.0,0.0,10.0,25.0,35.0,94734.0,499359.0,53958.0,0.0,334982.0,648052.0,983034.0,20.0,45.0,7.0,2.0,17.0,74.0,91.0,1079220.0,3008869.0,58562.0,11387.0,940590.0,4158040.0,5098630.0
2025-02-11,11.0,7.0,4.0,0.0,16.0,22.0,38.0,384826.0,212264.0,23695.0,0.0,732384.0,620786.0,1353171.0,6.0,8.0,4.0,1.0,12.0,19.0,31.0,76325.0,574063.0,9438.0,953.0,392563.0,660781.0,1053344.0,26.0,49.0,2.0,1.0,19.0,78.0,97.0,1977489.0,2374799.0,30120.0,12622.0,1693785.0,4395031.0,6088817.0
2025-02-12,9.0,15.0,4.0,2.0,12.0,30.0,42.0,290095.0,754478.0,32437.0,947.0,342740.0,1077959.0,1420700.0,4.0,7.0,3.0,0.0,6.0,14.0,20.0,61846.0,192564.0,23117.0,0.0,416338.0,277528.0,693867.0,16.0,51.0,13.0,1.0,14.0,81.0,95.0,712056.0,3106567.0,80025.0,4993.0,504211.0,3903642.0,4407853.0
2025-02-13,14.0,11.0,5.0,0.0,12.0,30.0,42.0,289968.0,263482.0,10056.0,0.0,327885.0,563507.0,891393.0,11.0,8.0,2.0,1.0,17.0,22.0,39.0,136953.0,523265.0,5834.0,5677.0,891187.0,671731.0,1562919.0,18.0,50.0,2.0,2.0,13.0,72.0,85.0,1167971.0,3203997.0,911.0,6766.0,913613.0,4379646.0,5293260.0
2025-02-14,12.0,5.0,3.0,0.0,14.0,20.0,34.0,175498.0,223264.0,7562.0,0.0,430361.0,406326.0,836688.0,5.0,8.0,6.0,1.0,16.0,20.0,36.0,42259.0,441020.0,12464.0,0.0,690412.0,495743.0,1186156.0,16.0,49.0,5.0,2.0,11.0,72.0,83.0,1077775.0,3340479.0,98095.0,5398.0,1277432.0,4521749.0,5799181.0
2025-02-15,7.0,10.0,4.0,0.0,10.0,21.0,31.0,221723.0,776675.0,34451.0,0.0,358817.0,1032850.0,1391667.0,10.0,10.0,4.0,0.0,7.0,24.0,31.0,136634.0,752396.0,21148.0,0.0,284476.0,910179.0,1194655.0,24.0,49.0,3.0,4.0,14.0,80.0,94.0,1586198.0,3037751.0,47529.0,23865.0,995563.0,4695344.0,5690908.0
2025-02-16,5.0,5.0,5.0,0.0,20.0,15.0,35.0,68066.0,122408.0,47272.0,0.0,938637.0,237747.0,1176385.0,3.0,13.0,2.0,0.0,9.0,18.0,27.0,27822.0,639940.0,27153.0,0.0,489891.0,694916.0,1184807.0,26.0,42.0,4.0,5.0,20.0,77.0,97.0,1823162.0,2131737.0,15729.0,26825.0,957626.0,3997454.0,4955081.0
2025-02-17,11.0,6.0,4.0,0.0,12.0,21.0,33.0,176769.0,205789.0,5467.0,0.0,643798.0,388027.0,1031826.0,11.0,13.0,5.0,0.0,9.0,29.0,38.0,157606.0,548293.0,43066.0,0.0,485540.0,748965.0,1234505.0,17.0,51.0,5.0,4.0,10.0,77.0,87.0,787136.0,3192902.0,94239.0,28781.0,593079.0,4103059.0,4696139.0
2025-02-18,7.0,9.0,2.0,1.0,17.0,19.0,36.0,136660.0,497247.0,17892.0,4660.0,959963.0,656461.0,1616424.0,10.0,7.0,2.0,0.0,11.0,19.0,30.0,144281.0,261310.0,6203.0,0.0,393546.0,411795.0,805341.0,16.0,44.0,7.0,3.0,24.0,70.0,94.0,1032495.0,1548800.0,64621.0,13814.0,1049812.0,2659732.0,3709545.0
2025-02-19,13.0,10.0,3.0,1.0,13.0,27.0,40.0,379319.0,593742.0,8085.0,3828.0,149271.0,984975.0,1134247.0,8.0,8.0,5.0,0.0,11.0,21.0,32.0,79372.0,224739.0,32260.0,0.0,443589.0,336372.0,779962.0,15.0,42.0,2.0,5.0,16.0,64.0,80.0,1168290.0,1981749.0,2092.0,14549.0,1557467.0,3166683.0,4724150.0
2025-02-20,8.0,7.0,5.0,2.0,9.0,22.0,31.0,190809.0,270132.0,33602.0,0.0,174343.0,494544.0,668888.0,6.0,10.0,6.0,1.0,14.0,23.0,37.0,58905.0,728681.0,41738.0,1105.0,1080103.0,830431.0,1910534.0,24.0,63.0,7.0,3.0,15.0,97.0,112.0,1127695.0,3926357.0,14955.0,7322.0,1091873.0,5076331.0,6168204.0
2025-02-21,12.0,4.0,4.0,1.0,14.0,21.0,35.0,189827.0,189000.0,41530.0,0.0,771114.0,420357.0,1191472.0,11.0,5.0,5.0,0.0,10.0,21.0,31.0,158300.0,67259.0,16527.0,0.0,523783.0,242088.0,765871.0,22.0,37.0,6.0,4.0,13.0,69.0,82.0,1456384.0,3000787.0,55357.0,8907.0,789120.0,4521437.0,5310557.0
2025-02-22,8.0,8.0,4.0,0.0,12.0,20.0,32.0,86106.0,413647.0,54422.0,0.0,430580.0,554175.0,984756.0,4.0,9.0,5.0,0.0,14.0,18.0,32.0,60976.0,362844.0,28699.0,0.0,564982.0,452520.0,1017503.0,23.0,44.0,4.0,5.0,18.0,76.0,94.0,1277144.0,3482261.0,7402.0,8577.0,1585994.0,4775385.0,6361380.0
2025-02-23,7.0,7.0,3.0,0.0,10.0,17.0,27.0,212692.0,254072.0,21990.0,0.0,638795.0,488755.0,1127550.0,9.0,4.0,1.0,1.0,9.0,15.0,24.0,219446.0,186695.0,1750.0,0.0,482245.0,407893.0,890138.0,23.0,46.0,3.0,1.0,15.0,73.0,88.0,1342837.0,3847862.0,7632.0,5014.0,742829.0,5203346.0,5946175.0
2025-02-24,7.0,7.0,5.0,0.0,14.0,19.0,33.0,164155.0,299528.0,40028.0,0.0,425847.0,503711.0,929559.0,6.0,10.0,3.0,2.0,11.0,21.0,32.0,68737.0,771428.0,1702.0,0.0,381831.0,841868.0,1223700.0,22.0,47.0,5.0,2.0,17.0,76.0,93.0,1310122.0,2576210.0,22649.0,4376.0,1932762.0,3913358.0,5846121.0
2025-02-25,7.0,8.0,3.0,0.0,16.0,18.0,34.0,173882.0,533824.0,5144.0,0.0,656708.0,712850.0,1369558.0,8.0,10.0,6.0,1.0,9.0,25.0,34.0,69343.0,256895.0,22716.0,6258.0,439514.0,355214.0,794729.0,18.0,47.0,3.0,8.0,20.0,76.0,96.0,1119185.0,2513939.0,16582.0,39583.0,1213913.0,3689291.0,4903205.0
2025-02-26,7.0,9.0,8.0,0.0,12.0,24.0,36.0,147014.0,465880.0,43839.0,0.0,522545.0,656735.0,1179280.0,4.0,7.0,7.0,2.0,13.0,20.0,33.0,58301.0,282833.0,76151.0,1405.0,637528.0,418691.0,1056220.0,17.0,37.0,4.0,0.0,13.0,58.0,71.0,1570950.0,2355818.0,51026.0,0.0,716179.0,3977796.0,4693976.0
2025-02-27,9.0,12.0,10.0,0.0,10.0,31.0,41.0,246264.0,1024773.0,51561.0,0.0,233637.0,1322598.0,1556236.0,5.0,9.0,5.0,0.0,11.0,19.0,30.0,90322.0,713496.0,61101.0,0.0,659003.0,864920.0,1523923.0,28.0,46.0,4.0,2.0,13.0,80.0,93.0,1772509.0,2885184.0,41393.0,6464.0,478414.0,4705552.0,5183966.0
2025-02-28,12.0,13.0,0.0,0.0,10.0,25.0,35.0,230369.0,839170.0,0.0,0.0,380807.0,1069540.0,1450348.0,11.0,10.0,3.0,0.0,6.0,24.0,30.0,176870.0,456906.0,21237.0,0.0,283350.0,655013.0,938363.0,18.0,42.0,8.0,2.0,21.0,70.0,91.0,941549.0,2661419.0,139461.0,17529.0,827720.0,3759959.0,4587679.0
2025-03-01,7.0,11.0,2.0,0.0,12.0,20.0,32.0,85466.0,492122.0,4324.0,0.0,356179.0,581912.0,938092.0,3.0,5.0,4.0,0.0,10.0,12.0,22.0,26472.0,116938.0,21463.0,0.0,348792.0,164874.0,513667.0,20.0,39.0,4.0,3.0,20.0,66.0,86.0,1109596.0,2190524.0,24788.0,3956.0,1618525.0,3328865.0,4947390.0
2025-03-02,8.0,9.0,5.0,0.0,13.0,22.0,35.0,178853.0,396279.0,27937.0,0.0,926168.0,603070.0,1529239.0,6.0,11.0,6.0,2.0,16.0,25.0,41.0,80341.0,486092.0,38547.0,0.0,683179.0,604981.0,1288161.0,15.0,37.0,6.0,2.0,23.0,60.0,83.0,958498.0,2560781.0,37009.0,4050.0,1489560.0,3560340.0,5049900.0
2025-03-03,8.0,7.0,6.0,2.0,12.0,23.0,35.0,261593.0,312482.0,48985.0,3218.0,404942.0,626280.0,1031223.0,2.0,6.0,4.0,0.0,13.0,12.0,25.0,9708.0,400700.0,5425.0,0.0,583475.0,415834.0,999309.0,16.0,52.0,4.0,3.0,18.0,75.0,93.0,898797.0,3285266.0,46592.0,6099.0,950578.0,4236756.0,5187334.0
2025-03-04,11.0,11.0,6.0,1.0,21.0,29.0,50.0,361840.0,544004.0,24738.0,0.0,1087945.0,930582.0,2018527.0,8.0,11.0,3.0,0.0,11.0,22.0,33.0,100159.0,890682.0,14479.0,0.0,716943.0,1005320.0,1722264.0,15.0,44.0,0.0,6.0,19.0,65.0,84.0,763088.0,2780754.0,0.0,35160.0,1153008.0,3579003.0,4732012.0
2025-03-05,6.0,11.0,2.0,2.0,10.0,21.0,31.0,68550.0,520347.0,20973.0,4289.0,537125.0,614161.0,1151287.0,8.0,16.0,1.0,0.0,4.0,25.0,29.0,92447.0,653357.0,13109.0,0.0,101240.0,758914.0,860154.0,15.0,47.0,5.0,3.0,8.0,70.0,78.0,892296.0,3217893.0,57260.0,8893.0,884352.0,4176344.0,5060697.0
2025-03-06,8.0,6.0,3.0,0.0,12.0,17.0,29.0,216455.0,227612.0,11400.0,0.0,456605.0,455468.0,912073.0,7.0,13.0,4.0,0.0,14.0,24.0,38.0,71119.0,591532.0,16334.0,0.0,829072.0,678987.0,1508059.0,15.0,41.0,5.0,4.0,11.0,65.0,76.0,1009082.0,2880410.0,27607.0,24592.0,1200680.0,3941693.0,5142373.0
2025-03-07,15.0,8.0,3.0,1.0,19.0,27.0,46.0,316680.0,197563.0,7101.0,0.0,678631.0,521345.0,1199976.0,12.0,5.0,9.0,0.0,9.0,26.0,35.0,122799.0,223092.0,68206.0,0.0,612425.0,414098.0,1026523.0,25.0,30.0,2.0,5.0,13.0,62.0,75.0,1638125.0,2332274.0,15977.0,27960.0,750077.0,4014338.0,4764416.0
2025-03-08,8.0,14.0,4.0,2.0,9.0,28.0,37.0,149357.0,1311239.0,7096.0,0.0,705121.0,1467692.0,2172814.0,8.0,12.0,6.0,1.0,8.0,27.0,35.0,133051.0,661583.0,22712.0,0.0,373553.0,817347.0,1190900.0,23.0,53.0,4.0,5.0,12.0,85.0,97.0,1275671.0,4335877.0,38215.0,7167.0,769192.0,5656931.0,6426124.0
2025-03-09,7.0,13.0,2.0,1.0,11.0,23.0,34.0,112182.0,748999.0,1909.0,0.0,608428.0,863090.0,1471519.0,5.0,6.0,4.0,0.0,15.0,15.0,30.0,51126.0,323299.0,16625.0,0.0,902361.0,391050.0,1293412.0,24.0,51.0,2.0,3.0,25.0,80.0,105.0,1361916.0,2547911.0,17585.0,13829.0,1695426.0,3941243.0,5636669.0
2025-03-10,11.0,6.0,2.0,0.0,15.0,19.0,34.0,142061.0,259698.0,17289.0,0.0,583833.0,419049.0,1002882.0,7.0,10.0,5.0,0.0,10.0,22.0,32.0,96800.0,387502.0,37181.0,0.0,316856.0,521484.0,838341.0,24.0,35.0,3.0,2.0,18.0,64.0,82.0,1185266.0,2154489.0,35582.0,10328.0,1476610.0,3385666.0,4862277.0
2025-03-11,8.0,5.0,4.0,0.0,21.0,17.0,38.0,272905.0,311051.0,47657.0,0.0,1593030.0,631613.0,2224643.0,7.0,8.0,7.0,2.0,14.0,24.0,38.0,105119.0,465872.0,23782.0,0.0,834361.0,594773.0,1429135.0,15.0,43.0,1.0,2.0,15.0,61.0,76.0,719998.0,3121286.0,2262.0,6132.0,1025366.0,3849680.0,4875047.0
2025-03-12,13.0,6.0,5.0,1.0,9.0,25.0,34.0,285601.0,331554.0,9354.0,916.0,667434.0,627426.0,1294861.0,5.0,4.0,0.0,2.0,8.0,11.0,19.0,53383.0,137138.0,0.0,9044.0,458363.0,199565.0,657928.0,16.0,44.0,2.0,1.0,13.0,63.0,76.0,1044344.0,2470514.0,4271.0,5963.0,728588.0,3525093.0,4253682.0
2025-03-13,13.0,8.0,5.0,2.0,13.0,28.0,41.0,239532.0,426381.0,16508.0,0.0,434759.0,682422.0,1117182.0,9.0,10.0,3.0,1.0,15.0,23.0,38.0,122497.0,556689.0,2821.0,1405.0,1049098.0,683413.0,1732512.0,10.0,25.0,2.0,2.0,17.0,39.0,56.0,468000.0,1417290.0,0.0,14458.0,1024646.0,1899749.0,2924395.0
2025-03-14,7.0,7.0,4.0,2.0,13.0,20.0,33.0,179856.0,347288.0,21751.0,0.0,947919.0,548897.0,1496816.0,5.0,15.0,4.0,1.0,8.0,25.0,33.0,103424.0,893276.0,18824.0,5115.0,316555.0,1020640.0,1337196.0,22.0,24.0,3.0,1.0,9.0,50.0,59.0,1665072.0,1031913.0,40069.0,13863.0,350102.0,2750918.0,3101021.0
2025-03-15,9.0,12.0,4.0,0.0,11.0,25.0,36.0,222161.0,603571.0,66527.0,0.0,811615.0,892260.0,1703876.0,14.0,12.0,1.0,0.0,15.0,27.0,42.0,172257.0,400242.0,1293.0,0.0,1282587.0,573793.0,1856380.0,26.0,47.0,9.0,5.0,13.0,87.0,100.0,1668714.0,3556689.0,45142.0,22460.0,1348535.0,5293007.0,6641542.0
2025-03-16,10.0,11.0,6.0,1.0,21.0,28.0,49.0,150302.0,201176.0,46776.0,9044.0,1081485.0,407300.0,1488786.0,5.0,8.0,3.0,1.0,14.0,17.0,31.0,73268.0,299758.0,48322.0,0.0,624370.0,421349.0,1045720.0,25.0,36.0,2.0,3.0,17.0,66.0,83.0,1513993.0,2514056.0,11116.0,20826.0,1846524.0,4059992.0,5906517.0
2025-03-17,9.0,6.0,5.0,1.0,16.0,21.0,37.0,168697.0,210271.0,24885.0,0.0,857049.0,403854.0,1260904.0,7.0,7.0,4.0,1.0,15.0,19.0,34.0,119299.0,494003.0,11734.0,0.0,880204.0,625037.0,1505242.0,18.0,40.0,3.0,5.0,7.0,66.0,73.0,960797.0,3347836.0,50505.0,24255.0,1112449.0,4383395.0,5495844.0
2025-03-18,9.0,7.0,3.0,1.0,9.0,20.0,29.0,213674.0,259771.0,13245.0,0.0,378489.0,486691.0,865180.0,3.0,15.0,4.0,2.0,13.0,24.0,37.0,23833.0,577846.0,36409.0,10522.0,413042.0,648610.0,1061652.0,21.0,35.0,5.0,2.0,10.0,63.0,73.0,1017169.0,2800834.0,61146.0,8424.0,555516.0,3887573.0,4443090.0
2025-03-19,4.0,8.0,1.0,0.0,14.0,13.0,27.0,76048.0,398988.0,742.0,0.0,561102.0,475780.0,1036882.0,10.0,9.0,5.0,0.0,17.0,24.0,41.0,96069.0,513037.0,5811.0,0.0,611942.0,614918.0,1226861.0,15.0,32.0,2.0,3.0,13.0,52.0,65.0,1033188.0,2738347.0,13385.0,18269.0,806896.0,3803192.0,4610088.0
2025-03-20,5.0,12.0,4.0,2.0,13.0,23.0,36.0,101169.0,678854.0,18711.0,3583.0,740542.0,802318.0,1542861.0,4.0,5.0,3.0,0.0,12.0,12.0,24.0,35209.0,238193.0,17848.0,0.0,957918.0,291251.0,1249169.0,24.0,40.0,1.0,5.0,10.0,70.0,80.0,1318445.0,2868476.0,3537.0,19220.0,1425143.0,4209679.0,5634823.0
2025-03-21,10.0,10.0,4.0,1.0,17.0,25.0,42.0,172159.0,605665.0,10881.0,0.0,701435.0,788705.0,1490141.0,14.0,6.0,4.0,0.0,11.0,24.0,35.0,214420.0,226541.0,51227.0,0.0,562827.0,492189.0,1055017.0,21.0,41.0,3.0,0.0,22.0,65.0,87.0,1222429.0,4003605.0,53195.0,0.0,1155809.0,5279231.0,6435040.0
2025-03-22,7.0,11.0,7.0,2.0,13.0,27.0,40.0,169588.0,526457.0,19312.0,10522.0,562351.0,725880.0,1288232.0,5.0,10.0,4.0,0.0,10.0,19.0,29.0,44363.0,315229.0,21756.0,0.0,723318.0,381349.0,1104667.0,23.0,38.0,10.0,7.0,12.0,78.0,90.0,1607059.0,2469682.0,136086.0,38040.0,1101058.0,4250868.0,5351927.0
2025-03-23,10.0,15.0,5.0,0.0,15.0,30.0,45.0,263046.0,622611.0,6542.0,0.0,525251.0,892200.0,1417451.0,7.0,9.0,4.0,0.0,16.0,20.0,36.0,115209.0,336291.0,19352.0,0.0,933053.0,470853.0,1403906.0,14.0,38.0,3.0,4.0,12.0,59.0,71.0,1069102.0,2054901.0,64194.0,14081.0,1024351.0,3202280.0,4226631.0
2025-03-24,5.0,13.0,4.0,0.0,19.0,22.0,41.0,87478.0,688728.0,4677.0,0.0,985250.0,780884.0,1766134.0,7.0,4.0,4.0,0.0,11.0,15.0,26.0,94924.0,142475.0,56502.0,0.0,441395.0,293902.0,735297.0,23.0,40.0,2.0,3.0,11.0,68.0,79.0,1373409.0,2818983.0,22765.0,18721.0,1022841.0,4233879.0,5256720.0
2025-03-25,8.0,7.0,4.0,0.0,13.0,19.0,32.0,230999.0,350870.0,7763.0,0.0,440761.0,589632.0,1030394.0,6.0,13.0,2.0,1.0,13.0,22.0,35.0,137982.0,741768.0,5930.0,0.0,730035.0,885681.0,1615716.0,12.0,32.0,4.0,4.0,8.0,52.0,60.0,579909.0,1811644.0,5017.0,15813.0,869105.0,2412384.0,3281489.0
2025-03-26,11.0,10.0,3.0,0.0,17.0,24.0,41.0,349180.0,624854.0,15211.0,0.0,793633.0,989246.0,1782879.0,5.0,7.0,2.0,1.0,10.0,15.0,25.0,61611.0,306197.0,5772.0,0.0,579655.0,373581.0,953236.0,24.0,36.0,2.0,4.0,24.0,66.0,90.0,1439106.0,2626005.0,2900.0,19581.0,2087275.0,4087594.0,6174869.0
2025-03-27,9.0,5.0,3.0,0.0,17.0,17.0,34.0,145386.0,287067.0,45313.0,0.0,829742.0,477767.0,1307509.0,10.0,13.0,0.0,1.0,8.0,24.0,32.0,128709.0,706715.0,0.0,760.0,400194.0,836185.0,1236379.0,25.0,37.0,4.0,2.0,22.0,68.0,90.0,1516090.0,2562111.0,46003.0,4492.0,1518878.0,4128698.0,5647577.0
2025-03-28,11.0,11.0,3.0,1.0,24.0,26.0,50.0,176955.0,823977.0,75739.0,1102.0,776397.0,1077775.0,1854173.0,6.0,14.0,7.0,0.0,13.0,27.0,40.0,131420.0,862381.0,15927.0,0.0,956445.0,1009729.0,1966175.0,28.0,44.0,2.0,7.0,19.0,81.0,100.0,2044022.0,3240622.0,14342.0,35912.0,997785.0,5334900.0,6332685.0
2025-03-29,7.0,5.0,3.0,0.0,13.0,15.0,28.0,203043.0,198314.0,41686.0,0.0,362365.0,443044.0,805410.0,5.0,7.0,1.0,0.0,11.0,13.0,24.0,63891.0,446355.0,0.0,0.0,551962.0,510247.0,1062210.0,14.0,49.0,8.0,1.0,17.0,72.0,89.0,949130.0,4345898.0,107476.0,0.0,1477125.0,5402505.0,6879631.0
2025-03-30,7.0,11.0,4.0,0.0,19.0,22.0,41.0,204854.0,509440.0,29333.0,0.0,613995.0,743627.0,1357623.0,9.0,10.0,3.0,0.0,13.0,22.0,35.0,97003.0,491998.0,5238.0,0.0,809557.0,594239.0,1403797.0,8.0,40.0,0.0,2.0,13.0,50.0,63.0,398579.0,2878434.0,0.0,16230.0,781590.0,3293244.0,4074834.0
2025-03-31,8.0,9.0,4.0,2.0,12.0,23.0,35.0,130171.0,629659.0,30018.0,0.0,789193.0,789849.0,1579042.0,14.0,13.0,4.0,0.0,10.0,31.0,41.0,169857.0,681546.0,51985.0,0.0,554682.0,903389.0,1458072.0,21.0,42.0,7.0,4.0,8.0,74.0,82.0,1118425.0,2517074.0,83642.0,22529.0,264143.0,3741671.0,4005815.0
2025-04-01,11.0,11.0,2.0,0.0,13.0,24.0,37.0,132721.0,617843.0,4149.0,0.0,749552.0,754714.0,1504266.0,3.0,10.0,1.0,1.0,9.0,15.0,24.0,59749.0,767510.0,35096.0,0.0,236941.0,862356.0,1099298.0,17.0,34.0,3.0,6.0,18.0,60.0,78.0,1265281.0,2321865.0,39898.0,20351.0,1720487.0,3647396.0,5367884.0
2025-04-02,12.0,7.0,2.0,1.0,14.0,22.0,36.0,257925.0,200991.0,3356.0,0.0,451539.0,462274.0,913813.0,6.0,9.0,5.0,2.0,11.0,22.0,33.0,58570.0,637695.0,9022.0,6767.0,613976.0,712056.0,1326033.0,20.0,41.0,6.0,3.0,16.0,70.0,86.0,1108528.0,3689470.0,89530.0,22033.0,1185264.0,4909562.0,6094827.0
2025-04-03,12.0,13.0,4.0,0.0,14.0,29.0,43.0,198614.0,807045.0,24536.0,0.0,814197.0,1030195.0,1844393.0,9.0,6.0,6.0,1.0,19.0,22.0,41.0,109745.0,248036.0,41944.0,0.0,942499.0,399727.0,1342226.0,19.0,42.0,2.0,1.0,21.0,64.0,85.0,1204451.0,2205711.0,23613.0,0.0,1731454.0,3433776.0,5165231.0
2025-04-04,13.0,8.0,1.0,1.0,19.0,23.0,42.0,160534.0,336783.0,746.0,2293.0,789921.0,500357.0,1290278.0,5.0,12.0,6.0,0.0,15.0,23.0,38.0,105842.0,670075.0,36111.0,0.0,791379.0,812029.0,1603408.0,22.0,40.0,2.0,1.0,15.0,65.0,80.0,1465761.0,2806334.0,26327.0,0.0,859604.0,4298423.0,5158028.0
2025-04-05,7.0,10.0,6.0,1.0,15.0,24.0,39.0,182982.0,514696.0,22773.0,0.0,708756.0,720453.0,1429209.0,10.0,8.0,5.0,0.0,15.0,23.0,38.0,131462.0,551818.0,37965.0,0.0,508184.0,721247.0,1229432.0,23.0,38.0,5.0,1.0,16.0,67.0,83.0,1208797.0,2477591.0,66987.0,6228.0,1238391.0,3759604.0,4997996.0
2025-04-06,4.0,8.0,4.0,1.0,7.0,17.0,24.0,166342.0,444889.0,44467.0,1838.0,66607.0,657539.0,724146.0,4.0,10.0,5.0,1.0,6.0,20.0,26.0,108207.0,541701.0,26202.0,0.0,228416.0,676110.0,904526.0,16.0,30.0,2.0,3.0,13.0,51.0,64.0,1360753.0,3474355.0,30923.0,5789.0,726018.0,4871822.0,5597840.0
2025-04-07,10.0,4.0,3.0,0.0,14.0,17.0,31.0,295963.0,207017.0,7636.0,0.0,562797.0,510617.0,1073415.0,9.0,5.0,5.0,0.0,19.0,19.0,38.0,138622.0,180111.0,45854.0,0.0,1076752.0,364588.0,1441340.0,22.0,34.0,1.0,6.0,26.0,63.0,89.0,1150313.0,1751434.0,0.0,20654.0,1729274.0,2922401.0,4651676.0
2025-04-08,7.0,5.0,4.0,1.0,11.0,17.0,28.0,118185.0,492614.0,19569.0,0.0,594780.0,630369.0,1225149.0,4.0,11.0,6.0,1.0,15.0,22.0,37.0,21859.0,640071.0,64260.0,0.0,613271.0,726192.0,1339463.0,16.0,31.0,8.0,6.0,20.0,61.0,81.0,816393.0,2329685.0,84592.0,20093.0,1838139.0,3250764.0,5088903.0
2025-04-09,7.0,11.0,3.0,0.0,16.0,21.0,37.0,238468.0,439059.0,13732.0,0.0,809743.0,691260.0,1501003.0,7.0,9.0,7.0,1.0,10.0,24.0,34.0,85610.0,490138.0,70701.0,5664.0,753862.0,652114.0,1405976.0,21.0,41.0,4.0,2.0,13.0,68.0,81.0,1573700.0,3418967.0,26948.0,8175.0,1435453.0,5027792.0,6463246.0
2025-04-10,14.0,14.0,3.0,0.0,17.0,31.0,48.0,355859.0,724849.0,9088.0,0.0,771600.0,1089797.0,1861397.0,4.0,7.0,8.0,2.0,10.0,21.0,31.0,32115.0,223700.0,82868.0,1838.0,452010.0,340522.0,792533.0,16.0,29.0,1.0,1.0,18.0,47.0,65.0,787335.0,2500112.0,19548.0,8735.0,1263940.0,3315732.0,4579673.0
2025-04-11,9.0,10.0,3.0,0.0,16.0,22.0,38.0,145251.0,408523.0,12910.0,0.0,1067134.0,566685.0,1633820.0,6.0,1.0,2.0,2.0,14.0,11.0,25.0,52316.0,31493.0,8351.0,916.0,661655.0,93078.0,754733.0,26.0,47.0,4.0,1.0,26.0,78.0,104.0,1675969.0,3421779.0,58482.0,3820.0,2284341.0,5160051.0,7444392.0
2025-04-12,4.0,11.0,7.0,1.0,17.0,23.0,40.0,59326.0,788400.0,56815.0,0.0,641561.0,904541.0,1546103.0,5.0,9.0,5.0,1.0,11.0,20.0,31.0,50752.0,496106.0,36287.0,0.0,658329.0,583145.0,1241475.0,9.0,46.0,7.0,5.0,16.0,67.0,83.0,550890.0,3647952.0,41249.0,27347.0,1319127.0,4267439.0,5586566.0
2025-04-13,10.0,11.0,5.0,1.0,25.0,27.0,52.0,219034.0,558175.0,46596.0,1095.0,1249586.0,824902.0,2074489.0,9.0,7.0,6.0,2.0,16.0,24.0,40.0,102266.0,302886.0,30249.0,4912.0,750611.0,440315.0,1190927.0,18.0,41.0,6.0,4.0,13.0,69.0,82.0,1299266.0,3301648.0,42539.0,20875.0,902523.0,4664330.0,5566854.0
2025-04-14,11.0,5.0,4.0,2.0,12.0,22.0,34.0,293499.0,262498.0,26744.0,6492.0,466409.0,589234.0,1055644.0,9.0,7.0,0.0,1.0,11.0,17.0,28.0,130320.0,300480.0,0.0,0.0,735151.0,430801.0,1165952.0,15.0,43.0,4.0,1.0,13.0,63.0,76.0,1065182.0,3835179.0,60793.0,7886.0,611192.0,4969042.0,5580234.0
2025-04-15,3.0,8.0,6.0,0.0,11.0,17.0,28.0,66227.0,390855.0,10591.0,0.0,631130.0,467673.0,1098804.0,7.0,11.0,4.0,0.0,6.0,22.0,28.0,83654.0,668161.0,15456.0,0.0,352927.0,767272.0,1120199.0,20.0,43.0,4.0,1.0,24.0,68.0,92.0,1313719.0,3309528.0,55326.0,3695.0,1571680.0,4682270.0,6253951.0
2025-04-16,10.0,6.0,6.0,0.0,17.0,22.0,39.0,156585.0,246243.0,48305.0,0.0,1180657.0,451134.0,1631792.0,9.0,7.0,2.0,1.0,16.0,19.0,35.0,113712.0,301338.0,7730.0,1754.0,839593.0,424535.0,1264129.0,23.0,48.0,7.0,5.0,16.0,83.0,99.0,1431669.0,2428217.0,51307.0,15016.0,1046385.0,3926211.0,4972597.0
2025-04-17,14.0,7.0,4.0,2.0,13.0,27.0,40.0,309288.0,356404.0,30630.0,4912.0,682366.0,701236.0,1383602.0,1.0,10.0,3.0,0.0,9.0,14.0,23.0,0.0,539813.0,61921.0,0.0,740773.0,601735.0,1342508.0,18.0,31.0,4.0,2.0,11.0,55.0,66.0,1028815.0,1763501.0,57672.0,11690.0,982390.0,2861678.0,3844069.0
2025-04-18,11.0,7.0,4.0,1.0,22.0,23.0,45.0,84660.0,245865.0,6949.0,900.0,664726.0,338376.0,1003102.0,6.0,9.0,3.0,1.0,13.0,19.0,32.0,118071.0,593541.0,18465.0,2768.0,383458.0,732846.0,1116304.0,28.0,45.0,4.0,4.0,21.0,81.0,102.0,1761523.0,2879896.0,7596.0,14772.0,1239544.0,4663789.0,5903333.0
2025-04-19,6.0,7.0,2.0,0.0,15.0,15.0,30.0,78694.0,219655.0,15266.0,0.0,610533.0,313617.0,924151.0,8.0,15.0,7.0,1.0,13.0,31.0,44.0,107437.0,507935.0,61636.0,6492.0,813731.0,683502.0,1497234.0,14.0,45.0,1.0,2.0,16.0,62.0,78.0,786105.0,3804731.0,0.0,7113.0,950227.0,4597951.0,5548178.0
2025-04-20,8.0,8.0,3.0,0.0,12.0,19.0,31.0,196677.0,454932.0,9431.0,0.0,642579.0,661040.0,1303620.0,8.0,6.0,0.0,1.0,5.0,15.0,20.0,95978.0,299497.0,0.0,0.0,322713.0,395476.0,718189.0,17.0,27.0,4.0,4.0,18.0,52.0,70.0,1103656.0,1793699.0,56123.0,23942.0,1732738.0,2977420.0,4710159.0
2025-04-21,11.0,13.0,2.0,0.0,10.0,26.0,36.0,196388.0,741303.0,16014.0,0.0,432494.0,953706.0,1386201.0,8.0,13.0,8.0,1.0,13.0,30.0,43.0,62630.0,622393.0,60275.0,5677.0,1119545.0,750978.0,1870523.0,17.0,32.0,4.0,5.0,19.0,58.0,77.0,828523.0,2112342.0,35824.0,19038.0,1287060.0,2995728.0,4282788.0
2025-04-22,10.0,9.0,6.0,3.0,12.0,28.0,40.0,285528.0,481565.0,8547.0,2768.0,434115.0,778409.0,1212525.0,11.0,10.0,5.0,1.0,8.0,27.0,35.0,189157.0,458622.0,26698.0,6056.0,579061.0,680535.0,1259596.0,22.0,39.0,4.0,5.0,11.0,70.0,81.0,1429915.0,3005393.0,54814.0,20163.0,535116.0,4510288.0,5045404.0
2025-04-23,9.0,11.0,4.0,1.0,14.0,25.0,39.0,297417.0,645697.0,38186.0,2502.0,449632.0,983803.0,1433436.0,4.0,12.0,7.0,0.0,9.0,23.0,32.0,41048.0,625266.0,41569.0,0.0,609852.0,707885.0,1317737.0,20.0,50.0,3.0,5.0,16.0,78.0,94.0,1208313.0,4441405.0,17198.0,22906.0,1088868.0,5689824.0,6778693.0
2025-04-24,9.0,9.0,3.0,0.0,13.0,21.0,34.0,222089.0,365885.0,3223.0,0.0,531838.0,591198.0,1123037.0,6.0,7.0,2.0,0.0,17.0,15.0,32.0,62743.0,285689.0,2365.0,0.0,1009275.0,350798.0,1360074.0,27.0,48.0,3.0,5.0,21.0,83.0,104.0,1757779.0,3476752.0,28770.0,22688.0,1287712.0,5285990.0,6573702.0
2025-04-25,9.0,12.0,3.0,0.0,16.0,24.0,40.0,116782.0,520861.0,9400.0,0.0,726048.0,647043.0,1373092.0,8.0,9.0,2.0,0.0,12.0,19.0,31.0,89643.0,428386.0,5162.0,0.0,803776.0,523192.0,1326968.0,21.0,51.0,3.0,1.0,16.0,76.0,92.0,1602144.0,4384784.0,31087.0,2505.0,841470.0,6020522.0,6861992.0
2025-04-26,11.0,6.0,3.0,1.0,9.0,21.0,30.0,160636.0,311123.0,12877.0,5677.0,422538.0,490315.0,912853.0,8.0,13.0,2.0,2.0,11.0,25.0,36.0,78621.0,526118.0,11507.0,4229.0,522746.0,620476.0,1143222.0,15.0,44.0,5.0,7.0,19.0,71.0,90.0,967246.0,3274175.0,46668.0,24752.0,1306874.0,4312842.0,5619717.0
2025-04-27,7.0,8.0,7.0,0.0,10.0,22.0,32.0,144773.0,292882.0,40333.0,0.0,765872.0,477988.0,1243861.0,6.0,9.0,6.0,1.0,5.0,22.0,27.0,70614.0,614092.0,40850.0,0.0,201120.0,725556.0,926677.0,21.0,38.0,3.0,3.0,13.0,65.0,78.0,1255525.0,2810950.0,37805.0,17083.0,1184398.0,4121364.0,5305762.0
2025-04-28,7.0,9.0,6.0,1.0,10.0,23.0,33.0,97777.0,246656.0,59270.0,6056.0,361922.0,409761.0,771683.0,4.0,11.0,6.0,0.0,11.0,21.0,32.0,77436.0,581268.0,66140.0,0.0,202491.0,724844.0,927335.0,19.0,43.0,4.0,6.0,10.0,72.0,82.0,978135.0,2639439.0,25230.0,33206.0,1008800.0,3676010.0,4684811.0
2025-04-29,12.0,15.0,6.0,2.0,24.0,35.0,59.0,156298.0,919124.0,36868.0,0.0,1015965.0,1112291.0,2128256.0,7.0,13.0,7.0,1.0,11.0,28.0,39.0,107617.0,708078.0,40727.0,0.0,662272.0,856424.0,1518696.0,16.0,46.0,2.0,3.0,22.0,67.0,89.0,1055869.0,3379872.0,51942.0,3985.0,1406039.0,4491669.0,5897709.0
2025-04-30,3.0,2.0,1.0,0.0,11.0,6.0,17.0,14374.0,168218.0,434.0,0.0,472180.0,183027.0,655208.0,4.0,9.0,5.0,0.0,10.0,18.0,28.0,58080.0,454544.0,8762.0,0.0,622965.0,521386.0,1144352.0,18.0,46.0,4.0,2.0,15.0,70.0,85.0,1393956.0,3437573.0,68825.0,11062.0,654597.0,4911417.0,5566015.0
2025-05-01,15.0,8.0,4.0,1.0,23.0,28.0,51.0,309622.0,505904.0,22363.0,6056.0,1408217.0,843946.0,2252164.0,8.0,4.0,6.0,0.0,8.0,18.0,26.0,157875.0,177644.0,29978.0,0.0,457048.0,365499.0,822548.0,9.0,35.0,1.0,2.0,13.0,47.0,60.0,598980.0,2319621.0,0.0,6291.0,1405691.0,2924893.0,4330585.0
2025-05-02,8.0,12.0,3.0,2.0,10.0,25.0,35.0,132791.0,585276.0,22286.0,4442.0,662776.0,744797.0,1407573.0,7.0,6.0,3.0,0.0,6.0,16.0,22.0,126336.0,103146.0,34670.0,0.0,316843.0,264152.0,580996.0,20.0,28.0,0.0,6.0,9.0,54.0,63.0,1551862.0,2868771.0,0.0,8067.0,317067.0,4428701.0,4745768.0
2025-05-03,8.0,8.0,7.0,0.0,10.0,23.0,33.0,123694.0,572599.0,59757.0,0.0,479949.0,756051.0,1236001.0,9.0,7.0,3.0,2.0,20.0,21.0,41.0,118672.0,357645.0,51958.0,6258.0,543040.0,534534.0,1077575.0,13.0,37.0,2.0,2.0,17.0,54.0,71.0,680477.0,2776671.0,52498.0,10207.0,1472178.0,3519855.0,4992033.0
2025-05-04,7.0,9.0,2.0,0.0,8.0,18.0,26.0,154200.0,480376.0,387.0,0.0,330518.0,634964.0,965482.0,5.0,8.0,6.0,2.0,12.0,21.0,33.0,61518.0,547648.0,5826.0,7508.0,747923.0,622501.0,1370425.0,28.0,45.0,9.0,1.0,17.0,83.0,100.0,1995839.0,3516071.0,105861.0,7529.0,773455.0,5625301.0,6398757.0
2025-05-05,9.0,8.0,4.0,1.0,13.0,22.0,35.0,215768.0,378369.0,32452.0,3556.0,408209.0,630146.0,1038355.0,7.0,4.0,3.0,1.0,11.0,15.0,26.0,109320.0,351297.0,7884.0,4442.0,568294.0,472944.0,1041238.0,23.0,59.0,6.0,5.0,17.0,93.0,110.0,1573405.0,4832580.0,59054.0,28203.0,746883.0,6493244.0,7240127.0
2025-05-06,10.0,6.0,7.0,0.0,12.0,23.0,35.0,387168.0,139292.0,34233.0,0.0,444521.0,560694.0,1005215.0,3.0,11.0,4.0,1.0,12.0,19.0,31.0,30628.0,574719.0,8985.0,5042.0,647814.0,619376.0,1267191.0,30.0,45.0,6.0,5.0,25.0,86.0,111.0,1760065.0,3799287.0,30760.0,21162.0,1155611.0,5611275.0,6766886.0
2025-05-07,11.0,8.0,4.0,0.0,9.0,23.0,32.0,291617.0,157536.0,40798.0,0.0,402614.0,489952.0,892567.0,8.0,6.0,5.0,1.0,9.0,20.0,29.0,106007.0,401745.0,26401.0,0.0,303908.0,534154.0,838063.0,19.0,56.0,6.0,2.0,14.0,83.0,97.0,997040.0,4743710.0,19747.0,7865.0,1629305.0,5768362.0,7397668.0
2025-05-08,11.0,10.0,0.0,1.0,17.0,22.0,39.0,188149.0,472955.0,0.0,0.0,633604.0,661105.0,1294709.0,6.0,13.0,7.0,0.0,13.0,26.0,39.0,92749.0,829946.0,36509.0,0.0,961007.0,959205.0,1920213.0,24.0,52.0,6.0,2.0,19.0,84.0,103.0,1236710.0,3586649.0,75313.0,7210.0,903600.0,4905883.0,5809484.0
2025-05-09,12.0,6.0,4.0,0.0,9.0,22.0,31.0,150688.0,116781.0,10922.0,0.0,737822.0,278392.0,1016215.0,6.0,12.0,8.0,0.0,9.0,26.0,35.0,64672.0,835485.0,23637.0,0.0,292014.0,923795.0,1215809.0,23.0,43.0,2.0,1.0,15.0,69.0,84.0,1625558.0,3091603.0,5562.0,4351.0,651195.0,4727076.0,5378272.0
2025-05-10,10.0,8.0,2.0,0.0,22.0,20.0,42.0,194089.0,644228.0,4880.0,0.0,964727.0,843198.0,1807926.0,5.0,6.0,8.0,1.0,16.0,20.0,36.0,55405.0,221580.0,71983.0,0.0,859007.0,348969.0,1207977.0,3.0,37.0,2.0,2.0,20.0,44.0,64.0,270173.0,2147742.0,7549.0,18537.0,1100829.0,2444002.0,3544831.0
2025-05-11,3.0,6.0,2.0,2.0,13.0,13.0,26.0,64069.0,188319.0,14169.0,7038.0,346130.0,273596.0,619727.0,5.0,11.0,4.0,0.0,8.0,20.0,28.0,67075.0,542104.0,2371.0,0.0,441047.0,611551.0,1052599.0,8.0,40.0,0.0,2.0,12.0,50.0,62.0,307071.0,3640461.0,0.0,13863.0,524524.0,3961395.0,4485920.0
2025-05-12,5.0,5.0,4.0,1.0,9.0,15.0,24.0,161980.0,307867.0,17564.0,0.0,412311.0,487412.0,899723.0,6.0,13.0,6.0,0.0,8.0,25.0,33.0,62397.0,727152.0,23191.0,0.0,321928.0,812742.0,1134670.0,31.0,47.0,6.0,5.0,19.0,89.0,108.0,1858546.0,3599462.0,86365.0,29964.0,1392769.0,5574340.0,6967109.0
2025-05-13,11.0,13.0,3.0,1.0,13.0,28.0,41.0,228963.0,666668.0,10834.0,0.0,350597.0,906466.0,1257064.0,10.0,10.0,5.0,0.0,7.0,25.0,32.0,134293.0,373646.0,13035.0,0.0,499522.0,520975.0,1020497.0,21.0,35.0,4.0,6.0,19.0,66.0,85.0,1594435.0,2199598.0,25548.0,23150.0,1551009.0,3842733.0,5393742.0
2025-05-14,8.0,15.0,4.0,0.0,15.0,27.0,42.0,165642.0,674231.0,22900.0,0.0,1195346.0,862774.0,2058121.0,10.0,9.0,3.0,1.0,6.0,23.0,29.0,146403.0,342719.0,1643.0,0.0,362153.0,490766.0,852920.0,41.0,62.0,7.0,8.0,21.0,118.0,139.0,2485220.0,3625596.0,89613.0,41916.0,996936.0,6242347.0,7239283.0
2025-05-15,12.0,14.0,5.0,2.0,16.0,33.0,49.0,160965.0,660190.0,47694.0,0.0,728812.0,868851.0,1597663.0,4.0,7.0,3.0,3.0,17.0,17.0,34.0,67346.0,207174.0,2925.0,0.0,1106904.0,277447.0,1384351.0,25.0,49.0,8.0,4.0,16.0,86.0,102.0,1512488.0,2343962.0,48175.0,18057.0,617753.0,3922684.0,4540437.0
2025-05-16,14.0,11.0,5.0,1.0,14.0,31.0,45.0,209436.0,636384.0,41759.0,5668.0,666158.0,893249.0,1559407.0,7.0,7.0,7.0,2.0,16.0,23.0,39.0,120262.0,161491.0,35767.0,6307.0,598278.0,323829.0,922107.0,28.0,63.0,5.0,3.0,24.0,99.0,123.0,1768905.0,5168847.0,57443.0,16121.0,1881120.0,7011317.0,8892438.0
2025-05-17,6.0,6.0,5.0,0.0,18.0,17.0,35.0,131869.0,361603.0,16227.0,0.0,1005666.0,509699.0,1515366.0,7.0,8.0,5.0,1.0,12.0,21.0,33.0,155094.0,324048.0,7265.0,0.0,659462.0,486408.0,1145870.0,18.0,57.0,7.0,2.0,16.0,84.0,100.0,1229469.0,4358955.0,37154.0,9079.0,743318.0,5634660.0,6377978.0
2025-05-18,16.0,9.0,2.0,1.0,10.0,28.0,38.0,252687.0,590613.0,14660.0,0.0,412596.0,857960.0,1270557.0,9.0,11.0,4.0,1.0,10.0,25.0,35.0,103493.0,495692.0,1717.0,0.0,595477.0,600903.0,1196380.0,19.0,48.0,8.0,5.0,24.0,80.0,104.0,1216553.0,3946720.0,102590.0,28493.0,1456975.0,5294358.0,6751334.0
2025-05-19,9.0,8.0,2.0,0.0,11.0,19.0,30.0,153111.0,453377.0,23503.0,0.0,681901.0,629992.0,1311894.0,8.0,9.0,5.0,2.0,9.0,24.0,33.0,91726.0,385504.0,47340.0,9376.0,664174.0,533948.0,1198123.0,11.0,43.0,4.0,7.0,19.0,65.0,84.0,713057.0,2442423.0,20282.0,26470.0,1846906.0,3202233.0,5049140.0
2025-05-20,9.0,12.0,4.0,1.0,24.0,26.0,50.0,280587.0,455392.0,31728.0,4604.0,1252320.0,772313.0,2024633.0,5.0,13.0,8.0,0.0,10.0,26.0,36.0,57662.0,633244.0,97298.0,0.0,556789.0,788205.0,1344994.0,6.0,32.0,0.0,2.0,10.0,40.0,50.0,487882.0,2274302.0,0.0,6228.0,829568.0,2768413.0,3597981.0
2025-05-21,9.0,7.0,2.0,1.0,17.0,19.0,36.0,211431.0,326918.0,39368.0,0.0,983014.0,577717.0,1560732.0,7.0,9.0,7.0,0.0,15.0,23.0,38.0,87924.0,484552.0,30051.0,0.0,1036629.0,602528.0,1639158.0,10.0,24.0,1.0,0.0,15.0,35.0,50.0,480690.0,2099586.0,0.0,0.0,1276660.0,2580277.0,3856937.0
2025-05-22,7.0,2.0,3.0,0.0,15.0,12.0,27.0,208137.0,105833.0,35849.0,0.0,247013.0,349820.0,596833.0,8.0,6.0,5.0,0.0,9.0,19.0,28.0,77757.0,260943.0,29077.0,0.0,344960.0,367778.0,712738.0,16.0,30.0,2.0,1.0,17.0,49.0,66.0,834206.0,1814028.0,2624.0,6911.0,1797134.0,2657770.0,4454905.0
2025-05-23,8.0,7.0,7.0,1.0,14.0,23.0,37.0,120152.0,207321.0,62096.0,1703.0,945662.0,391273.0,1336936.0,8.0,8.0,6.0,3.0,15.0,25.0,40.0,125495.0,301221.0,35810.0,4921.0,969169.0,467448.0,1436617.0,22.0,43.0,1.0,4.0,19.0,70.0,89.0,1277307.0,3394511.0,5262.0,13730.0,1331422.0,4690813.0,6022235.0
2025-05-24,8.0,12.0,2.0,0.0,21.0,22.0,43.0,196127.0,634774.0,11610.0,0.0,859566.0,842512.0,1702078.0,4.0,7.0,6.0,2.0,10.0,19.0,29.0,46417.0,460428.0,53711.0,1095.0,648554.0,561654.0,1210208.0,34.0,47.0,6.0,10.0,14.0,97.0,111.0,1851339.0,3447071.0,31169.0,32876.0,605887.0,5362457.0,5968344.0
2025-05-25,10.0,14.0,4.0,0.0,16.0,28.0,44.0,136178.0,650880.0,5419.0,0.0,582854.0,792479.0,1375333.0,7.0,10.0,6.0,0.0,15.0,23.0,38.0,115141.0,501320.0,37739.0,0.0,864982.0,654201.0,1519183.0,31.0,50.0,4.0,3.0,15.0,88.0,103.0,2198733.0,3131035.0,45232.0,26117.0,576582.0,5401118.0,5977700.0
2025-05-26,9.0,7.0,3.0,1.0,10.0,20.0,30.0,255907.0,385836.0,8444.0,0.0,338319.0,650189.0,988508.0,6.0,11.0,6.0,1.0,8.0,24.0,32.0,93664.0,482985.0,54084.0,5286.0,423817.0,636021.0,1059838.0,17.0,47.0,8.0,2.0,24.0,74.0,98.0,964113.0,4006476.0,79818.0,11305.0,1615279.0,5061713.0,6676993.0
2025-05-27,10.0,12.0,1.0,0.0,11.0,23.0,34.0,109542.0,543963.0,7429.0,0.0,613790.0,660935.0,1274725.0,3.0,10.0,8.0,1.0,16.0,22.0,38.0,23238.0,255171.0,19688.0,2707.0,900148.0,300805.0,1200954.0,20.0,50.0,1.0,3.0,18.0,74.0,92.0,1305867.0,4477955.0,6599.0,22865.0,614895.0,5813288.0,6428184.0
2025-05-28,8.0,8.0,4.0,0.0,9.0,20.0,29.0,297895.0,316805.0,30738.0,0.0,313122.0,645439.0,958561.0,6.0,4.0,3.0,1.0,9.0,14.0,23.0,125872.0,190304.0,6642.0,0.0,624108.0,322819.0,946928.0,27.0,46.0,2.0,5.0,21.0,80.0,101.0,2017980.0,3902064.0,35877.0,17215.0,1225871.0,5973137.0,7199009.0
2025-05-29,10.0,9.0,5.0,2.0,18.0,26.0,44.0,204985.0,348026.0,31752.0,3139.0,700367.0,587903.0,1288271.0,8.0,11.0,9.0,1.0,10.0,29.0,39.0,77315.0,699654.0,91720.0,2300.0,605122.0,870990.0,1476112.0,17.0,36.0,3.0,1.0,20.0,57.0,77.0,1055496.0,2626404.0,11188.0,6228.0,1272946.0,3699316.0,4972263.0
2025-05-30,6.0,7.0,5.0,1.0,21.0,19.0,40.0,74588.0,292823.0,77248.0,0.0,1000851.0,444660.0,1445511.0,8.0,10.0,5.0,1.0,13.0,24.0,37.0,94057.0,446468.0,9531.0,0.0,360858.0,550057.0,910916.0,10.0,47.0,4.0,2.0,10.0,63.0,73.0,650185.0,4539539.0,26499.0,3029.0,287485.0,5219254.0,5506739.0
2025-05-31,9.0,12.0,3.0,0.0,18.0,24.0,42.0,224298.0,658665.0,21578.0,0.0,1018299.0,904542.0,1922841.0,7.0,7.0,4.0,1.0,8.0,19.0,27.0,104938.0,483816.0,5245.0,6492.0,633695.0,600492.0,1234187.0,12.0,46.0,2.0,6.0,18.0,66.0,84.0,734178.0,4381915.0,34670.0,25221.0,1527445.0,5175986.0,6703431.0
2025-06-01,10.0,11.0,3.0,1.0,12.0,25.0,37.0,256130.0,776800.0,42118.0,5042.0,567368.0,1080092.0,1647461.0,10.0,11.0,6.0,0.0,12.0,27.0,39.0,107909.0,534586.0,43927.0,0.0,467213.0,686422.0,1153636.0,15.0,38.0,3.0,3.0,14.0,59.0,73.0,1098733.0,2223254.0,49355.0,16855.0,707631.0,3388199.0,4095830.0
2025-06-02,10.0,5.0,5.0,0.0,13.0,20.0,33.0,254694.0,353766.0,29771.0,0.0,837551.0,638231.0,1475783.0,10.0,11.0,9.0,0.0,10.0,30.0,40.0,167581.0,527042.0,29962.0,0.0,522957.0,724587.0,1247544.0,26.0,51.0,4.0,4.0,16.0,85.0,101.0,1516655.0,3622956.0,11633.0,12298.0,445528.0,5163543.0,5609072.0
2025-06-03,6.0,9.0,1.0,0.0,11.0,16.0,27.0,153067.0,197220.0,8536.0,0.0,358297.0,358824.0,717122.0,7.0,8.0,4.0,1.0,10.0,20.0,30.0,57270.0,261604.0,55697.0,0.0,453935.0,374572.0,828508.0,29.0,52.0,7.0,8.0,15.0,96.0,111.0,1578615.0,4305547.0,96608.0,42725.0,713418.0,6023497.0,6736916.0
2025-06-04,7.0,9.0,3.0,1.0,14.0,20.0,34.0,133708.0,395545.0,19265.0,0.0,587127.0,548519.0,1135646.0,6.0,14.0,6.0,2.0,15.0,28.0,43.0,95875.0,574707.0,66098.0,5042.0,889642.0,741723.0,1631366.0,19.0,47.0,4.0,1.0,18.0,71.0,89.0,1228101.0,3541055.0,61903.0,2923.0,1313985.0,4833983.0,6147968.0
2025-06-05,11.0,4.0,6.0,4.0,8.0,25.0,33.0,180685.0,273162.0,14562.0,6492.0,331756.0,474903.0,806660.0,7.0,10.0,3.0,0.0,11.0,20.0,31.0,137233.0,419613.0,37204.0,0.0,525652.0,594051.0,1119703.0,39.0,43.0,4.0,4.0,15.0,90.0,105.0,2049686.0,2172982.0,44245.0,17663.0,937909.0,4284577.0,5222487.0
2025-06-06,14.0,3.0,5.0,0.0,18.0,22.0,40.0,303597.0,155275.0,7957.0,0.0,833719.0,466830.0,1300550.0,10.0,6.0,5.0,0.0,11.0,21.0,32.0,137894.0,315842.0,39308.0,0.0,792863.0,493045.0,1285908.0,29.0,46.0,3.0,5.0,22.0,83.0,105.0,1787051.0,3079827.0,33154.0,28463.0,1324053.0,4928495.0,6252549.0
2025-06-07,10.0,8.0,2.0,0.0,13.0,20.0,33.0,114125.0,260605.0,3029.0,0.0,858977.0,377759.0,1236737.0,10.0,14.0,5.0,0.0,11.0,29.0,40.0,157959.0,873912.0,30886.0,0.0,543515.0,1062758.0,1606274.0,18.0,57.0,4.0,0.0,20.0,79.0,99.0,1232041.0,4602731.0,20632.0,0.0,656826.0,5855405.0,6512232.0
2025-06-08,8.0,9.0,5.0,0.0,15.0,22.0,37.0,179780.0,368035.0,18527.0,0.0,630417.0,566343.0,1196760.0,5.0,8.0,2.0,2.0,12.0,17.0,29.0,65242.0,303042.0,6279.0,0.0,627976.0,374563.0,1002539.0,14.0,56.0,3.0,1.0,14.0,74.0,88.0,1016222.0,5261838.0,58808.0,5789.0,436178.0,6342659.0,6778837.0
2025-06-09,9.0,12.0,1.0,0.0,18.0,22.0,40.0,133996.0,501761.0,1676.0,0.0,965786.0,637434.0,1603221.0,3.0,14.0,9.0,0.0,19.0,26.0,45.0,49709.0,583717.0,82443.0,0.0,453048.0,715869.0,1168918.0,21.0,42.0,2.0,3.0,18.0,68.0,86.0,1532038.0,2916497.0,15040.0,19876.0,636743.0,4483451.0,5120195.0
2025-06-10,7.0,11.0,2.0,0.0,16.0,20.0,36.0,245989.0,641177.0,2963.0,0.0,362358.0,890129.0,1252488.0,4.0,8.0,5.0,1.0,11.0,18.0,29.0,42333.0,371762.0,39585.0,0.0,592944.0,453682.0,1046626.0,29.0,30.0,5.0,7.0,22.0,71.0,93.0,1252832.0,2737036.0,87472.0,24408.0,700325.0,4101749.0,4802075.0
2025-06-11,12.0,7.0,8.0,3.0,17.0,30.0,47.0,233611.0,280301.0,31290.0,0.0,779351.0,545203.0,1324554.0,9.0,8.0,6.0,1.0,11.0,24.0,35.0,151339.0,445211.0,38120.0,4013.0,425054.0,638685.0,1063739.0,15.0,36.0,2.0,3.0,9.0,56.0,65.0,815101.0,2869528.0,21879.0,10694.0,572751.0,3717204.0,4289956.0
2025-06-12,10.0,8.0,5.0,0.0,15.0,23.0,38.0,221165.0,425734.0,22514.0,0.0,723051.0,669414.0,1392466.0,11.0,13.0,9.0,0.0,11.0,33.0,44.0,109083.0,591909.0,48144.0,0.0,757506.0,749137.0,1506644.0,19.0,50.0,0.0,2.0,12.0,71.0,83.0,1332654.0,4587052.0,0.0,4461.0,1200422.0,5924169.0,7124591.0
2025-06-13,10.0,9.0,3.0,0.0,20.0,22.0,42.0,129418.0,534132.0,12114.0,0.0,999916.0,675665.0,1675581.0,5.0,10.0,2.0,0.0,7.0,17.0,24.0,67081.0,403911.0,7008.0,0.0,323430.0,478001.0,801432.0,18.0,43.0,3.0,5.0,13.0,69.0,82.0,761622.0,3872216.0,46686.0,21904.0,1609129.0,4702430.0,6311560.0
2025-06-14,7.0,7.0,4.0,0.0,16.0,18.0,34.0,141018.0,428484.0,5478.0,0.0,383292.0,574982.0,958274.0,4.0,12.0,4.0,2.0,14.0,22.0,36.0,77320.0,539680.0,63662.0,6056.0,521170.0,686719.0,1207890.0,31.0,64.0,6.0,1.0,21.0,102.0,123.0,1905858.0,4367799.0,39778.0,6977.0,1890373.0,6320413.0,8210787.0
2025-06-15,13.0,8.0,5.0,0.0,16.0,26.0,42.0,208631.0,237982.0,44019.0,0.0,636926.0,490632.0,1127558.0,10.0,8.0,3.0,2.0,12.0,23.0,35.0,156064.0,361764.0,4072.0,9044.0,516233.0,530945.0,1047179.0,22.0,46.0,4.0,8.0,23.0,80.0,103.0,1499572.0,3625635.0,74248.0,54101.0,2135833.0,5253557.0,7389390.0
2025-06-16,9.0,5.0,4.0,0.0,12.0,18.0,30.0,112024.0,187719.0,5994.0,0.0,523382.0,305738.0,829120.0,11.0,5.0,4.0,1.0,14.0,21.0,35.0,100988.0,180433.0,19020.0,5677.0,793127.0,306121.0,1099248.0,22.0,61.0,3.0,5.0,21.0,91.0,112.0,954492.0,4397989.0,6759.0,32588.0,1361202.0,5391830.0,6753032.0
2025-06-17,9.0,12.0,9.0,0.0,15.0,30.0,45.0,280632.0,518079.0,64928.0,0.0,876154.0,863640.0,1739795.0,1.0,8.0,6.0,0.0,8.0,15.0,23.0,13325.0,417689.0,18226.0,0.0,798767.0,449241.0,1248009.0,11.0,50.0,1.0,1.0,12.0,63.0,75.0,523279.0,3924991.0,7360.0,7529.0,800646.0,4463161.0,5263807.0
2025-06-18,8.0,16.0,4.0,0.0,16.0,28.0,44.0,310935.0,534165.0,29974.0,0.0,656682.0,875075.0,1531757.0,5.0,7.0,4.0,1.0,9.0,17.0,26.0,91193.0,165782.0,20944.0,2127.0,409373.0,280048.0,689421.0,15.0,48.0,0.0,2.0,22.0,65.0,87.0,993139.0,2690466.0,0.0,12452.0,1265289.0,3696058.0,4961348.0
2025-06-19,8.0,12.0,4.0,2.0,8.0,26.0,34.0,145268.0,475677.0,10791.0,15100.0,216305.0,646838.0,863143.0,3.0,5.0,2.0,0.0,12.0,10.0,22.0,36601.0,368238.0,2943.0,0.0,659713.0,407783.0,1067497.0,20.0,31.0,1.0,1.0,10.0,53.0,63.0,1187246.0,1988937.0,3438.0,5962.0,711638.0,3185585.0,3897224.0
2025-06-20,10.0,6.0,8.0,0.0,11.0,24.0,35.0,221111.0,207036.0,66650.0,0.0,689181.0,494797.0,1183979.0,7.0,4.0,2.0,1.0,13.0,14.0,27.0,88725.0,209277.0,23046.0,2768.0,751073.0,323817.0,1074890.0,15.0,35.0,3.0,5.0,17.0,58.0,75.0,1267626.0,2875515.0,22543.0,7899.0,1433265.0,4173585.0,5606851.0
2025-06-21,10.0,6.0,2.0,0.0,18.0,18.0,36.0,163303.0,302574.0,4868.0,0.0,804047.0,470745.0,1274793.0,8.0,5.0,0.0,0.0,11.0,13.0,24.0,120330.0,277140.0,0.0,0.0,515422.0,397470.0,912892.0,47.0,44.0,2.0,2.0,22.0,95.0,117.0,2228090.0,4329634.0,1686.0,3902.0,1784004.0,6563313.0,8347318.0
2025-06-22,9.0,6.0,2.0,1.0,16.0,18.0,34.0,175714.0,236738.0,19012.0,4289.0,619224.0,435755.0,1054980.0,2.0,5.0,3.0,0.0,15.0,10.0,25.0,27242.0,257766.0,22760.0,0.0,989790.0,307769.0,1297560.0,29.0,37.0,5.0,5.0,13.0,76.0,89.0,2421144.0,3319779.0,49964.0,18770.0,1218325.0,5809658.0,7027983.0
2025-06-23,5.0,9.0,4.0,0.0,9.0,18.0,27.0,52885.0,314051.0,8563.0,0.0,434105.0,375500.0,809606.0,6.0,11.0,2.0,1.0,9.0,20.0,29.0,65891.0,522725.0,5634.0,6621.0,324248.0,600872.0,925121.0,9.0,32.0,3.0,2.0,16.0,46.0,62.0,518756.0,2282936.0,70868.0,11440.0,1420110.0,2884003.0,4304113.0
2025-06-24,9.0,7.0,3.0,1.0,15.0,20.0,35.0,333168.0,414170.0,26958.0,2768.0,547036.0,777065.0,1324101.0,3.0,11.0,3.0,0.0,15.0,17.0,32.0,52646.0,427138.0,13889.0,0.0,554514.0,493674.0,1048189.0,22.0,42.0,5.0,4.0,15.0,73.0,88.0,1026463.0,3048048.0,57747.0,7342.0,678651.0,4139600.0,4818251.0
2025-06-25,4.0,4.0,3.0,1.0,16.0,12.0,28.0,191211.0,126044.0,3294.0,0.0,379313.0,320551.0,699864.0,5.0,8.0,4.0,0.0,10.0,17.0,27.0,57832.0,342463.0,18446.0,0.0,527890.0,418743.0,946634.0,8.0,46.0,2.0,4.0,9.0,60.0,69.0,481863.0,4448147.0,43497.0,23348.0,936368.0,4996856.0,5933224.0
2025-06-26,12.0,5.0,1.0,1.0,19.0,19.0,38.0,189125.0,393304.0,28278.0,6492.0,829782.0,617201.0,1446983.0,7.0,10.0,2.0,0.0,9.0,19.0,28.0,137247.0,461818.0,15176.0,0.0,678359.0,614242.0,1292602.0,14.0,44.0,2.0,1.0,18.0,61.0,79.0,1188822.0,3388704.0,36766.0,7346.0,1025181.0,4621639.0,5646821.0
2025-06-27,12.0,11.0,3.0,1.0,20.0,27.0,47.0,271063.0,712265.0,9411.0,6621.0,850072.0,999362.0,1849434.0,9.0,3.0,7.0,0.0,14.0,19.0,33.0,119951.0,65391.0,26360.0,0.0,533442.0,211703.0,745146.0,15.0,33.0,2.0,1.0,15.0,51.0,66.0,1200928.0,1631133.0,22442.0,7326.0,972251.0,2861831.0,3834082.0
2025-06-28,6.0,9.0,5.0,2.0,13.0,22.0,35.0,142825.0,276224.0,22098.0,4922.0,694136.0,446071.0,1140207.0,9.0,10.0,3.0,0.0,9.0,22.0,31.0,164966.0,631440.0,47216.0,0.0,491959.0,843624.0,1335583.0,31.0,41.0,2.0,6.0,12.0,80.0,92.0,1973176.0,2514491.0,12963.0,15787.0,227863.0,4516418.0,4744282.0
2025-06-29,10.0,11.0,6.0,0.0,10.0,27.0,37.0,284886.0,384030.0,34002.0,0.0,552393.0,702919.0,1255313.0,5.0,7.0,1.0,0.0,6.0,13.0,19.0,70369.0,259712.0,14316.0,0.0,399740.0,344398.0,744139.0,24.0,61.0,5.0,8.0,18.0,98.0,116.0,1526175.0,4637857.0,33264.0,15615.0,1261420.0,6212913.0,7474333.0
2025-06-30,11.0,6.0,5.0,0.0,14.0,22.0,36.0,112248.0,222691.0,32837.0,0.0,638192.0,367777.0,1005970.0,1.0,12.0,3.0,1.0,15.0,17.0,32.0,4948.0,542954.0,55350.0,2160.0,734828.0,605414.0,1340242.0,32.0,70.0,5.0,11.0,27.0,118.0,145.0,2011855.0,5908648.0,52917.0,50494.0,1718529.0,8023915.0,9742444.0
2025-07-01,6.0,10.0,3.0,1.0,16.0,20.0,36.0,184200.0,470759.0,2779.0,0.0,802872.0,657739.0,1460612.0,6.0,13.0,5.0,4.0,15.0,28.0,43.0,74682.0,454388.0,27409.0,16565.0,639936.0,573046.0,1212983.0,29.0,74.0,8.0,6.0,27.0,117.0,144.0,1315812.0,5582285.0,94591.0,15814.0,1619581.0,7008503.0,8628085.0
2025-07-02,8.0,11.0,3.0,1.0,15.0,23.0,38.0,196219.0,352795.0,48961.0,0.0,984798.0,597975.0,1582774.0,8.0,9.0,2.0,0.0,15.0,19.0,34.0,75044.0,523056.0,4374.0,0.0,1179251.0,602475.0,1781727.0,23.0,60.0,8.0,5.0,12.0,96.0,108.0,1501717.0,6300826.0,95508.0,18880.0,861073.0,7916933.0,8778006.0
2025-07-03,11.0,8.0,4.0,0.0,16.0,23.0,39.0,173270.0,416732.0,10081.0,0.0,762562.0,600084.0,1362646.0,4.0,13.0,2.0,0.0,10.0,19.0,29.0,58868.0,625816.0,15994.0,0.0,867377.0,700679.0,1568056.0,23.0,53.0,6.0,2.0,14.0,84.0,98.0,1447600.0,3284438.0,69161.0,5932.0,990424.0,4807133.0,5797557.0
2025-07-04,7.0,9.0,1.0,1.0,11.0,18.0,29.0,119947.0,612162.0,5921.0,2160.0,540516.0,740192.0,1280708.0,6.0,6.0,4.0,0.0,14.0,16.0,30.0,84821.0,259120.0,18708.0,0.0,534433.0,362650.0,897084.0,21.0,48.0,4.0,3.0,14.0,76.0,90.0,1440434.0,3555302.0,21433.0,13444.0,445201.0,5030616.0,5475817.0
2025-07-05,4.0,11.0,6.0,0.0,14.0,21.0,35.0,41436.0,534085.0,45889.0,0.0,666142.0,621412.0,1287554.0,10.0,5.0,3.0,0.0,7.0,18.0,25.0,103513.0,226325.0,10138.0,0.0,437782.0,339977.0,777759.0,9.0,45.0,4.0,2.0,15.0,60.0,75.0,749981.0,3735673.0,4233.0,12382.0,1032195.0,4502270.0,5534466.0
2025-07-06,9.0,9.0,5.0,2.0,21.0,25.0,46.0,202662.0,281969.0,15919.0,3311.0,1009516.0,503863.0,1513379.0,5.0,12.0,6.0,0.0,7.0,23.0,30.0,71199.0,467857.0,69830.0,0.0,430145.0,608887.0,1039032.0,13.0,42.0,4.0,2.0,10.0,61.0,71.0,869710.0,2976310.0,50013.0,6228.0,778652.0,3902262.0,4680914.0
2025-07-07,13.0,7.0,6.0,0.0,18.0,26.0,44.0,347047.0,254451.0,29552.0,0.0,1006322.0,631052.0,1637375.0,10.0,11.0,5.0,0.0,10.0,26.0,36.0,178519.0,829532.0,16443.0,0.0,495064.0,1024495.0,1519560.0,25.0,41.0,1.0,3.0,15.0,70.0,85.0,1387568.0,3539447.0,1696.0,14199.0,497709.0,4942913.0,5440622.0
2025-07-08,8.0,14.0,4.0,0.0,10.0,26.0,36.0,165378.0,789828.0,3708.0,0.0,675521.0,958915.0,1634436.0,9.0,11.0,2.0,0.0,13.0,22.0,35.0,112626.0,397658.0,18986.0,0.0,647747.0,529271.0,1177019.0,20.0,64.0,6.0,7.0,14.0,97.0,111.0,1154022.0,5490759.0,50064.0,25884.0,1275048.0,6720730.0,7995779.0
2025-07-09,10.0,7.0,9.0,0.0,19.0,26.0,45.0,227789.0,338692.0,56559.0,0.0,940691.0,623042.0,1563733.0,2.0,9.0,2.0,0.0,13.0,13.0,26.0,28569.0,586909.0,40373.0,0.0,935472.0,655852.0,1591325.0,25.0,63.0,6.0,2.0,26.0,96.0,122.0,1885919.0,5400234.0,58817.0,5903.0,1318972.0,7350875.0,8669847.0
2025-07-10,8.0,8.0,6.0,0.0,16.0,22.0,38.0,197951.0,534827.0,39034.0,0.0,848882.0,771813.0,1620695.0,5.0,10.0,4.0,1.0,16.0,20.0,36.0,66658.0,348666.0,41627.0,0.0,725941.0,456953.0,1182894.0,20.0,53.0,4.0,6.0,19.0,83.0,102.0,928939.0,4546339.0,50516.0,33563.0,1220090.0,5559358.0,6779449.0
2025-07-11,11.0,3.0,3.0,0.0,20.0,17.0,37.0,138473.0,166906.0,14228.0,0.0,801253.0,319608.0,1120862.0,8.0,8.0,6.0,1.0,14.0,23.0,37.0,129555.0,420171.0,32512.0,11263.0,981969.0,593502.0,1575471.0,7.0,36.0,1.0,0.0,14.0,44.0,58.0,381413.0,2141056.0,2447.0,0.0,839198.0,2524918.0,3364116.0
2025-07-12,8.0,8.0,3.0,1.0,12.0,20.0,32.0,112266.0,476301.0,3003.0,0.0,486582.0,591571.0,1078153.0,12.0,14.0,5.0,0.0,8.0,31.0,39.0,179610.0,781181.0,17067.0,0.0,351198.0,977859.0,1329058.0,7.0,48.0,3.0,3.0,15.0,61.0,76.0,406364.0,3593261.0,14583.0,11153.0,997035.0,4025361.0,5022396.0
2025-07-13,5.0,11.0,4.0,0.0,11.0,20.0,31.0,159953.0,551359.0,25977.0,0.0,558788.0,737291.0,1296079.0,8.0,9.0,2.0,0.0,15.0,19.0,34.0,112887.0,386148.0,857.0,0.0,927117.0,499893.0,1427011.0,42.0,62.0,5.0,3.0,23.0,112.0,135.0,2975784.0,4670042.0,80767.0,19476.0,779165.0,7746071.0,8525236.0
2025-07-14,8.0,8.0,2.0,0.0,20.0,18.0,38.0,126612.0,269823.0,2945.0,0.0,1317650.0,399381.0,1717031.0,2.0,10.0,6.0,0.0,8.0,18.0,26.0,15135.0,570286.0,52268.0,0.0,303786.0,637691.0,941477.0,28.0,63.0,3.0,6.0,16.0,100.0,116.0,1329073.0,4337900.0,21388.0,20890.0,628213.0,5709253.0,6337467.0
2025-07-15,7.0,11.0,2.0,3.0,14.0,23.0,37.0,110806.0,529546.0,8287.0,11263.0,633760.0,659904.0,1293665.0,9.0,6.0,6.0,2.0,10.0,23.0,33.0,149417.0,439949.0,61719.0,0.0,657134.0,651086.0,1308220.0,30.0,46.0,4.0,6.0,16.0,86.0,102.0,1426684.0,2576334.0,31126.0,13906.0,783970.0,4048051.0,4832021.0
2025-07-16,8.0,7.0,6.0,0.0,16.0,21.0,37.0,218169.0,324421.0,15637.0,0.0,651875.0,558227.0,1210103.0,4.0,6.0,4.0,1.0,11.0,15.0,26.0,34220.0,390512.0,19940.0,4092.0,541102.0,448766.0,989869.0,17.0,52.0,4.0,2.0,16.0,75.0,91.0,1145691.0,3783792.0,55325.0,8161.0,1296190.0,4992971.0,6289161.0
2025-07-17,11.0,6.0,5.0,1.0,10.0,23.0,33.0,180771.0,474178.0,30262.0,0.0,329463.0,685213.0,1014676.0,8.0,7.0,7.0,0.0,13.0,22.0,35.0,102062.0,587747.0,35670.0,0.0,722369.0,725479.0,1447849.0,8.0,36.0,5.0,0.0,17.0,49.0,66.0,697886.0,2563900.0,100275.0,0.0,1372894.0,3362062.0,4734956.0
2025-07-18,11.0,7.0,5.0,0.0,10.0,23.0,33.0,264081.0,233478.0,10586.0,0.0,570526.0,508146.0,1078673.0,4.0,6.0,2.0,2.0,10.0,14.0,24.0,61435.0,248039.0,9258.0,6160.0,609672.0,324892.0,934564.0,6.0,33.0,2.0,2.0,15.0,43.0,58.0,500227.0,3087327.0,29790.0,19170.0,1325646.0,3636515.0,4962162.0
2025-07-19,7.0,12.0,4.0,0.0,16.0,23.0,39.0,123042.0,718557.0,19269.0,0.0,436276.0,860869.0,1297146.0,4.0,8.0,5.0,0.0,7.0,17.0,24.0,84604.0,292413.0,24593.0,0.0,259630.0,401611.0,661241.0,37.0,55.0,4.0,4.0,20.0,100.0,120.0,2328323.0,2661330.0,59398.0,17320.0,991662.0,5066372.0,6058035.0
2025-07-20,7.0,8.0,4.0,1.0,18.0,20.0,38.0,113752.0,351634.0,34933.0,0.0,771451.0,500321.0,1271772.0,4.0,7.0,1.0,2.0,9.0,14.0,23.0,56883.0,304754.0,4161.0,2502.0,517498.0,368301.0,885800.0,34.0,65.0,10.0,9.0,22.0,118.0,140.0,2002341.0,4069192.0,118206.0,42399.0,1754410.0,6232139.0,7986550.0
2025-07-21,8.0,5.0,9.0,0.0,17.0,22.0,39.0,259353.0,364456.0,42243.0,0.0,633130.0,666053.0,1299184.0,7.0,12.0,9.0,1.0,7.0,29.0,36.0,81634.0,490426.0,66279.0,0.0,230831.0,638339.0,869171.0,25.0,48.0,2.0,2.0,25.0,77.0,102.0,1199203.0,3713782.0,46425.0,10528.0,1457062.0,4969939.0,6427002.0
2025-07-22,14.0,13.0,5.0,0.0,18.0,32.0,50.0,225442.0,1157390.0,27292.0,0.0,1041986.0,1410125.0,2452111.0,9.0,14.0,2.0,0.0,20.0,25.0,45.0,153613.0,635152.0,8098.0,0.0,652083.0,796865.0,1448948.0,15.0,49.0,4.0,8.0,13.0,76.0,89.0,865257.0,3053295.0,36789.0,14528.0,635429.0,3969870.0,4605300.0
2025-07-23,7.0,9.0,6.0,1.0,13.0,23.0,36.0,217293.0,480314.0,18459.0,6258.0,917145.0,722325.0,1639471.0,6.0,3.0,4.0,0.0,5.0,13.0,18.0,64502.0,95574.0,9149.0,0.0,197013.0,169227.0,366240.0,22.0,62.0,4.0,1.0,19.0,89.0,108.0,1278322.0,4613729.0,29023.0,3104.0,1225840.0,5924179.0,7150020.0
2025-07-24,10.0,10.0,5.0,1.0,18.0,26.0,44.0,199882.0,625165.0,33187.0,4660.0,583381.0,862897.0,1446278.0,6.0,12.0,3.0,1.0,12.0,22.0,34.0,94488.0,506702.0,24491.0,10574.0,616474.0,636256.0,1252731.0,17.0,50.0,3.0,3.0,12.0,73.0,85.0,1289761.0,3854983.0,43601.0,30543.0,804702.0,5218890.0,6023592.0
2025-07-25,14.0,4.0,2.0,0.0,17.0,20.0,37.0,243466.0,116525.0,7167.0,0.0,740330.0,367159.0,1107489.0,6.0,7.0,3.0,1.0,13.0,17.0,30.0,91863.0,275720.0,3225.0,4093.0,939530.0,374904.0,1314434.0,15.0,45.0,0.0,6.0,10.0,66.0,76.0,925515.0,4034266.0,0.0,30170.0,682232.0,4989952.0,5672184.0
2025-07-26,9.0,7.0,3.0,0.0,13.0,19.0,32.0,148264.0,230661.0,6011.0,0.0,649519.0,384937.0,1034457.0,9.0,6.0,6.0,2.0,7.0,23.0,30.0,126603.0,394284.0,50201.0,8078.0,287691.0,579168.0,866859.0,26.0,46.0,2.0,3.0,8.0,77.0,85.0,1627863.0,3641838.0,16428.0,16063.0,414221.0,5302193.0,5716414.0
2025-07-27,8.0,17.0,4.0,1.0,12.0,30.0,42.0,215213.0,836390.0,20530.0,0.0,543607.0,1072134.0,1615741.0,11.0,8.0,1.0,1.0,10.0,21.0,31.0,113330.0,486090.0,765.0,1535.0,611246.0,601722.0,1212968.0,24.0,54.0,2.0,4.0,23.0,84.0,107.0,1514747.0,4343250.0,48482.0,6574.0,2042490.0,5913055.0,7955545.0
2025-07-28,5.0,18.0,4.0,1.0,16.0,28.0,44.0,191495.0,649678.0,33518.0,2502.0,805423.0,877195.0,1682618.0,8.0,5.0,5.0,2.0,5.0,20.0,25.0,170657.0,228646.0,15945.0,11848.0,264659.0,427097.0,691757.0,20.0,49.0,5.0,3.0,15.0,77.0,92.0,1154799.0,4134728.0,37317.0,13192.0,1087071.0,5340038.0,6427109.0
2025-07-29,6.0,4.0,3.0,1.0,20.0,14.0,34.0,160104.0,365154.0,3453.0,10574.0,968017.0,539286.0,1507304.0,6.0,3.0,4.0,0.0,13.0,13.0,26.0,79571.0,116216.0,8649.0,0.0,426951.0,204437.0,631388.0,23.0,46.0,4.0,9.0,28.0,82.0,110.0,1176664.0,3267266.0,20935.0,52028.0,1142324.0,4516894.0,5659218.0
2025-07-30,9.0,6.0,4.0,0.0,20.0,19.0,39.0,191885.0,250860.0,12447.0,0.0,527802.0,455192.0,982994.0,4.0,12.0,1.0,1.0,7.0,18.0,25.0,81969.0,617475.0,4496.0,4921.0,187440.0,708862.0,896303.0,23.0,45.0,3.0,0.0,24.0,71.0,95.0,1434884.0,2835745.0,54219.0,0.0,1132130.0,4324849.0,5456980.0
2025-07-31,6.0,9.0,6.0,1.0,7.0,22.0,29.0,124053.0,387259.0,12316.0,3074.0,338211.0,526703.0,864915.0,8.0,8.0,5.0,1.0,9.0,22.0,31.0,106053.0,379560.0,10578.0,0.0,664364.0,496192.0,1160556.0,11.0,33.0,1.0,0.0,14.0,45.0,59.0,936997.0,2913872.0,3245.0,0.0,453368.0,3854114.0,4307482.0
2025-08-01,12.0,12.0,2.0,3.0,12.0,29.0,41.0,192429.0,721004.0,1192.0,15715.0,606798.0,930342.0,1537140.0,8.0,15.0,3.0,0.0,11.0,26.0,37.0,92782.0,862173.0,50113.0,0.0,503315.0,1005069.0,1508384.0,5.0,31.0,2.0,1.0,20.0,39.0,59.0,306302.0,3492937.0,13086.0,3038.0,1288239.0,3815364.0,5103603.0
2025-08-02,11.0,11.0,3.0,3.0,16.0,28.0,44.0,221030.0,418775.0,7570.0,6023.0,597485.0,653400.0,1250885.0,7.0,11.0,2.0,1.0,20.0,21.0,41.0,90972.0,346317.0,6562.0,0.0,807998.0,443852.0,1251850.0,42.0,62.0,6.0,1.0,23.0,111.0,134.0,2973736.0,5385367.0,48273.0,0.0,1705093.0,8407376.0,10112470.0
2025-08-03,8.0,7.0,4.0,0.0,16.0,19.0,35.0,152631.0,463932.0,15523.0,0.0,748903.0,632086.0,1380990.0,8.0,13.0,2.0,0.0,7.0,23.0,30.0,124897.0,661646.0,7333.0,0.0,438180.0,793877.0,1232057.0,35.0,58.0,5.0,5.0,14.0,103.0,117.0,2026144.0,3904879.0,67182.0,35283.0,1307366.0,6033489.0,7340856.0
2025-08-04,11.0,6.0,2.0,0.0,13.0,19.0,32.0,174843.0,381208.0,6869.0,0.0,837970.0,562921.0,1400891.0,6.0,8.0,7.0,0.0,11.0,21.0,32.0,75076.0,388603.0,41557.0,0.0,481858.0,505236.0,987095.0,17.0,34.0,4.0,8.0,19.0,63.0,82.0,872215.0,2203195.0,12708.0,26983.0,1639654.0,3115103.0,4754757.0
2025-08-05,3.0,13.0,5.0,1.0,19.0,22.0,41.0,93055.0,895708.0,10716.0,5368.0,712173.0,1004849.0,1717023.0,2.0,10.0,4.0,1.0,12.0,17.0,29.0,24633.0,529242.0,23393.0,0.0,476789.0,577268.0,1054058.0,15.0,45.0,3.0,4.0,26.0,67.0,93.0,969253.0,3613255.0,54960.0,22800.0,1960369.0,4660269.0,6620639.0
2025-08-06,9.0,4.0,6.0,0.0,15.0,19.0,34.0,259454.0,177194.0,49833.0,0.0,1042978.0,486482.0,1529461.0,7.0,9.0,4.0,1.0,17.0,21.0,38.0,117507.0,420814.0,31458.0,4090.0,906186.0,573869.0,1480056.0,16.0,44.0,10.0,4.0,17.0,74.0,91.0,1016137.0,2745529.0,109463.0,21411.0,1289334.0,3892541.0,5181876.0
2025-08-07,8.0,8.0,5.0,0.0,12.0,21.0,33.0,253087.0,327415.0,13605.0,0.0,447970.0,594108.0,1042078.0,3.0,4.0,4.0,0.0,16.0,11.0,27.0,27263.0,163126.0,11094.0,0.0,317934.0,201484.0,519418.0,29.0,46.0,7.0,5.0,17.0,87.0,104.0,1750096.0,3067163.0,105985.0,25125.0,401003.0,4948371.0,5349374.0
2025-08-08,10.0,15.0,2.0,2.0,13.0,29.0,42.0,168677.0,974777.0,21333.0,0.0,387743.0,1164788.0,1552532.0,12.0,13.0,3.0,2.0,17.0,30.0,47.0,189337.0,809123.0,13051.0,6492.0,944247.0,1018005.0,1962252.0,18.0,49.0,7.0,2.0,23.0,76.0,99.0,1016829.0,2736539.0,62997.0,10863.0,1735985.0,3827229.0,5563214.0
2025-08-09,14.0,11.0,5.0,0.0,17.0,30.0,47.0,229833.0,438659.0,17639.0,0.0,928079.0,686133.0,1614212.0,9.0,11.0,7.0,0.0,9.0,27.0,36.0,158810.0,452333.0,42425.0,0.0,283987.0,653570.0,937558.0,10.0,48.0,1.0,2.0,19.0,61.0,80.0,657304.0,4224303.0,5808.0,14768.0,968778.0,4902183.0,5870962.0
2025-08-10,11.0,6.0,1.0,2.0,16.0,20.0,36.0,162366.0,346197.0,2370.0,7553.0,891770.0,518488.0,1410259.0,5.0,8.0,9.0,0.0,17.0,22.0,39.0,57732.0,401472.0,57044.0,0.0,686451.0,516249.0,1202701.0,11.0,33.0,0.0,4.0,8.0,48.0,56.0,920028.0,1741996.0,0.0,22732.0,247090.0,2684757.0,2931847.0
2025-08-11,7.0,11.0,4.0,0.0,17.0,22.0,39.0,120259.0,678569.0,21852.0,0.0,694024.0,820681.0,1514705.0,6.0,11.0,6.0,2.0,11.0,25.0,36.0,52631.0,405476.0,76981.0,10519.0,783773.0,545610.0,1329384.0,30.0,44.0,2.0,1.0,19.0,77.0,96.0,1963223.0,3059742.0,43412.0,0.0,1202589.0,5066379.0,6268968.0
2025-08-12,8.0,7.0,5.0,1.0,16.0,21.0,37.0,323577.0,312062.0,25463.0,0.0,334232.0,661103.0,995336.0,13.0,11.0,6.0,1.0,8.0,31.0,39.0,187674.0,431497.0,51629.0,0.0,292294.0,670800.0,963094.0,31.0,58.0,4.0,3.0,23.0,96.0,119.0,1810352.0,4659508.0,7058.0,8985.0,1425032.0,6485904.0,7910936.0
2025-08-13,4.0,2.0,3.0,1.0,18.0,10.0,28.0,79997.0,56706.0,13597.0,6492.0,773336.0,156793.0,930129.0,7.0,12.0,11.0,1.0,15.0,31.0,46.0,97373.0,718466.0,52814.0,7117.0,972835.0,875771.0,1848606.0,29.0,62.0,6.0,5.0,24.0,102.0,126.0,1758864.0,4985931.0,46785.0,27012.0,1632836.0,6818593.0,8451430.0
2025-08-14,10.0,14.0,1.0,0.0,18.0,25.0,43.0,255974.0,631764.0,968.0,0.0,399511.0,888708.0,1288219.0,9.0,14.0,10.0,0.0,7.0,33.0,40.0,141610.0,731852.0,59475.0,0.0,304855.0,932937.0,1237792.0,17.0,46.0,5.0,5.0,20.0,73.0,93.0,1205095.0,3877520.0,74936.0,36295.0,951789.0,5193848.0,6145638.0
2025-08-15,11.0,13.0,5.0,1.0,11.0,30.0,41.0,120638.0,776614.0,45692.0,7135.0,584342.0,950081.0,1534423.0,8.0,6.0,3.0,2.0,13.0,19.0,32.0,59797.0,436483.0,15652.0,2597.0,879970.0,514531.0,1394501.0,23.0,66.0,1.0,5.0,15.0,95.0,110.0,1532218.0,4994886.0,42475.0,16825.0,1093281.0,6586406.0,7679687.0
2025-08-16,11.0,6.0,6.0,0.0,14.0,23.0,37.0,278752.0,163805.0,55640.0,0.0,804383.0,498199.0,1302582.0,8.0,6.0,4.0,0.0,7.0,18.0,25.0,100566.0,263218.0,32196.0,0.0,207635.0,395980.0,603616.0,23.0,53.0,4.0,6.0,17.0,86.0,103.0,1710126.0,3526396.0,51135.0,37073.0,1356004.0,5324732.0,6680736.0
2025-08-17,7.0,12.0,2.0,1.0,13.0,22.0,35.0,233833.0,528933.0,9096.0,0.0,573407.0,771864.0,1345271.0,4.0,9.0,2.0,1.0,7.0,16.0,23.0,72568.0,262489.0,2351.0,0.0,302231.0,337410.0,639641.0,17.0,53.0,10.0,4.0,18.0,84.0,102.0,754353.0,3972845.0,114434.0,21841.0,1969449.0,4863474.0,6832923.0
2025-08-18,8.0,10.0,6.0,3.0,16.0,27.0,43.0,217947.0,684104.0,64890.0,2251.0,641421.0,969194.0,1610615.0,3.0,7.0,7.0,0.0,10.0,17.0,27.0,52763.0,332690.0,29961.0,0.0,349956.0,415416.0,765373.0,20.0,52.0,4.0,6.0,23.0,82.0,105.0,1135227.0,3601172.0,24933.0,16150.0,1686265.0,4777484.0,6463750.0
2025-08-19,9.0,12.0,6.0,1.0,15.0,28.0,43.0,266219.0,583329.0,14031.0,0.0,454502.0,863581.0,1318083.0,6.0,12.0,6.0,1.0,7.0,25.0,32.0,70670.0,669204.0,25722.0,0.0,93035.0,765597.0,858632.0,25.0,59.0,5.0,1.0,22.0,90.0,112.0,1386047.0,4325683.0,25517.0,17711.0,1500238.0,5754959.0,7255197.0
2025-08-20,13.0,16.0,9.0,2.0,20.0,40.0,60.0,100534.0,791638.0,62878.0,0.0,1145100.0,955051.0,2100152.0,9.0,9.0,7.0,0.0,9.0,25.0,34.0,182369.0,565183.0,36874.0,0.0,475155.0,784427.0,1259583.0,33.0,47.0,3.0,2.0,17.0,85.0,102.0,1966454.0,3195482.0,24491.0,9077.0,928123.0,5195505.0,6123629.0
2025-08-21,7.0,4.0,1.0,0.0,12.0,12.0,24.0,153694.0,90077.0,3162.0,0.0,349551.0,246934.0,596485.0,3.0,7.0,4.0,1.0,11.0,15.0,26.0,23884.0,364662.0,6189.0,0.0,733957.0,394737.0,1128694.0,24.0,44.0,3.0,3.0,20.0,74.0,94.0,1530109.0,3530278.0,31358.0,2604.0,863553.0,5094350.0,5957904.0
2025-08-22,6.0,11.0,2.0,1.0,16.0,20.0,36.0,67695.0,648201.0,10588.0,0.0,599857.0,726485.0,1326342.0,5.0,11.0,5.0,0.0,6.0,21.0,27.0,71097.0,421889.0,15304.0,0.0,94525.0,508291.0,602816.0,8.0,51.0,2.0,1.0,20.0,62.0,82.0,678322.0,3703483.0,3430.0,3338.0,1594921.0,4388575.0,5983496.0
2025-08-23,10.0,8.0,5.0,1.0,16.0,24.0,40.0,149200.0,406485.0,26285.0,6023.0,798431.0,587995.0,1386426.0,7.0,13.0,4.0,0.0,8.0,24.0,32.0,99077.0,708370.0,28797.0,0.0,402979.0,836245.0,1239224.0,1.0,37.0,0.0,0.0,10.0,38.0,48.0,108417.0,2376511.0,0.0,0.0,992072.0,2484928.0,3477001.0
2025-08-24,15.0,12.0,3.0,0.0,15.0,30.0,45.0,272826.0,407587.0,14892.0,0.0,890620.0,695305.0,1585926.0,9.0,11.0,5.0,0.0,10.0,25.0,35.0,113253.0,431020.0,24293.0,0.0,380951.0,568567.0,949519.0,13.0,54.0,2.0,3.0,15.0,72.0,87.0,687932.0,4915950.0,13997.0,11767.0,776120.0,5629648.0,6405769.0
2025-08-25,5.0,13.0,3.0,2.0,11.0,23.0,34.0,120271.0,564819.0,19219.0,2143.0,635918.0,706454.0,1342373.0,6.0,9.0,5.0,2.0,8.0,22.0,30.0,85460.0,468659.0,48266.0,7901.0,678248.0,610287.0,1288535.0,37.0,57.0,7.0,8.0,17.0,109.0,126.0,2506230.0,3602195.0,41884.0,42524.0,959433.0,6192835.0,7152269.0
2025-08-26,5.0,9.0,5.0,1.0,19.0,20.0,39.0,195352.0,364054.0,44655.0,0.0,942698.0,604062.0,1546761.0,6.0,10.0,4.0,2.0,11.0,22.0,33.0,89614.0,503370.0,97169.0,4689.0,574382.0,694845.0,1269228.0,36.0,65.0,6.0,10.0,25.0,117.0,142.0,2224643.0,3625269.0,61344.0,40928.0,1245715.0,5952185.0,7197900.0
2025-08-27,6.0,9.0,4.0,0.0,15.0,19.0,34.0,94771.0,446994.0,25882.0,0.0,777588.0,567649.0,1345237.0,9.0,11.0,4.0,1.0,17.0,25.0,42.0,139971.0,476428.0,32661.0,0.0,979669.0,649061.0,1628730.0,23.0,69.0,9.0,0.0,14.0,101.0,115.0,1223763.0,5019271.0,148195.0,0.0,833474.0,6391231.0,7224705.0
2025-08-28,11.0,6.0,2.0,1.0,12.0,20.0,32.0,174486.0,151690.0,1779.0,0.0,249227.0,327956.0,577183.0,5.0,9.0,5.0,0.0,15.0,19.0,34.0,71489.0,362144.0,17647.0,0.0,759578.0,451281.0,1210860.0,19.0,58.0,3.0,2.0,22.0,82.0,104.0,1113314.0,4070971.0,60946.0,11229.0,1283490.0,5256462.0,6539953.0
2025-08-29,11.0,12.0,1.0,2.0,15.0,26.0,41.0,186568.0,515279.0,20440.0,6492.0,480050.0,728780.0,1208831.0,4.0,16.0,6.0,2.0,15.0,28.0,43.0,62177.0,771008.0,36885.0,9389.0,1099545.0,879461.0,1979006.0,22.0,42.0,4.0,4.0,23.0,72.0,95.0,1688511.0,3730611.0,24391.0,26592.0,1720775.0,5470107.0,7190883.0
2025-08-30,8.0,13.0,2.0,0.0,8.0,23.0,31.0,201728.0,823817.0,13897.0,0.0,339484.0,1039443.0,1378928.0,8.0,25.0,3.0,1.0,10.0,37.0,47.0,102652.0,1002907.0,4403.0,0.0,410082.0,1109963.0,1520046.0,18.0,44.0,4.0,3.0,16.0,69.0,85.0,1078938.0,3071861.0,60967.0,7219.0,1145102.0,4218987.0,5364089.0
2025-08-31,11.0,16.0,3.0,0.0,13.0,30.0,43.0,289175.0,771692.0,18071.0,0.0,559226.0,1078939.0,1638165.0,6.0,9.0,6.0,0.0,12.0,21.0,33.0,61331.0,337231.0,46398.0,0.0,622731.0,444961.0,1067692.0,13.0,36.0,3.0,5.0,12.0,57.0,69.0,941180.0,2711070.0,36349.0,16815.0,608485.0,3705416.0,4313901.0
2025-09-01,8.0,11.0,9.0,3.0,16.0,31.0,47.0,273913.0,427852.0,33594.0,4689.0,600910.0,740050.0,1340961.0,2.0,10.0,5.0,3.0,9.0,20.0,29.0,23909.0,559440.0,53048.0,6492.0,641850.0,642891.0,1284741.0,28.0,50.0,4.0,2.0,10.0,84.0,94.0,1393618.0,3579119.0,39419.0,16549.0,803632.0,5028706.0,5832339.0
2025-09-02,7.0,7.0,2.0,2.0,18.0,18.0,36.0,131653.0,354230.0,6433.0,3954.0,934306.0,496271.0,1430578.0,6.0,12.0,4.0,0.0,7.0,22.0,29.0,68737.0,470516.0,36170.0,0.0,197331.0,575424.0,772756.0,18.0,47.0,4.0,4.0,9.0,73.0,82.0,1284033.0,3336625.0,52182.0,10705.0,567640.0,4683546.0,5251187.0
2025-09-03,11.0,17.0,5.0,1.0,13.0,34.0,47.0,262486.0,642635.0,35233.0,7228.0,524768.0,947584.0,1472353.0,5.0,16.0,4.0,1.0,10.0,26.0,36.0,70866.0,673767.0,18573.0,5267.0,710253.0,768474.0,1478728.0,25.0,51.0,3.0,6.0,19.0,85.0,104.0,1626021.0,4039842.0,8218.0,12895.0,913333.0,5686977.0,6600311.0
2025-09-04,10.0,8.0,7.0,0.0,19.0,25.0,44.0,312811.0,567953.0,73353.0,0.0,730691.0,954118.0,1684809.0,2.0,12.0,3.0,1.0,12.0,18.0,30.0,8582.0,655188.0,5701.0,4912.0,655918.0,674383.0,1330302.0,16.0,40.0,5.0,6.0,14.0,67.0,81.0,906912.0,2790574.0,54490.0,21359.0,1024073.0,3773336.0,4797410.0
2025-09-05,8.0,17.0,2.0,2.0,8.0,29.0,37.0,183244.0,798461.0,38326.0,4604.0,344492.0,1024636.0,1369129.0,12.0,20.0,4.0,0.0,10.0,36.0,46.0,195189.0,814959.0,6688.0,0.0,364460.0,1016836.0,1381297.0,15.0,51.0,6.0,7.0,26.0,79.0,105.0,1135561.0,4701895.0,100204.0,17416.0,1881797.0,5955078.0,7836875.0
2025-09-06,8.0,12.0,4.0,1.0,14.0,25.0,39.0,166293.0,481129.0,51303.0,534.0,649724.0,699260.0,1348985.0,8.0,9.0,4.0,2.0,11.0,23.0,34.0,123502.0,337192.0,29096.0,3404.0,311441.0,493195.0,804636.0,23.0,48.0,2.0,1.0,21.0,74.0,95.0,1140908.0,3973936.0,11208.0,3779.0,1286578.0,5129832.0,6416411.0
2025-09-07,8.0,13.0,5.0,1.0,19.0,27.0,46.0,135745.0,846347.0,14547.0,0.0,1050916.0,996639.0,2047555.0,5.0,11.0,4.0,0.0,11.0,20.0,31.0,79273.0,443328.0,27259.0,0.0,474546.0,549860.0,1024407.0,24.0,34.0,5.0,3.0,13.0,66.0,79.0,1439553.0,1772557.0,46061.0,9821.0,651352.0,3267993.0,3919345.0
2025-09-08,8.0,7.0,5.0,1.0,14.0,21.0,35.0,140278.0,427155.0,27834.0,4912.0,777671.0,600181.0,1377853.0,7.0,15.0,5.0,0.0,6.0,27.0,33.0,96583.0,557976.0,47747.0,0.0,375214.0,702308.0,1077523.0,18.0,42.0,3.0,3.0,16.0,66.0,82.0,1145977.0,3229361.0,12365.0,18249.0,1077977.0,4405953.0,5483931.0
2025-09-09,8.0,15.0,2.0,1.0,17.0,26.0,43.0,221604.0,566715.0,12977.0,0.0,1028547.0,801296.0,1829844.0,7.0,11.0,6.0,0.0,11.0,24.0,35.0,93251.0,541769.0,73765.0,0.0,1030827.0,708785.0,1739613.0,28.0,45.0,7.0,3.0,17.0,83.0,100.0,1499983.0,3745328.0,62926.0,10721.0,1066127.0,5318958.0,6385086.0
2025-09-10,9.0,10.0,4.0,0.0,16.0,23.0,39.0,344537.0,467330.0,24246.0,0.0,700311.0,836114.0,1536426.0,8.0,11.0,3.0,1.0,6.0,23.0,29.0,69374.0,587709.0,16891.0,0.0,512099.0,673974.0,1186073.0,22.0,69.0,2.0,0.0,21.0,93.0,114.0,1540429.0,5971253.0,14194.0,0.0,1356549.0,7525878.0,8882428.0
2025-09-11,12.0,14.0,2.0,0.0,20.0,28.0,48.0,275058.0,694032.0,3506.0,0.0,855444.0,972596.0,1828041.0,4.0,9.0,5.0,1.0,12.0,19.0,31.0,62616.0,392196.0,21447.0,4668.0,606842.0,480927.0,1087769.0,19.0,38.0,8.0,5.0,19.0,70.0,89.0,1159015.0,2974474.0,95055.0,20035.0,1369818.0,4248581.0,5618400.0
2025-09-12,15.0,10.0,5.0,3.0,18.0,33.0,51.0,248829.0,638388.0,32764.0,3404.0,790178.0,923387.0,1713566.0,4.0,14.0,8.0,0.0,13.0,26.0,39.0,42447.0,642812.0,60233.0,0.0,598673.0,745493.0,1344166.0,24.0,37.0,7.0,3.0,23.0,71.0,94.0,1510372.0,4229086.0,114369.0,13785.0,1466410.0,5867613.0,7334024.0
2025-09-13,14.0,13.0,5.0,0.0,18.0,32.0,50.0,224685.0,517615.0,15306.0,0.0,679096.0,757607.0,1436704.0,8.0,15.0,2.0,0.0,17.0,25.0,42.0,112015.0,583113.0,12282.0,0.0,816650.0,707411.0,1524062.0,28.0,36.0,8.0,6.0,14.0,78.0,92.0,1769670.0,2378226.0,39561.0,38563.0,1329338.0,4226021.0,5555360.0
2025-09-14,10.0,19.0,4.0,0.0,13.0,33.0,46.0,209446.0,890363.0,5266.0,0.0,639691.0,1105076.0,1744768.0,7.0,12.0,4.0,1.0,15.0,24.0,39.0,78175.0,515194.0,32824.0,0.0,568379.0,626194.0,1194573.0,22.0,54.0,3.0,4.0,18.0,83.0,101.0,1112078.0,4140382.0,9946.0,29734.0,1379197.0,5292141.0,6671339.0
2025-09-15,10.0,10.0,1.0,2.0,13.0,23.0,36.0,127192.0,236964.0,2062.0,4668.0,991133.0,370888.0,1362022.0,9.0,9.0,5.0,0.0,12.0,23.0,35.0,108073.0,340899.0,61768.0,0.0,545519.0,510740.0,1056260.0,11.0,39.0,3.0,2.0,11.0,55.0,66.0,620124.0,3847154.0,20914.0,2520.0,213486.0,4490714.0,4704200.0
2025-09-16,9.0,9.0,2.0,0.0,14.0,20.0,34.0,104373.0,405245.0,36592.0,0.0,667920.0,546211.0,1214132.0,7.0,14.0,7.0,1.0,11.0,29.0,40.0,95031.0,731606.0,44166.0,0.0,1127356.0,870804.0,1998161.0,3.0,36.0,4.0,1.0,17.0,44.0,61.0,199783.0,3397652.0,66086.0,3417.0,1071488.0,3666938.0,4738427.0
2025-09-17,7.0,13.0,4.0,2.0,18.0,26.0,44.0,180658.0,769676.0,7997.0,1348.0,689035.0,959680.0,1648715.0,2.0,12.0,4.0,0.0,10.0,18.0,28.0,30654.0,706253.0,13653.0,0.0,566316.0,750561.0,1316877.0,21.0,39.0,3.0,4.0,20.0,67.0,87.0,1224666.0,2873591.0,38265.0,12204.0,1780104.0,4148728.0,5928833.0
2025-09-18,5.0,12.0,5.0,0.0,15.0,22.0,37.0,174580.0,621061.0,51029.0,0.0,629412.0,846671.0,1476084.0,6.0,16.0,2.0,2.0,10.0,26.0,36.0,85478.0,810509.0,1770.0,5214.0,715579.0,902972.0,1618552.0,26.0,42.0,5.0,3.0,23.0,76.0,99.0,1595214.0,3865592.0,38223.0,3623.0,1641658.0,5502653.0,7144311.0
2025-09-19,10.0,9.0,3.0,1.0,28.0,23.0,51.0,179258.0,349227.0,13651.0,0.0,972531.0,542137.0,1514668.0,7.0,11.0,8.0,0.0,8.0,26.0,34.0,93069.0,674029.0,45662.0,0.0,497683.0,812762.0,1310445.0,42.0,62.0,6.0,7.0,27.0,117.0,144.0,2573424.0,4359692.0,94341.0,30441.0,1516573.0,7057899.0,8574473.0
2025-09-20,8.0,14.0,5.0,0.0,12.0,27.0,39.0,154268.0,753565.0,28483.0,0.0,434184.0,936317.0,1370502.0,9.0,7.0,1.0,1.0,15.0,18.0,33.0,111341.0,208923.0,34899.0,0.0,472611.0,355164.0,827776.0,18.0,56.0,6.0,4.0,25.0,84.0,109.0,1129421.0,3723643.0,41738.0,21091.0,2046759.0,4915895.0,6962654.0
2025-09-21,8.0,10.0,2.0,0.0,11.0,20.0,31.0,124078.0,625850.0,4313.0,0.0,552851.0,754243.0,1307094.0,8.0,10.0,1.0,2.0,9.0,21.0,30.0,150943.0,249795.0,4876.0,16189.0,644934.0,421805.0,1066739.0,19.0,56.0,4.0,5.0,23.0,84.0,107.0,1371955.0,3600107.0,38054.0,17455.0,1510412.0,5027572.0,6537985.0
2025-09-22,14.0,11.0,2.0,1.0,16.0,28.0,44.0,322535.0,504995.0,22224.0,0.0,677689.0,849755.0,1527445.0,4.0,12.0,5.0,0.0,12.0,21.0,33.0,44173.0,662437.0,66576.0,0.0,356368.0,773187.0,1129556.0,22.0,53.0,2.0,2.0,18.0,79.0,97.0,1020235.0,3289726.0,22060.0,3386.0,1499178.0,4335409.0,5834587.0
2025-09-23,9.0,15.0,3.0,1.0,11.0,28.0,39.0,147095.0,653769.0,19507.0,5214.0,613274.0,825586.0,1438860.0,5.0,6.0,5.0,1.0,11.0,17.0,28.0,63520.0,353165.0,61335.0,6199.0,488483.0,484220.0,972704.0,22.0,52.0,3.0,3.0,20.0,80.0,100.0,1160150.0,3769467.0,44557.0,18438.0,1185798.0,4992613.0,6178412.0
2025-09-24,9.0,13.0,6.0,2.0,22.0,30.0,52.0,215540.0,447001.0,26379.0,676.0,1311445.0,689598.0,2001044.0,5.0,8.0,3.0,0.0,8.0,16.0,24.0,73591.0,252885.0,31876.0,0.0,289375.0,358352.0,647727.0,18.0,36.0,3.0,10.0,19.0,67.0,86.0,1191229.0,2336840.0,30823.0,29980.0,1028357.0,3588873.0,4617231.0
2025-09-25,12.0,9.0,2.0,1.0,20.0,24.0,44.0,275498.0,238350.0,3684.0,9265.0,944962.0,526799.0,1471761.0,9.0,14.0,6.0,1.0,13.0,30.0,43.0,114665.0,822686.0,37662.0,0.0,567139.0,975013.0,1542153.0,22.0,51.0,3.0,3.0,27.0,79.0,106.0,1560456.0,4388523.0,27808.0,11571.0,2061050.0,5988359.0,8049410.0
2025-09-26,9.0,11.0,2.0,2.0,12.0,24.0,36.0,187510.0,510595.0,3042.0,0.0,299863.0,701148.0,1001011.0,2.0,10.0,4.0,0.0,10.0,16.0,26.0,28998.0,460238.0,43818.0,0.0,583727.0,533055.0,1116783.0,17.0,39.0,1.0,6.0,10.0,63.0,73.0,899451.0,2872977.0,34899.0,32926.0,600831.0,3840256.0,4441088.0
2025-09-27,13.0,6.0,1.0,0.0,14.0,20.0,34.0,120971.0,207009.0,1097.0,0.0,867370.0,329079.0,1196450.0,9.0,12.0,5.0,1.0,15.0,27.0,42.0,120387.0,451148.0,17894.0,4604.0,540433.0,594034.0,1134467.0,20.0,45.0,3.0,2.0,17.0,70.0,87.0,1427693.0,3171277.0,41784.0,2489.0,912964.0,4643244.0,5556209.0
2025-09-28,9.0,8.0,4.0,3.0,21.0,24.0,45.0,256574.0,567560.0,35931.0,5848.0,1093475.0,865914.0,1959389.0,6.0,11.0,1.0,0.0,16.0,18.0,34.0,71370.0,813583.0,835.0,0.0,1208848.0,885790.0,2094638.0,19.0,44.0,4.0,2.0,16.0,69.0,85.0,1196701.0,3217815.0,6353.0,7227.0,1223377.0,4428098.0,5651475.0
2025-09-29,10.0,9.0,6.0,1.0,13.0,26.0,39.0,294714.0,418186.0,36087.0,0.0,745134.0,748989.0,1494123.0,4.0,4.0,9.0,1.0,10.0,18.0,28.0,59960.0,81809.0,71861.0,0.0,1104927.0,213632.0,1318560.0,21.0,50.0,8.0,2.0,19.0,81.0,100.0,1327241.0,3692366.0,55739.0,1586.0,1690542.0,5076934.0,6767477.0
2025-09-30,8.0,11.0,6.0,0.0,13.0,25.0,38.0,136059.0,452263.0,36114.0,0.0,550802.0,624438.0,1175240.0,6.0,8.0,4.0,0.0,7.0,18.0,25.0,111427.0,544658.0,14132.0,0.0,264110.0,670217.0,934328.0,20.0,56.0,4.0,3.0,23.0,83.0,106.0,1196849.0,4584470.0,52906.0,12891.0,764616.0,5847118.0,6611734.0
2025-10-01,10.0,12.0,4.0,1.0,18.0,27.0,45.0,214913.0,732707.0,10445.0,7267.0,736337.0,965334.0,1701671.0,4.0,8.0,4.0,0.0,7.0,16.0,23.0,60264.0,224050.0,47808.0,0.0,178264.0,332124.0,510389.0,17.0,67.0,6.0,4.0,24.0,94.0,118.0,1125066.0,5817453.0,45962.0,17128.0,1212560.0,7005610.0,8218170.0
2025-10-02,11.0,6.0,7.0,0.0,18.0,24.0,42.0,223149.0,175373.0,59298.0,0.0,1012602.0,457821.0,1470423.0,11.0,10.0,5.0,0.0,17.0,26.0,43.0,142229.0,479476.0,29980.0,0.0,1394863.0,651685.0,2046549.0,16.0,46.0,3.0,4.0,19.0,69.0,88.0,1214189.0,4021016.0,23252.0,8723.0,1598744.0,5267181.0,6865926.0
2025-10-03,11.0,9.0,3.0,3.0,20.0,26.0,46.0,221690.0,587121.0,11504.0,8025.0,876643.0,828341.0,1704985.0,7.0,11.0,3.0,0.0,11.0,21.0,32.0,85794.0,478767.0,30804.0,0.0,667541.0,595367.0,1262908.0,25.0,37.0,5.0,3.0,12.0,70.0,82.0,1498258.0,2916549.0,74581.0,16482.0,1346667.0,4505872.0,5852539.0
2025-10-04,11.0,11.0,1.0,0.0,12.0,23.0,35.0,151763.0,520496.0,660.0,0.0,336531.0,672920.0,1009452.0,15.0,8.0,5.0,0.0,17.0,28.0,45.0,211145.0,421130.0,30418.0,0.0,887953.0,662693.0,1550647.0,34.0,60.0,4.0,5.0,21.0,103.0,124.0,2189284.0,3243434.0,61801.0,17981.0,560591.0,5512502.0,6073093.0
2025-10-05,10.0,13.0,3.0,0.0,15.0,26.0,41.0,86158.0,564575.0,3550.0,0.0,990528.0,654284.0,1644812.0,4.0,11.0,5.0,0.0,11.0,20.0,31.0,91610.0,636892.0,35541.0,0.0,544351.0,764044.0,1308395.0,14.0,52.0,2.0,3.0,16.0,71.0,87.0,956213.0,4682302.0,48318.0,12576.0,1467579.0,5699409.0,7166989.0
2025-10-06,9.0,10.0,6.0,0.0,13.0,25.0,38.0,257885.0,413762.0,45901.0,0.0,399215.0,717549.0,1116764.0,3.0,10.0,4.0,4.0,18.0,21.0,39.0,26518.0,361420.0,22822.0,11710.0,1000590.0,422471.0,1423061.0,4.0,37.0,4.0,3.0,14.0,48.0,62.0,449762.0,2836414.0,56572.0,28878.0,1355771.0,3371628.0,4727399.0
2025-10-07,8.0,7.0,3.0,0.0,14.0,18.0,32.0,224198.0,345074.0,22251.0,0.0,892404.0,591524.0,1483929.0,5.0,7.0,1.0,0.0,18.0,13.0,31.0,70655.0,376429.0,0.0,0.0,910321.0,447084.0,1357406.0,16.0,50.0,5.0,3.0,13.0,74.0,87.0,692009.0,3856719.0,82922.0,19512.0,676218.0,4651163.0,5327382.0
2025-10-08,7.0,14.0,7.0,0.0,13.0,28.0,41.0,200512.0,922706.0,71478.0,0.0,357069.0,1194697.0,1551766.0,5.0,8.0,6.0,0.0,12.0,19.0,31.0,104274.0,535357.0,51852.0,0.0,300236.0,691484.0,991720.0,34.0,50.0,4.0,3.0,29.0,91.0,120.0,2269464.0,3847958.0,35640.0,4703.0,1323382.0,6157767.0,7481150.0
2025-10-09,15.0,8.0,2.0,0.0,15.0,25.0,40.0,368024.0,242231.0,7505.0,0.0,607599.0,617760.0,1225360.0,5.0,16.0,7.0,1.0,11.0,29.0,40.0,58870.0,797712.0,57227.0,4154.0,949831.0,917965.0,1867796.0,29.0,59.0,4.0,7.0,24.0,99.0,123.0,1782136.0,3177976.0,100487.0,23949.0,1768889.0,5084550.0,6853439.0
2025-10-10,12.0,7.0,4.0,1.0,12.0,24.0,36.0,155885.0,276722.0,9840.0,0.0,580906.0,442448.0,1023355.0,8.0,9.0,3.0,0.0,14.0,20.0,34.0,100877.0,400198.0,10291.0,0.0,580855.0,511367.0,1092223.0,31.0,53.0,6.0,4.0,16.0,94.0,110.0,1531867.0,3449517.0,83143.0,13954.0,989335.0,5078482.0,6067817.0
2025-10-11,7.0,12.0,4.0,2.0,15.0,25.0,40.0,45642.0,546271.0,13518.0,4198.0,803316.0,609631.0,1412947.0,7.0,6.0,6.0,0.0,15.0,19.0,34.0,129417.0,352383.0,25880.0,0.0,698454.0,507681.0,1206135.0,17.0,56.0,3.0,1.0,17.0,77.0,94.0,1063299.0,3578034.0,18269.0,0.0,1421678.0,4659603.0,6081281.0
2025-10-12,9.0,6.0,3.0,1.0,24.0,19.0,43.0,208887.0,406875.0,2572.0,0.0,1153853.0,618334.0,1772188.0,5.0,10.0,2.0,1.0,9.0,18.0,27.0,115784.0,369205.0,44530.0,11972.0,648505.0,541493.0,1189998.0,14.0,62.0,7.0,4.0,18.0,87.0,105.0,806422.0,4962742.0,98831.0,6694.0,1365805.0,5874691.0,7240497.0
2025-10-13,13.0,12.0,8.0,0.0,15.0,33.0,48.0,283497.0,539552.0,32925.0,0.0,656092.0,855976.0,1512068.0,7.0,11.0,3.0,3.0,8.0,24.0,32.0,79795.0,877077.0,42937.0,18392.0,448285.0,1018203.0,1466488.0,15.0,52.0,5.0,6.0,24.0,78.0,102.0,665846.0,3707402.0,41165.0,29146.0,1729182.0,4443560.0,6172743.0
2025-10-14,6.0,18.0,6.0,0.0,13.0,30.0,43.0,177873.0,780941.0,37039.0,0.0,696089.0,995853.0,1691943.0,8.0,12.0,6.0,3.0,13.0,29.0,42.0,102910.0,430429.0,60388.0,13381.0,487048.0,607110.0,1094159.0,20.0,41.0,3.0,5.0,13.0,69.0,82.0,1018810.0,3168182.0,60813.0,37532.0,1342676.0,4285338.0,5628015.0
2025-10-15,8.0,6.0,5.0,0.0,12.0,19.0,31.0,283484.0,467370.0,63743.0,0.0,626673.0,814599.0,1441272.0,4.0,10.0,7.0,1.0,6.0,22.0,28.0,57271.0,504111.0,16132.0,7645.0,255243.0,585160.0,840404.0,12.0,47.0,1.0,1.0,11.0,61.0,72.0,784415.0,4700096.0,15086.0,7778.0,860831.0,5507376.0,6368208.0
2025-10-16,11.0,15.0,7.0,1.0,17.0,34.0,51.0,148065.0,604715.0,20191.0,11972.0,659523.0,784945.0,1444468.0,1.0,15.0,4.0,2.0,10.0,22.0,32.0,15243.0,454456.0,53537.0,10177.0,962698.0,533415.0,1496114.0,13.0,39.0,1.0,1.0,18.0,54.0,72.0,792863.0,3045416.0,0.0,4678.0,1561709.0,3842958.0,5404667.0
2025-10-17,12.0,8.0,8.0,1.0,21.0,29.0,50.0,237688.0,538516.0,35306.0,11908.0,1369952.0,823418.0,2193370.0,7.0,13.0,10.0,1.0,10.0,31.0,41.0,104840.0,661336.0,64347.0,2990.0,538938.0,833514.0,1372452.0,35.0,43.0,4.0,0.0,18.0,82.0,100.0,2205417.0,2924179.0,22116.0,0.0,1097598.0,5151714.0,6249312.0
2025-10-18,9.0,6.0,6.0,3.0,8.0,24.0,32.0,146662.0,181071.0,13101.0,13381.0,314261.0,354217.0,668479.0,9.0,14.0,4.0,1.0,18.0,28.0,46.0,126604.0,612936.0,22479.0,0.0,748522.0,762020.0,1510542.0,30.0,50.0,6.0,5.0,15.0,91.0,106.0,1670160.0,3237815.0,88176.0,38929.0,1218912.0,5035082.0,6253994.0
2025-10-19,15.0,13.0,3.0,2.0,18.0,33.0,51.0,252934.0,621928.0,46125.0,11513.0,1218356.0,932502.0,2150859.0,10.0,14.0,4.0,0.0,13.0,28.0,41.0,164318.0,566603.0,51205.0,0.0,583197.0,782128.0,1365326.0,16.0,40.0,2.0,3.0,13.0,61.0,74.0,1274546.0,3171255.0,14157.0,7071.0,675617.0,4467030.0,5142648.0
2025-10-20,7.0,17.0,2.0,0.0,21.0,26.0,47.0,278139.0,633947.0,6706.0,0.0,800511.0,918793.0,1719305.0,7.0,16.0,2.0,0.0,16.0,25.0,41.0,101503.0,634052.0,8242.0,0.0,1217416.0,743798.0,1961214.0,15.0,35.0,4.0,6.0,29.0,60.0,89.0,971579.0,2511638.0,35607.0,30428.0,2291441.0,3549253.0,5840695.0
2025-10-21,7.0,7.0,4.0,0.0,14.0,18.0,32.0,210704.0,561817.0,19145.0,0.0,598197.0,791667.0,1389865.0,9.0,19.0,6.0,3.0,14.0,37.0,51.0,76583.0,1037957.0,52371.0,11300.0,1050570.0,1178213.0,2228783.0,23.0,35.0,2.0,3.0,19.0,63.0,82.0,1224145.0,2342900.0,16378.0,13157.0,1599386.0,3596581.0,5195967.0
2025-10-22,8.0,10.0,2.0,0.0,13.0,20.0,33.0,95165.0,555962.0,7841.0,0.0,739110.0,658969.0,1398080.0,7.0,5.0,7.0,1.0,10.0,20.0,30.0,128511.0,159598.0,11757.0,3301.0,636344.0,303169.0,939513.0,22.0,47.0,3.0,6.0,15.0,78.0,93.0,1210131.0,2772464.0,17718.0,29602.0,1144639.0,4029916.0,5174556.0
2025-10-23,14.0,14.0,4.0,0.0,17.0,32.0,49.0,309082.0,716680.0,7839.0,0.0,759602.0,1033602.0,1793205.0,4.0,10.0,7.0,0.0,14.0,21.0,35.0,38548.0,423372.0,28899.0,0.0,682089.0,490821.0,1172911.0,28.0,64.0,4.0,6.0,19.0,102.0,121.0,1700493.0,4670130.0,17252.0,15176.0,1341695.0,6403053.0,7744749.0
2025-10-24,9.0,12.0,5.0,0.0,14.0,26.0,40.0,124930.0,544998.0,25371.0,0.0,617765.0,695300.0,1313065.0,6.0,12.0,3.0,0.0,8.0,21.0,29.0,64530.0,420110.0,38738.0,0.0,241646.0,523379.0,765026.0,19.0,43.0,5.0,3.0,21.0,70.0,91.0,1095081.0,2439047.0,24044.0,14817.0,1990799.0,3572991.0,5563791.0
2025-10-25,15.0,12.0,2.0,3.0,15.0,32.0,47.0,179714.0,638605.0,5493.0,12694.0,1016466.0,836508.0,1852974.0,8.0,14.0,6.0,1.0,13.0,29.0,42.0,78777.0,778115.0,34300.0,5645.0,649541.0,896838.0,1546380.0,19.0,44.0,7.0,1.0,23.0,71.0,94.0,1117737.0,2945618.0,76599.0,5694.0,1645772.0,4145649.0,5791421.0
2025-10-26,14.0,14.0,3.0,1.0,18.0,32.0,50.0,216857.0,597617.0,28096.0,0.0,891784.0,842571.0,1734356.0,4.0,12.0,3.0,0.0,10.0,19.0,29.0,61701.0,690968.0,19726.0,0.0,699512.0,772396.0,1471908.0,17.0,42.0,1.0,2.0,27.0,62.0,89.0,1219267.0,2917581.0,3633.0,4000.0,1631384.0,4144483.0,5775868.0
2025-10-27,9.0,15.0,4.0,1.0,15.0,29.0,44.0,274911.0,594766.0,11996.0,3301.0,945649.0,884976.0,1830626.0,2.0,9.0,3.0,0.0,10.0,14.0,24.0,79110.0,458796.0,30499.0,0.0,433838.0,568406.0,1002245.0,8.0,47.0,5.0,2.0,15.0,62.0,77.0,369986.0,4165072.0,78531.0,15483.0,1704972.0,4629074.0,6334046.0
2025-10-28,9.0,10.0,4.0,0.0,14.0,23.0,37.0,150675.0,495698.0,13493.0,0.0,890473.0,659867.0,1550340.0,8.0,5.0,7.0,0.0,12.0,20.0,32.0,114705.0,195363.0,33009.0,0.0,475210.0,343078.0,818288.0,38.0,42.0,4.0,5.0,15.0,89.0,104.0,2569627.0,3147278.0,28296.0,26457.0,627423.0,5771660.0,6399083.0
2025-10-29,6.0,12.0,3.0,1.0,14.0,22.0,36.0,100961.0,643031.0,21498.0,0.0,638337.0,765491.0,1403828.0,9.0,16.0,3.0,0.0,12.0,28.0,40.0,145301.0,828591.0,24956.0,0.0,950684.0,998849.0,1949534.0,19.0,37.0,5.0,7.0,18.0,68.0,86.0,1404911.0,2386575.0,62019.0,41114.0,468086.0,3894620.0,4362707.0
2025-10-30,10.0,16.0,0.0,0.0,11.0,26.0,37.0,232300.0,840046.0,0.0,0.0,364857.0,1072347.0,1437204.0,7.0,12.0,6.0,0.0,13.0,25.0,38.0,106584.0,735715.0,50377.0,0.0,572962.0,892677.0,1465639.0,20.0,44.0,2.0,2.0,24.0,68.0,92.0,1560146.0,3333805.0,21678.0,2768.0,1992785.0,4918398.0,6911184.0
2025-10-31,8.0,6.0,5.0,0.0,16.0,19.0,35.0,118661.0,399753.0,11191.0,0.0,703673.0,529606.0,1233279.0,9.0,12.0,5.0,1.0,14.0,27.0,41.0,146054.0,544288.0,23865.0,0.0,1133666.0,714209.0,1847875.0,19.0,41.0,4.0,5.0,12.0,69.0,81.0,958785.0,2547031.0,5590.0,12329.0,1091702.0,3523736.0,4615439.0
2025-11-01,13.0,11.0,3.0,1.0,17.0,28.0,45.0,254390.0,456438.0,5947.0,0.0,856792.0,716776.0,1573569.0,4.0,10.0,4.0,1.0,6.0,19.0,25.0,56188.0,346269.0,32363.0,0.0,372779.0,434820.0,807600.0,27.0,39.0,4.0,1.0,19.0,71.0,90.0,1926119.0,3930808.0,48887.0,0.0,713713.0,5905815.0,6619528.0
2025-11-02,11.0,8.0,6.0,1.0,10.0,26.0,36.0,167807.0,427261.0,30606.0,0.0,674285.0,625674.0,1299959.0,5.0,19.0,7.0,0.0,11.0,31.0,42.0,71845.0,934449.0,50912.0,0.0,689778.0,1057207.0,1746985.0,16.0,44.0,4.0,3.0,15.0,67.0,82.0,946985.0,2531285.0,73796.0,13024.0,981766.0,3565092.0,4546858.0
2025-11-03,7.0,12.0,14.0,1.0,15.0,34.0,49.0,205114.0,353535.0,69788.0,0.0,475900.0,628438.0,1104338.0,10.0,13.0,5.0,0.0,15.0,28.0,43.0,125107.0,632914.0,15696.0,0.0,605326.0,773717.0,1379044.0,15.0,41.0,9.0,2.0,14.0,67.0,81.0,1150993.0,2694110.0,171592.0,14884.0,1126772.0,4031580.0,5158353.0
2025-11-04,12.0,1.0,3.0,0.0,22.0,16.0,38.0,327561.0,0.0,26565.0,0.0,1346028.0,354127.0,1700155.0,6.0,13.0,2.0,0.0,12.0,21.0,33.0,91093.0,642816.0,7285.0,0.0,1007393.0,741195.0,1748588.0,25.0,52.0,7.0,3.0,16.0,87.0,103.0,1481072.0,3829735.0,62022.0,13804.0,949983.0,5386635.0,6336618.0
2025-11-05,10.0,14.0,2.0,1.0,19.0,27.0,46.0,163641.0,851036.0,7886.0,0.0,775864.0,1022564.0,1798428.0,5.0,9.0,1.0,2.0,14.0,17.0,31.0,44528.0,331937.0,16037.0,4689.0,777071.0,397193.0,1174265.0,14.0,45.0,11.0,3.0,13.0,73.0,86.0,1105194.0,2753860.0,112693.0,10226.0,935249.0,3981974.0,4917224.0
2025-11-06,9.0,10.0,4.0,3.0,11.0,26.0,37.0,139246.0,508878.0,37554.0,0.0,586228.0,685679.0,1271907.0,5.0,11.0,9.0,2.0,21.0,27.0,48.0,85105.0,516377.0,52453.0,1443.0,802419.0,655379.0,1457799.0,19.0,33.0,2.0,6.0,11.0,60.0,71.0,1228954.0,3201488.0,11132.0,27266.0,550306.0,4468842.0,5019148.0
2025-11-07,8.0,21.0,5.0,2.0,16.0,36.0,52.0,136023.0,1063767.0,22844.0,6492.0,935602.0,1229127.0,2164730.0,5.0,13.0,3.0,2.0,13.0,23.0,36.0,66325.0,514316.0,23130.0,2768.0,932276.0,606540.0,1538817.0,21.0,41.0,1.0,6.0,16.0,69.0,85.0,1099160.0,2430480.0,13671.0,17837.0,1444429.0,3561150.0,5005580.0
2025-11-08,8.0,9.0,3.0,2.0,15.0,22.0,37.0,118389.0,348945.0,15456.0,3406.0,641004.0,486198.0,1127203.0,5.0,13.0,5.0,0.0,19.0,23.0,42.0,57748.0,465302.0,35096.0,0.0,1357102.0,558147.0,1915250.0,13.0,46.0,7.0,3.0,17.0,69.0,86.0,808003.0,3097613.0,61059.0,7012.0,1267576.0,3973688.0,5241265.0
2025-11-09,11.0,16.0,3.0,0.0,17.0,30.0,47.0,167316.0,825114.0,27632.0,0.0,984549.0,1020063.0,2004612.0,8.0,11.0,6.0,4.0,14.0,29.0,43.0,93572.0,400930.0,41726.0,0.0,525129.0,536229.0,1061358.0,17.0,42.0,4.0,1.0,17.0,64.0,81.0,1159328.0,2792166.0,64457.0,0.0,995882.0,4015951.0,5011834.0
2025-11-10,10.0,10.0,4.0,3.0,20.0,27.0,47.0,200386.0,471780.0,20793.0,3311.0,1061335.0,696271.0,1757607.0,6.0,11.0,6.0,0.0,9.0,23.0,32.0,63896.0,668898.0,56621.0,0.0,775784.0,789416.0,1565201.0,28.0,51.0,3.0,3.0,21.0,85.0,106.0,1712646.0,4022079.0,53047.0,8679.0,1786086.0,5796452.0,7582538.0
2025-11-11,10.0,15.0,2.0,1.0,20.0,28.0,48.0,262214.0,804763.0,22191.0,2768.0,904725.0,1091937.0,1996663.0,5.0,14.0,3.0,1.0,18.0,23.0,41.0,101046.0,641377.0,3859.0,6492.0,844030.0,752776.0,1596807.0,18.0,48.0,4.0,6.0,19.0,76.0,95.0,977743.0,3490002.0,10389.0,31156.0,862247.0,4509291.0,5371539.0
2025-11-12,10.0,10.0,7.0,0.0,16.0,27.0,43.0,212214.0,332169.0,76803.0,0.0,509600.0,621186.0,1130786.0,5.0,10.0,3.0,0.0,8.0,18.0,26.0,72635.0,688069.0,4846.0,0.0,412391.0,765551.0,1177943.0,15.0,34.0,4.0,5.0,17.0,58.0,75.0,1088087.0,2017213.0,88412.0,23381.0,1292307.0,3217094.0,4509402.0
2025-11-13,8.0,16.0,7.0,0.0,13.0,31.0,44.0,156640.0,875238.0,61589.0,0.0,794603.0,1093468.0,1888071.0,7.0,10.0,6.0,1.0,10.0,24.0,34.0,140170.0,529730.0,28483.0,0.0,439833.0,698384.0,1138217.0,23.0,32.0,7.0,2.0,12.0,64.0,76.0,1451744.0,3276471.0,103542.0,14416.0,1224546.0,4846175.0,6070722.0
2025-11-14,16.0,10.0,6.0,2.0,13.0,34.0,47.0,214433.0,473539.0,40485.0,0.0,812351.0,728458.0,1540810.0,6.0,6.0,3.0,0.0,13.0,15.0,28.0,86499.0,184407.0,27607.0,0.0,946863.0,298514.0,1245377.0,16.0,32.0,6.0,2.0,8.0,56.0,64.0,1103483.0,1911859.0,54327.0,10571.0,155760.0,3080242.0,3236003.0
2025-11-15,13.0,12.0,3.0,1.0,10.0,29.0,39.0,421191.0,626003.0,4152.0,0.0,487051.0,1051348.0,1538399.0,10.0,14.0,2.0,0.0,10.0,26.0,36.0,130066.0,773646.0,12423.0,0.0,482030.0,916136.0,1398167.0,13.0,42.0,5.0,2.0,13.0,62.0,75.0,944639.0,2400415.0,50813.0,9128.0,1729911.0,3404996.0,5134908.0
2025-11-16,10.0,15.0,3.0,0.0,16.0,28.0,44.0,135258.0,787602.0,3045.0,0.0,916210.0,925907.0,1842117.0,6.0,17.0,3.0,1.0,11.0,27.0,38.0,54294.0,919277.0,56127.0,0.0,858443.0,1029700.0,1888144.0,12.0,41.0,3.0,3.0,20.0,59.0,79.0,837435.0,3557505.0,4330.0,7168.0,1247430.0,4406440.0,5653870.0
2025-11-17,8.0,11.0,8.0,0.0,11.0,27.0,38.0,242505.0,558060.0,27702.0,0.0,509754.0,828268.0,1338023.0,2.0,15.0,7.0,4.0,12.0,28.0,40.0,25041.0,655812.0,58334.0,11734.0,809186.0,750923.0,1560109.0,17.0,41.0,3.0,3.0,19.0,64.0,83.0,896970.0,3544274.0,10189.0,14343.0,654246.0,4465778.0,5120024.0
2025-11-18,3.0,11.0,2.0,0.0,12.0,16.0,28.0,117581.0,482478.0,19637.0,0.0,639025.0,619696.0,1258722.0,7.0,16.0,8.0,0.0,9.0,31.0,40.0,72101.0,1300653.0,44177.0,0.0,370103.0,1416932.0,1787035.0,19.0,51.0,3.0,2.0,19.0,75.0,94.0,1435386.0,3765156.0,23683.0,4774.0,1389077.0,5228999.0,6618077.0
2025-11-19,7.0,15.0,7.0,0.0,15.0,29.0,44.0,125101.0,785880.0,41780.0,0.0,651315.0,952762.0,1604078.0,5.0,11.0,9.0,2.0,11.0,27.0,38.0,70119.0,466193.0,45637.0,15307.0,725934.0,597257.0,1323192.0,23.0,45.0,3.0,5.0,21.0,76.0,97.0,1887696.0,3757853.0,15392.0,20733.0,1639216.0,5681675.0,7320891.0
2025-11-20,10.0,18.0,6.0,0.0,16.0,34.0,50.0,223472.0,675806.0,48422.0,0.0,784558.0,947701.0,1732259.0,6.0,16.0,11.0,0.0,14.0,33.0,47.0,74043.0,650462.0,43766.0,0.0,712400.0,768272.0,1480673.0,13.0,46.0,6.0,7.0,11.0,72.0,83.0,977145.0,2836385.0,63237.0,27228.0,556100.0,3903996.0,4460096.0
2025-11-21,14.0,15.0,3.0,2.0,11.0,34.0,45.0,166250.0,498954.0,21313.0,5677.0,543306.0,692196.0,1235502.0,7.0,9.0,3.0,1.0,18.0,20.0,38.0,66811.0,487768.0,33319.0,9654.0,806352.0,597554.0,1403907.0,25.0,49.0,3.0,3.0,15.0,80.0,95.0,1482131.0,4348226.0,41745.0,22350.0,572259.0,5894454.0,6466714.0
2025-11-22,2.0,12.0,5.0,1.0,14.0,20.0,34.0,35288.0,511652.0,23551.0,4050.0,779631.0,574542.0,1354173.0,7.0,6.0,5.0,0.0,15.0,18.0,33.0,121934.0,268806.0,48909.0,0.0,770628.0,439649.0,1210278.0,19.0,29.0,4.0,12.0,17.0,64.0,81.0,1284384.0,1607510.0,76975.0,49982.0,730062.0,3018852.0,3748915.0
2025-11-23,15.0,8.0,2.0,0.0,14.0,25.0,39.0,222339.0,289630.0,8243.0,0.0,549492.0,520213.0,1069705.0,10.0,15.0,9.0,0.0,12.0,34.0,46.0,125847.0,686763.0,50354.0,0.0,792438.0,862964.0,1655403.0,14.0,49.0,6.0,6.0,24.0,75.0,99.0,968945.0,4170549.0,31503.0,22388.0,843785.0,5193386.0,6037172.0
2025-11-24,10.0,15.0,9.0,1.0,13.0,35.0,48.0,353090.0,1604754.0,52759.0,7228.0,699239.0,2017832.0,2717072.0,6.0,12.0,4.0,0.0,8.0,22.0,30.0,71826.0,476508.0,37876.0,0.0,269711.0,586211.0,855922.0,19.0,47.0,5.0,2.0,14.0,73.0,87.0,985983.0,2929390.0,44696.0,9719.0,1245628.0,3969789.0,5215417.0
2025-11-25,7.0,14.0,9.0,1.0,15.0,31.0,46.0,166771.0,462316.0,72714.0,9654.0,694871.0,711457.0,1406329.0,6.0,17.0,6.0,1.0,15.0,30.0,45.0,116264.0,698649.0,66282.0,7553.0,665318.0,888749.0,1554068.0,21.0,39.0,4.0,3.0,21.0,67.0,88.0,1640571.0,3062706.0,113068.0,24921.0,1715662.0,4841267.0,6556929.0
2025-11-26,6.0,10.0,3.0,1.0,20.0,20.0,40.0,178858.0,429924.0,35287.0,0.0,1226454.0,644071.0,1870525.0,7.0,14.0,4.0,1.0,12.0,26.0,38.0,110262.0,561339.0,15643.0,6056.0,278343.0,693302.0,971646.0,18.0,38.0,3.0,0.0,18.0,59.0,77.0,1212547.0,3272232.0,63371.0,0.0,869976.0,4548152.0,5418129.0
2025-11-27,13.0,18.0,2.0,0.0,17.0,33.0,50.0,133591.0,1082846.0,3963.0,0.0,830168.0,1220401.0,2050569.0,5.0,9.0,4.0,1.0,13.0,19.0,32.0,87195.0,397621.0,53470.0,0.0,333810.0,538287.0,872097.0,27.0,51.0,3.0,3.0,20.0,84.0,104.0,2018950.0,3318100.0,51165.0,7569.0,565220.0,5395786.0,5961006.0
2025-11-28,8.0,11.0,6.0,1.0,16.0,26.0,42.0,176561.0,457843.0,25069.0,2707.0,586786.0,662181.0,1248967.0,5.0,12.0,3.0,1.0,16.0,21.0,37.0,73915.0,454860.0,24416.0,1692.0,796181.0,554885.0,1351066.0,29.0,50.0,5.0,4.0,21.0,88.0,109.0,2023999.0,4756571.0,70402.0,8030.0,974372.0,6859003.0,7833376.0
2025-11-29,4.0,7.0,5.0,0.0,12.0,16.0,28.0,34593.0,494504.0,22740.0,0.0,774865.0,551837.0,1326703.0,4.0,11.0,2.0,1.0,15.0,18.0,33.0,70302.0,693590.0,2067.0,0.0,609717.0,765960.0,1375677.0,21.0,42.0,5.0,5.0,20.0,73.0,93.0,1216836.0,3123559.0,81803.0,19422.0,1750597.0,4441622.0,6192220.0
2025-11-30,12.0,13.0,4.0,0.0,15.0,29.0,44.0,135332.0,509571.0,21102.0,0.0,714729.0,666006.0,1380736.0,10.0,22.0,5.0,0.0,10.0,37.0,47.0,100236.0,1034323.0,30107.0,0.0,757336.0,1164667.0,1922004.0,17.0,45.0,4.0,5.0,14.0,71.0,85.0,1032553.0,3278767.0,60137.0,36262.0,1149827.0,4407721.0,5557549.0
2025-12-01,7.0,19.0,9.0,0.0,17.0,35.0,52.0,297976.0,945069.0,51874.0,0.0,575162.0,1294920.0,1870083.0,4.0,6.0,6.0,0.0,12.0,16.0,28.0,32145.0,360810.0,37366.0,0.0,586020.0,430322.0,1016342.0,16.0,41.0,4.0,2.0,19.0,63.0,82.0,938352.0,3207839.0,38812.0,12278.0,1009203.0,4197282.0,5206486.0
2025-12-02,6.0,13.0,1.0,0.0,12.0,20.0,32.0,194137.0,633879.0,1749.0,0.0,566295.0,829766.0,1396062.0,10.0,14.0,5.0,1.0,11.0,30.0,41.0,190870.0,869963.0,40248.0,0.0,692091.0,1101082.0,1793174.0,20.0,36.0,4.0,3.0,20.0,63.0,83.0,1390219.0,3125796.0,28951.0,10584.0,1372526.0,4555552.0,5928078.0
2025-12-03,9.0,6.0,4.0,3.0,18.0,22.0,40.0,162750.0,359242.0,7013.0,1692.0,563023.0,530699.0,1093722.0,7.0,14.0,3.0,1.0,16.0,25.0,41.0,140722.0,670408.0,3620.0,4604.0,676576.0,819356.0,1495932.0,18.0,41.0,9.0,2.0,14.0,70.0,84.0,976642.0,2921756.0,82608.0,7052.0,637198.0,3988060.0,4625259.0
2025-12-04,8.0,9.0,5.0,1.0,20.0,23.0,43.0,246356.0,591705.0,17572.0,2890.0,1093222.0,858523.0,1951745.0,4.0,8.0,2.0,2.0,10.0,16.0,26.0,47456.0,486607.0,13526.0,14153.0,417890.0,561743.0,979633.0,25.0,41.0,4.0,4.0,16.0,74.0,90.0,1573419.0,2943120.0,60943.0,16992.0,424139.0,4594476.0,5018615.0
2025-12-05,9.0,20.0,2.0,0.0,5.0,31.0,36.0,207167.0,917100.0,2483.0,0.0,285856.0,1126751.0,1412608.0,11.0,12.0,7.0,0.0,9.0,30.0,39.0,154150.0,376820.0,30575.0,0.0,469355.0,561547.0,1030902.0,21.0,40.0,3.0,7.0,18.0,71.0,89.0,1331717.0,3168472.0,25317.0,23549.0,1312984.0,4549057.0,5862042.0
2025-12-06,8.0,14.0,3.0,0.0,17.0,25.0,42.0,141946.0,648749.0,3677.0,0.0,1209595.0,794372.0,2003968.0,10.0,12.0,7.0,2.0,9.0,31.0,40.0,135475.0,665537.0,55765.0,2375.0,418326.0,859154.0,1277481.0,22.0,35.0,5.0,4.0,13.0,66.0,79.0,1520898.0,1594684.0,29911.0,15137.0,1129285.0,3160631.0,4289917.0
2025-12-07,7.0,8.0,4.0,1.0,13.0,20.0,33.0,130829.0,626876.0,21639.0,0.0,486766.0,779345.0,1266112.0,8.0,9.0,8.0,0.0,13.0,25.0,38.0,108003.0,642076.0,57937.0,0.0,532449.0,808018.0,1340467.0,18.0,49.0,5.0,1.0,11.0,73.0,84.0,1222881.0,3177764.0,52784.0,5439.0,1327270.0,4458869.0,5786139.0
2025-12-08,12.0,10.0,2.0,3.0,17.0,27.0,44.0,227074.0,387259.0,3212.0,12211.0,927739.0,629758.0,1557497.0,4.0,9.0,1.0,0.0,5.0,14.0,19.0,42040.0,319416.0,3528.0,0.0,203484.0,364985.0,568470.0,14.0,37.0,6.0,3.0,15.0,60.0,75.0,825694.0,2297252.0,58153.0,24628.0,827757.0,3205729.0,4033487.0
2025-12-09,4.0,16.0,3.0,1.0,13.0,24.0,37.0,127441.0,941575.0,13124.0,3583.0,736659.0,1085725.0,1822384.0,1.0,6.0,1.0,0.0,4.0,8.0,12.0,16803.0,292567.0,660.0,0.0,323393.0,310031.0,633425.0,15.0,42.0,4.0,2.0,11.0,63.0,74.0,994811.0,2373268.0,59688.0,8432.0,765228.0,3436201.0,4201429.0
2025-12-10,4.0,10.0,3.0,0.0,14.0,17.0,31.0,78038.0,468634.0,42337.0,0.0,467873.0,589010.0,1056883.0,1.0,9.0,4.0,0.0,12.0,14.0,26.0,9121.0,501594.0,8824.0,0.0,745122.0,519540.0,1264662.0,29.0,54.0,1.0,5.0,14.0,89.0,103.0,1618582.0,4118331.0,39948.0,19229.0,504129.0,5796092.0,6300222.0
2025-12-11,11.0,8.0,7.0,1.0,13.0,27.0,40.0,333172.0,450971.0,47358.0,0.0,415516.0,831501.0,1247017.0,2.0,10.0,3.0,1.0,8.0,16.0,24.0,15664.0,324249.0,20083.0,0.0,231933.0,359998.0,591931.0,19.0,44.0,5.0,7.0,12.0,75.0,87.0,1205818.0,2548107.0,26355.0,20365.0,872829.0,3800646.0,4673475.0
2025-12-12,13.0,8.0,7.0,0.0,14.0,28.0,42.0,186278.0,406505.0,49766.0,0.0,851580.0,642550.0,1494130.0,5.0,6.0,4.0,1.0,13.0,16.0,29.0,59791.0,227261.0,39520.0,7584.0,716640.0,334158.0,1050798.0,21.0,48.0,6.0,0.0,13.0,75.0,88.0,1379570.0,4107651.0,52886.0,0.0,557141.0,5540109.0,6097250.0
2025-12-13,13.0,13.0,3.0,1.0,13.0,30.0,43.0,331752.0,1040842.0,72360.0,0.0,701828.0,1444954.0,2146782.0,2.0,11.0,3.0,1.0,10.0,17.0,27.0,17129.0,734830.0,34436.0,0.0,519545.0,786395.0,1305941.0,19.0,48.0,3.0,2.0,14.0,72.0,86.0,1386600.0,4085264.0,8326.0,8185.0,373535.0,5488377.0,5861913.0
2025-12-14,10.0,10.0,5.0,0.0,19.0,25.0,44.0,266653.0,337804.0,7334.0,0.0,1250851.0,611792.0,1862643.0,7.0,8.0,5.0,0.0,15.0,20.0,35.0,151576.0,489263.0,49135.0,0.0,621151.0,689976.0,1311127.0,18.0,50.0,3.0,2.0,18.0,73.0,91.0,1308176.0,2870088.0,19038.0,6595.0,1066214.0,4203898.0,5270112.0
2025-12-15,8.0,11.0,5.0,0.0,24.0,24.0,48.0,183062.0,832689.0,5185.0,0.0,1255212.0,1020937.0,2276149.0,6.0,5.0,5.0,0.0,7.0,16.0,23.0,96924.0,200159.0,40473.0,0.0,111962.0,337557.0,449520.0,19.0,51.0,7.0,2.0,22.0,79.0,101.0,1237361.0,4294877.0,72308.0,9075.0,1914102.0,5613623.0,7527725.0
2025-12-16,8.0,5.0,4.0,1.0,16.0,18.0,34.0,429295.0,286810.0,17529.0,6203.0,910419.0,739839.0,1650258.0,6.0,7.0,7.0,0.0,14.0,20.0,34.0,97072.0,329086.0,65150.0,0.0,789277.0,491309.0,1280586.0,14.0,45.0,1.0,0.0,15.0,60.0,75.0,851779.0,2765028.0,6670.0,0.0,1851304.0,3623478.0,5474783.0
2025-12-17,7.0,13.0,2.0,0.0,10.0,22.0,32.0,146679.0,664979.0,21848.0,0.0,423132.0,833507.0,1256639.0,10.0,10.0,5.0,1.0,14.0,26.0,40.0,95658.0,554623.0,48512.0,0.0,765670.0,698793.0,1464463.0,17.0,44.0,2.0,3.0,17.0,66.0,83.0,1228882.0,3439401.0,7453.0,22572.0,1124738.0,4698310.0,5823049.0
2025-12-18,11.0,11.0,3.0,0.0,17.0,25.0,42.0,83230.0,385027.0,9539.0,0.0,903302.0,477797.0,1381099.0,1.0,11.0,4.0,1.0,16.0,17.0,33.0,27837.0,555587.0,15427.0,4466.0,973801.0,603318.0,1577120.0,23.0,24.0,2.0,5.0,17.0,54.0,71.0,1311566.0,2244583.0,35858.0,23076.0,906679.0,3615085.0,4521765.0
2025-12-19,14.0,13.0,7.0,0.0,17.0,34.0,51.0,329848.0,558231.0,51230.0,0.0,571250.0,939310.0,1510561.0,4.0,8.0,5.0,1.0,10.0,18.0,28.0,29879.0,1027193.0,18755.0,5368.0,670617.0,1081198.0,1751815.0,23.0,28.0,4.0,1.0,17.0,56.0,73.0,1642902.0,2264249.0,24664.0,5761.0,1138980.0,3937578.0,5076558.0
2025-12-20,5.0,11.0,1.0,0.0,16.0,17.0,33.0,78681.0,420624.0,4924.0,0.0,878675.0,504230.0,1382905.0,6.0,4.0,2.0,0.0,10.0,12.0,22.0,85112.0,247467.0,4874.0,0.0,687235.0,337453.0,1024689.0,19.0,38.0,4.0,4.0,17.0,65.0,82.0,1166524.0,2312732.0,63204.0,19242.0,1336215.0,3561702.0,4897918.0
2025-12-21,9.0,9.0,5.0,1.0,18.0,24.0,42.0,177362.0,273586.0,6813.0,0.0,1042454.0,457762.0,1500216.0,6.0,11.0,7.0,0.0,14.0,24.0,38.0,72659.0,491546.0,50325.0,0.0,688666.0,614530.0,1303197.0,13.0,30.0,3.0,3.0,15.0,49.0,64.0,907740.0,2152669.0,76448.0,8101.0,643401.0,3144961.0,3788363.0
2025-12-22,7.0,12.0,4.0,0.0,22.0,23.0,45.0,223926.0,551769.0,3769.0,0.0,1210110.0,779465.0,1989575.0,8.0,6.0,4.0,0.0,5.0,18.0,23.0,89770.0,443957.0,7458.0,0.0,254113.0,541185.0,795298.0,24.0,34.0,3.0,2.0,28.0,63.0,91.0,1312637.0,2686208.0,28906.0,5098.0,1933222.0,4032850.0,5966073.0
2025-12-23,11.0,10.0,7.0,2.0,9.0,30.0,39.0,558372.0,566449.0,17810.0,2387.0,357292.0,1145018.0,1502310.0,6.0,15.0,3.0,1.0,9.0,25.0,34.0,108016.0,682108.0,10563.0,3301.0,454640.0,803990.0,1258630.0,19.0,43.0,5.0,2.0,20.0,69.0,89.0,1515183.0,3468371.0,30489.0,14552.0,1666338.0,5028597.0,6694936.0
2025-12-24,4.0,15.0,2.0,1.0,14.0,22.0,36.0,46734.0,970812.0,8383.0,4475.0,676243.0,1030406.0,1706650.0,4.0,10.0,3.0,0.0,10.0,17.0,27.0,54657.0,566576.0,38802.0,0.0,510594.0,660036.0,1170630.0,12.0,46.0,5.0,4.0,11.0,67.0,78.0,804814.0,3688886.0,55840.0,18588.0,963914.0,4568129.0,5532044.0
2025-12-25,16.0,7.0,3.0,2.0,18.0,28.0,46.0,307998.0,307626.0,17437.0,0.0,1037524.0,633063.0,1670587.0,9.0,12.0,5.0,0.0,16.0,26.0,42.0,170712.0,407602.0,30953.0,0.0,1033125.0,609268.0,1642394.0,24.0,35.0,7.0,3.0,8.0,69.0,77.0,1383428.0,2820090.0,102861.0,17191.0,351009.0,4323571.0,4674581.0
2025-12-26,9.0,11.0,4.0,0.0,10.0,24.0,34.0,133148.0,429649.0,14180.0,0.0,436437.0,576978.0,1013415.0,5.0,8.0,4.0,1.0,8.0,18.0,26.0,44758.0,347078.0,20747.0,4466.0,630572.0,417051.0,1047624.0,28.0,40.0,4.0,5.0,20.0,77.0,97.0,1871252.0,2956967.0,20183.0,12065.0,1146156.0,4860469.0,6006626.0
2025-12-27,9.0,8.0,3.0,1.0,12.0,21.0,33.0,158338.0,469578.0,4073.0,3301.0,858833.0,635292.0,1494125.0,9.0,14.0,1.0,1.0,11.0,25.0,36.0,123096.0,545331.0,835.0,0.0,294010.0,669263.0,963273.0,11.0,46.0,3.0,7.0,10.0,67.0,77.0,845920.0,2386768.0,37344.0,22798.0,447221.0,3292832.0,3740054.0
2025-12-28,10.0,8.0,3.0,0.0,12.0,21.0,33.0,222310.0,409793.0,6351.0,0.0,749887.0,638455.0,1388342.0,5.0,15.0,6.0,3.0,12.0,29.0,41.0,95752.0,766096.0,26579.0,0.0,698357.0,888427.0,1586784.0,21.0,35.0,6.0,3.0,14.0,65.0,79.0,1484559.0,1986052.0,27769.0,20179.0,833335.0,3518561.0,4351897.0
2025-12-29,9.0,6.0,2.0,0.0,15.0,17.0,32.0,351568.0,375030.0,37565.0,0.0,697899.0,764163.0,1462063.0,8.0,10.0,5.0,1.0,18.0,24.0,42.0,139753.0,353428.0,41672.0,6023.0,1377335.0,540878.0,1918214.0,22.0,34.0,5.0,3.0,20.0,64.0,84.0,1094443.0,2456044.0,55938.0,15138.0,1613122.0,3621564.0,5234686.0
2025-12-30,6.0,18.0,4.0,2.0,8.0,30.0,38.0,60610.0,851105.0,14765.0,4133.0,352810.0,930614.0,1283425.0,3.0,12.0,6.0,0.0,12.0,21.0,33.0,34057.0,694407.0,45304.0,0.0,537618.0,773769.0,1311388.0,28.0,54.0,3.0,6.0,16.0,91.0,107.0,1371668.0,4764774.0,10365.0,18759.0,1253909.0,6165568.0,7419477.0
2025-12-31,10.0,7.0,4.0,0.0,14.0,21.0,35.0,286727.0,377073.0,40847.0,0.0,397235.0,704648.0,1101883.0,6.0,11.0,4.0,1.0,12.0,22.0,34.0,134205.0,388488.0,24932.0,1795.0,708130.0,549422.0,1257552.0,15.0,52.0,3.0,2.0,17.0,72.0,89.0,772017.0,4772076.0,10268.0,7759.0,771165.0,5562121.0,6333286.0
2026-01-01,6.0,7.0,2.0,0.0,10.0,15.0,25.0,243238.0,380452.0,1985.0,0.0,875050.0,625676.0,1500726.0,3.0,12.0,3.0,0.0,9.0,18.0,27.0,23815.0,625154.0,35626.0,0.0,776143.0,684596.0,1460739.0,21.0,38.0,4.0,2.0,15.0,65.0,80.0,1548576.0,2685827.0,26861.0,7303.0,757455.0,4268570.0,5026026.0
2026-01-02,7.0,10.0,3.0,0.0,8.0,20.0,28.0,261966.0,379902.0,5374.0,0.0,357995.0,647243.0,1005239.0,7.0,11.0,4.0,0.0,4.0,22.0,26.0,131675.0,496567.0,32000.0,0.0,141645.0,660243.0,801889.0,24.0,42.0,4.0,3.0,15.0,73.0,88.0,1357767.0,4020655.0,85537.0,13358.0,450845.0,5477318.0,5928164.0
2026-01-03,9.0,6.0,3.0,0.0,19.0,18.0,37.0,211922.0,210911.0,24503.0,0.0,882736.0,447337.0,1330074.0,7.0,12.0,2.0,3.0,11.0,24.0,35.0,134079.0,308056.0,8819.0,17794.0,816092.0,468749.0,1284841.0,17.0,31.0,6.0,3.0,20.0,57.0,77.0,1077401.0,2064056.0,75325.0,28918.0,869914.0,3245701.0,4115616.0
2026-01-04,9.0,10.0,6.0,2.0,15.0,27.0,42.0,190941.0,600965.0,55231.0,0.0,668147.0,847137.0,1515285.0,8.0,9.0,6.0,0.0,6.0,23.0,29.0,97060.0,311928.0,30482.0,0.0,200632.0,439471.0,640103.0,20.0,36.0,3.0,3.0,18.0,62.0,80.0,1664079.0,2706621.0,60963.0,10626.0,391945.0,4442290.0,4834235.0
2026-01-05,10.0,12.0,4.0,2.0,14.0,28.0,42.0,171700.0,726043.0,31062.0,0.0,457612.0,928805.0,1386418.0,3.0,10.0,1.0,1.0,11.0,15.0,26.0,21381.0,420200.0,1756.0,0.0,649351.0,443338.0,1092689.0,28.0,41.0,4.0,8.0,17.0,81.0,98.0,1564550.0,3364006.0,37799.0,32807.0,665579.0,4999164.0,5664743.0
2026-01-06,9.0,11.0,5.0,0.0,14.0,25.0,39.0,319887.0,437510.0,20459.0,0.0,645673.0,777857.0,1423530.0,4.0,7.0,3.0,2.0,10.0,16.0,26.0,52959.0,383533.0,12389.0,8605.0,689885.0,457487.0,1147373.0,20.0,36.0,5.0,0.0,12.0,61.0,73.0,1089407.0,2470982.0,80826.0,0.0,613530.0,3641216.0,4254747.0
2026-01-07,7.0,6.0,3.0,3.0,9.0,19.0,28.0,102372.0,247882.0,5663.0,2201.0,302430.0,358120.0,660550.0,10.0,10.0,3.0,1.0,17.0,24.0,41.0,243212.0,356583.0,635.0,0.0,983689.0,600431.0,1584120.0,12.0,30.0,0.0,3.0,9.0,45.0,54.0,870986.0,2459301.0,0.0,22376.0,720818.0,3352664.0,4073482.0
2026-01-08,9.0,14.0,6.0,1.0,10.0,30.0,40.0,305329.0,557730.0,36812.0,8185.0,524923.0,908057.0,1432981.0,1.0,12.0,4.0,2.0,10.0,19.0,29.0,9724.0,503161.0,50974.0,6056.0,660453.0,569916.0,1230369.0,24.0,46.0,9.0,7.0,14.0,86.0,100.0,1469736.0,4093293.0,88156.0,25936.0,754063.0,5677123.0,6431186.0
2026-01-09,10.0,12.0,5.0,1.0,10.0,28.0,38.0,257176.0,681061.0,17815.0,3525.0,520976.0,959579.0,1480555.0,8.0,7.0,4.0,3.0,12.0,22.0,34.0,100354.0,278350.0,21824.0,13845.0,483230.0,414374.0,897604.0,28.0,46.0,1.0,4.0,19.0,79.0,98.0,1833982.0,2661317.0,0.0,9171.0,1539957.0,4504470.0,6044428.0
2026-01-10,10.0,11.0,1.0,1.0,10.0,23.0,33.0,82183.0,464454.0,0.0,4471.0,774787.0,551109.0,1325897.0,5.0,14.0,5.0,0.0,11.0,24.0,35.0,108247.0,680809.0,19393.0,0.0,323794.0,808450.0,1132244.0,22.0,35.0,9.0,6.0,18.0,72.0,90.0,1451256.0,2606633.0,94691.0,26459.0,743634.0,4179041.0,4922675.0
2026-01-11,11.0,6.0,7.0,0.0,11.0,24.0,35.0,204610.0,256373.0,41222.0,0.0,447105.0,502206.0,949312.0,5.0,9.0,4.0,2.0,16.0,20.0,36.0,83282.0,435204.0,37525.0,0.0,704676.0,556011.0,1260687.0,12.0,58.0,6.0,5.0,12.0,81.0,93.0,1164640.0,2415550.0,113717.0,16375.0,800639.0,3710283.0,4510923.0
2026-01-12,5.0,12.0,3.0,0.0,15.0,20.0,35.0,86507.0,441563.0,3391.0,0.0,473113.0,531462.0,1004575.0,9.0,12.0,4.0,0.0,14.0,25.0,39.0,137537.0,471380.0,55699.0,0.0,599117.0,664616.0,1263734.0,20.0,49.0,7.0,1.0,22.0,77.0,99.0,1429105.0,3901690.0,77931.0,11241.0,1930769.0,5419968.0,7350738.0
2026-01-13,3.0,7.0,2.0,2.0,15.0,14.0,29.0,46385.0,497528.0,1592.0,7441.0,969126.0,552947.0,1522074.0,3.0,14.0,3.0,0.0,10.0,20.0,30.0,38833.0,751832.0,1943.0,0.0,658581.0,792609.0,1451190.0,19.0,43.0,9.0,4.0,14.0,75.0,89.0,1073835.0,2664954.0,53807.0,25659.0,467030.0,3818256.0,4285286.0
2026-01-14,8.0,6.0,3.0,1.0,7.0,18.0,25.0,206025.0,310161.0,6718.0,4229.0,305663.0,527135.0,832798.0,7.0,9.0,1.0,1.0,4.0,18.0,22.0,141872.0,303973.0,5860.0,0.0,297092.0,451706.0,748798.0,20.0,36.0,4.0,7.0,17.0,67.0,84.0,1175293.0,2272291.0,10033.0,50639.0,636444.0,3508258.0,4144702.0
2026-01-15,11.0,10.0,7.0,0.0,9.0,28.0,37.0,263495.0,496861.0,59249.0,0.0,396974.0,819606.0,1216580.0,6.0,12.0,9.0,0.0,11.0,27.0,38.0,95690.0,593792.0,47489.0,0.0,645210.0,736972.0,1382182.0,25.0,47.0,7.0,2.0,15.0,81.0,96.0,1536749.0,3501235.0,99773.0,4317.0,1516328.0,5142075.0,6658404.0
2026-01-16,12.0,9.0,7.0,2.0,20.0,30.0,50.0,173468.0,282603.0,41291.0,671.0,511133.0,498034.0,1009167.0,5.0,15.0,6.0,0.0,11.0,26.0,37.0,58261.0,605013.0,32903.0,0.0,466657.0,696178.0,1162836.0,22.0,41.0,4.0,4.0,14.0,71.0,85.0,1606929.0,2730926.0,63914.0,12085.0,998508.0,4413856.0,5412365.0
2026-01-17,13.0,11.0,8.0,0.0,17.0,32.0,49.0,250975.0,379999.0,43301.0,0.0,793711.0,674277.0,1467988.0,6.0,4.0,4.0,1.0,8.0,15.0,23.0,53179.0,216389.0,27337.0,4922.0,296254.0,301828.0,598082.0,17.0,52.0,1.0,3.0,14.0,73.0,87.0,946989.0,3329102.0,6258.0,15755.0,781769.0,4298106.0,5079876.0
2026-01-18,12.0,10.0,3.0,0.0,20.0,25.0,45.0,241267.0,402415.0,17296.0,0.0,1118633.0,660979.0,1779612.0,2.0,11.0,10.0,0.0,7.0,23.0,30.0,63506.0,701692.0,83781.0,0.0,146895.0,848981.0,995876.0,23.0,30.0,3.0,7.0,22.0,63.0,85.0,1519661.0,1249123.0,23201.0,21669.0,1793282.0,2813655.0,4606937.0
2026-01-19,12.0,6.0,9.0,0.0,12.0,27.0,39.0,390049.0,219182.0,57720.0,0.0,420878.0,666952.0,1087831.0,6.0,11.0,3.0,1.0,10.0,21.0,31.0,32398.0,590706.0,8599.0,0.0,277988.0,631705.0,909693.0,16.0,36.0,6.0,2.0,16.0,60.0,76.0,1047324.0,2543618.0,98915.0,9903.0,1240893.0,3699761.0,4940655.0
2026-01-20,8.0,8.0,4.0,0.0,19.0,20.0,39.0,324273.0,314597.0,31743.0,0.0,620665.0,670613.0,1291279.0,9.0,9.0,6.0,0.0,12.0,24.0,36.0,99838.0,488951.0,90027.0,0.0,455593.0,678817.0,1134410.0,15.0,49.0,2.0,9.0,18.0,75.0,93.0,818942.0,3136756.0,4557.0,40377.0,1493970.0,4000634.0,5494605.0
2026-01-21,4.0,11.0,5.0,0.0,6.0,20.0,26.0,21845.0,491831.0,18158.0,0.0,328021.0,531835.0,859857.0,8.0,10.0,4.0,0.0,8.0,22.0,30.0,119148.0,271014.0,10812.0,0.0,155349.0,400976.0,556325.0,17.0,51.0,2.0,4.0,16.0,74.0,90.0,1112094.0,3313232.0,5821.0,13478.0,753020.0,4444626.0,5197646.0
2026-01-22,8.0,7.0,9.0,1.0,18.0,25.0,43.0,137965.0,418724.0,28845.0,671.0,829435.0,586206.0,1415642.0,9.0,11.0,3.0,2.0,5.0,25.0,30.0,107187.0,283777.0,17723.0,13357.0,316426.0,422046.0,738473.0,21.0,48.0,4.0,1.0,18.0,74.0,92.0,1333464.0,3576432.0,32984.0,5455.0,1018241.0,4948337.0,5966578.0
2026-01-23,11.0,11.0,4.0,1.0,9.0,27.0,36.0,276430.0,593260.0,38966.0,3793.0,279150.0,912450.0,1191601.0,3.0,9.0,5.0,1.0,12.0,18.0,30.0,47504.0,300674.0,28950.0,2160.0,445044.0,379290.0,824335.0,20.0,35.0,5.0,2.0,19.0,62.0,81.0,1380571.0,2788309.0,25236.0,11793.0,1172253.0,4205910.0,5378163.0
2026-01-24,5.0,7.0,4.0,0.0,20.0,16.0,36.0,42568.0,352163.0,9992.0,0.0,549220.0,404725.0,953945.0,8.0,6.0,5.0,0.0,16.0,19.0,35.0,117609.0,244212.0,13940.0,0.0,769959.0,375762.0,1145722.0,20.0,31.0,4.0,3.0,14.0,58.0,72.0,1408038.0,1920302.0,87531.0,6153.0,896688.0,3422025.0,4318714.0
2026-01-25,12.0,7.0,7.0,3.0,14.0,29.0,43.0,157643.0,397722.0,34944.0,2230.0,863072.0,592540.0,1455612.0,5.0,12.0,9.0,0.0,14.0,26.0,40.0,53060.0,483774.0,41997.0,0.0,938386.0,578832.0,1517218.0,30.0,35.0,8.0,2.0,15.0,75.0,90.0,1889603.0,2245907.0,29258.0,1846.0,558550.0,4166615.0,4725165.0
2026-01-26,9.0,10.0,4.0,3.0,17.0,26.0,43.0,463245.0,333497.0,7820.0,12750.0,840182.0,817314.0,1657496.0,7.0,10.0,10.0,0.0,15.0,27.0,42.0,71090.0,382868.0,52629.0,0.0,854399.0,506587.0,1360986.0,21.0,51.0,4.0,7.0,24.0,83.0,107.0,1186324.0,3263565.0,4822.0,23659.0,1270517.0,4478372.0,5748890.0
2026-01-27,8.0,13.0,9.0,1.0,17.0,31.0,48.0,176025.0,683152.0,50629.0,1554.0,825137.0,911362.0,1736499.0,7.0,11.0,0.0,1.0,13.0,19.0,32.0,114735.0,701872.0,0.0,3793.0,672223.0,820401.0,1492625.0,22.0,48.0,1.0,4.0,22.0,75.0,97.0,1244011.0,2545511.0,15807.0,22382.0,978753.0,3827712.0,4806465.0
2026-01-28,9.0,8.0,2.0,0.0,16.0,19.0,35.0,138207.0,232289.0,6821.0,0.0,840435.0,377318.0,1217754.0,6.0,10.0,5.0,3.0,10.0,24.0,34.0,83245.0,779651.0,50111.0,0.0,337153.0,913009.0,1250162.0,19.0,47.0,3.0,5.0,13.0,74.0,87.0,902889.0,2754480.0,27473.0,4661.0,732403.0,3689503.0,4421907.0
2026-01-29,9.0,15.0,5.0,1.0,12.0,30.0,42.0,170089.0,776011.0,55091.0,0.0,633310.0,1001193.0,1634504.0,4.0,11.0,3.0,1.0,8.0,19.0,27.0,63502.0,463354.0,11905.0,0.0,767380.0,538762.0,1306143.0,20.0,46.0,5.0,4.0,18.0,75.0,93.0,1510457.0,3498647.0,58758.0,10995.0,828651.0,5078858.0,5907510.0
2026-01-30,12.0,10.0,5.0,0.0,14.0,27.0,41.0,212033.0,413151.0,4141.0,0.0,881937.0,629326.0,1511263.0,5.0,10.0,6.0,2.0,11.0,23.0,34.0,83477.0,245453.0,18803.0,5677.0,644269.0,353412.0,997681.0,21.0,52.0,9.0,2.0,16.0,84.0,100.0,1123547.0,3282097.0,77957.0,3384.0,502581.0,4486986.0,4989568.0
2026-01-31,10.0,12.0,4.0,0.0,14.0,26.0,40.0,127177.0,612673.0,35705.0,0.0,677915.0,775556.0,1453472.0,5.0,6.0,1.0,0.0,18.0,12.0,30.0,83775.0,451400.0,2086.0,0.0,787099.0,537262.0,1324362.0,15.0,36.0,2.0,4.0,11.0,57.0,68.0,924628.0,2460054.0,16234.0,21170.0,462755.0,3422088.0,3884843.0
2026-02-01,9.0,7.0,8.0,0.0,13.0,24.0,37.0,175029.0,255355.0,40664.0,0.0,296621.0,471049.0,767670.0,1.0,19.0,4.0,0.0,11.0,24.0,35.0,17077.0,731474.0,39062.0,0.0,568301.0,787614.0,1355916.0,17.0,34.0,3.0,4.0,14.0,58.0,72.0,977446.0,2514822.0,14814.0,12769.0,474557.0,3519852.0,3994410.0
2026-02-02,5.0,10.0,7.0,1.0,14.0,23.0,37.0,131150.0,631947.0,29128.0,0.0,795317.0,792226.0,1587544.0,4.0,4.0,1.0,1.0,11.0,10.0,21.0,72766.0,119508.0,0.0,4697.0,474920.0,196973.0,671893.0,11.0,39.0,5.0,3.0,7.0,58.0,65.0,692897.0,2614435.0,40758.0,7613.0,242325.0,3355704.0,3598030.0
2026-02-03,6.0,10.0,3.0,0.0,9.0,19.0,28.0,238116.0,429354.0,23381.0,0.0,176196.0,690853.0,867049.0,7.0,9.0,4.0,2.0,11.0,22.0,33.0,61162.0,568637.0,48471.0,8606.0,440342.0,686878.0,1127220.0,18.0,49.0,4.0,3.0,6.0,74.0,80.0,1039572.0,3078867.0,13264.0,11084.0,152250.0,4142789.0,4295040.0
2026-02-04,9.0,8.0,1.0,1.0,15.0,19.0,34.0,274030.0,193364.0,325.0,4752.0,796346.0,472472.0,1268819.0,4.0,17.0,9.0,0.0,11.0,30.0,41.0,48220.0,934808.0,41080.0,0.0,506395.0,1024110.0,1530505.0,20.0,48.0,2.0,8.0,16.0,78.0,94.0,1188196.0,2876691.0,9627.0,36795.0,1034160.0,4111310.0,5145470.0
2026-02-05,9.0,7.0,6.0,0.0,14.0,22.0,36.0,263865.0,288349.0,13529.0,0.0,899497.0,565744.0,1465242.0,3.0,14.0,1.0,0.0,12.0,18.0,30.0,46328.0,574292.0,3313.0,0.0,436903.0,623934.0,1060837.0,16.0,45.0,4.0,0.0,13.0,65.0,78.0,994574.0,2729418.0,9120.0,0.0,340152.0,3733113.0,4073265.0
2026-02-06,12.0,11.0,4.0,0.0,16.0,27.0,43.0,184805.0,420029.0,7864.0,0.0,824039.0,612699.0,1436738.0,8.0,7.0,6.0,0.0,9.0,21.0,30.0,128101.0,209678.0,42672.0,0.0,256443.0,380452.0,636896.0,23.0,40.0,3.0,2.0,11.0,68.0,79.0,1522379.0,2884415.0,18551.0,10785.0,697361.0,4436131.0,5133493.0
2026-02-07,7.0,10.0,4.0,2.0,22.0,23.0,45.0,78317.0,523403.0,24114.0,11189.0,888504.0,637024.0,1525529.0,5.0,7.0,4.0,1.0,12.0,17.0,29.0,88443.0,345216.0,21808.0,3583.0,382079.0,459052.0,841131.0,16.0,35.0,1.0,1.0,12.0,53.0,65.0,979927.0,2313240.0,1656.0,4154.0,1254050.0,3298978.0,4553029.0
2026-02-08,13.0,11.0,6.0,0.0,17.0,30.0,47.0,246562.0,350615.0,32193.0,0.0,835594.0,629371.0,1464965.0,9.0,13.0,4.0,1.0,16.0,27.0,43.0,122306.0,446846.0,24888.0,4704.0,443583.0,598746.0,1042329.0,17.0,43.0,2.0,1.0,16.0,63.0,79.0,1254098.0,2718865.0,34242.0,0.0,754870.0,4007206.0,4762077.0
2026-02-09,9.0,12.0,6.0,0.0,13.0,27.0,40.0,525300.0,586735.0,27338.0,0.0,661793.0,1139374.0,1801167.0,1.0,6.0,5.0,1.0,18.0,13.0,31.0,6371.0,187708.0,45526.0,5506.0,736727.0,245113.0,981841.0,13.0,47.0,7.0,3.0,11.0,70.0,81.0,978826.0,2763709.0,54546.0,25427.0,1157106.0,3822509.0,4979616.0
2026-02-10,6.0,12.0,3.0,0.0,14.0,21.0,35.0,253407.0,725390.0,11852.0,0.0,365698.0,990650.0,1356348.0,7.0,5.0,7.0,0.0,13.0,19.0,32.0,136753.0,122208.0,38279.0,0.0,717001.0,297240.0,1014242.0,26.0,51.0,4.0,4.0,13.0,85.0,98.0,1651717.0,3536882.0,41099.0,22044.0,770424.0,5251744.0,6022168.0
2026-02-11,7.0,13.0,10.0,0.0,14.0,30.0,44.0,144896.0,532637.0,43974.0,0.0,634080.0,721508.0,1355588.0,4.0,15.0,3.0,2.0,13.0,24.0,37.0,42998.0,743359.0,24910.0,9335.0,942229.0,820602.0,1762832.0,9.0,48.0,3.0,3.0,19.0,63.0,82.0,443628.0,3276968.0,18760.0,8028.0,1237174.0,3747386.0,4984560.0
2026-02-12,9.0,15.0,5.0,0.0,15.0,29.0,44.0,220056.0,507520.0,7176.0,0.0,745747.0,734753.0,1480500.0,8.0,12.0,4.0,1.0,8.0,25.0,33.0,118050.0,672016.0,12691.0,6023.0,350202.0,808782.0,1158984.0,20.0,41.0,2.0,2.0,17.0,65.0,82.0,1391278.0,2547510.0,16384.0,3710.0,684801.0,3958884.0,4643685.0
2026-02-13,7.0,8.0,5.0,1.0,19.0,21.0,40.0,108142.0,297769.0,12574.0,0.0,962254.0,418486.0,1380741.0,7.0,14.0,3.0,0.0,16.0,24.0,40.0,112327.0,512577.0,17724.0,0.0,874817.0,642629.0,1517447.0,17.0,40.0,2.0,1.0,15.0,60.0,75.0,1286496.0,2510917.0,36654.0,4092.0,1314149.0,3838160.0,5152309.0
2026-02-14,8.0,9.0,3.0,3.0,19.0,23.0,42.0,111976.0,244452.0,18746.0,5506.0,963985.0,380681.0,1344667.0,3.0,9.0,7.0,1.0,8.0,20.0,28.0,38995.0,412853.0,58862.0,5514.0,606457.0,516225.0,1122682.0,24.0,43.0,1.0,0.0,13.0,68.0,81.0,1705796.0,2421178.0,9948.0,0.0,973490.0,4136923.0,5110414.0
2026-02-15,10.0,7.0,4.0,1.0,13.0,22.0,35.0,114202.0,259524.0,23880.0,0.0,666447.0,397607.0,1064054.0,4.0,13.0,6.0,0.0,8.0,23.0,31.0,53387.0,916915.0,6683.0,0.0,212452.0,976986.0,1189439.0,24.0,47.0,1.0,4.0,12.0,76.0,88.0,1554464.0,3683510.0,6368.0,4760.0,836858.0,5249103.0,6085961.0
2026-02-16,14.0,8.0,7.0,0.0,20.0,29.0,49.0,380109.0,362694.0,72750.0,0.0,808602.0,815554.0,1624157.0,2.0,10.0,5.0,0.0,13.0,17.0,30.0,45015.0,488475.0,22905.0,0.0,401057.0,556396.0,957454.0,23.0,49.0,2.0,4.0,24.0,78.0,102.0,1281166.0,3052474.0,30621.0,18303.0,1739709.0,4382566.0,6122275.0
2026-02-17,6.0,14.0,4.0,1.0,15.0,25.0,40.0,237935.0,628333.0,11117.0,0.0,766804.0,877386.0,1644191.0,6.0,17.0,8.0,2.0,12.0,33.0,45.0,53743.0,715505.0,28190.0,3301.0,859621.0,800741.0,1660362.0,15.0,49.0,3.0,3.0,9.0,70.0,79.0,855893.0,4671327.0,5686.0,6656.0,441666.0,5539564.0,5981230.0
2026-02-18,5.0,14.0,3.0,1.0,14.0,23.0,37.0,156146.0,747340.0,18155.0,6203.0,418531.0,927846.0,1346377.0,6.0,10.0,4.0,3.0,16.0,23.0,39.0,106014.0,422652.0,25737.0,8647.0,910678.0,563052.0,1473730.0,19.0,36.0,3.0,3.0,13.0,61.0,74.0,1350856.0,2239266.0,60401.0,17528.0,742092.0,3668052.0,4410144.0
2026-02-19,6.0,10.0,2.0,0.0,14.0,18.0,32.0,158298.0,352232.0,38345.0,0.0,739334.0,548876.0,1288210.0,4.0,7.0,2.0,3.0,9.0,16.0,25.0,50165.0,105962.0,4320.0,5498.0,517992.0,165946.0,683939.0,23.0,51.0,6.0,4.0,17.0,84.0,101.0,1096309.0,2538431.0,65965.0,17621.0,1319280.0,3718326.0,5037607.0
2026-02-20,10.0,5.0,1.0,1.0,15.0,17.0,32.0,232603.0,330228.0,1983.0,0.0,542937.0,564816.0,1107753.0,7.0,11.0,8.0,3.0,15.0,29.0,44.0,74626.0,385788.0,89176.0,11931.0,1025318.0,561522.0,1586841.0,23.0,50.0,4.0,5.0,11.0,82.0,93.0,1506901.0,2117784.0,31333.0,16394.0,237265.0,3672413.0,3909678.0
2026-02-21,7.0,8.0,6.0,1.0,18.0,22.0,40.0,243711.0,218491.0,21949.0,3301.0,479491.0,487454.0,966945.0,6.0,9.0,3.0,1.0,19.0,19.0,38.0,113292.0,579388.0,6405.0,1705.0,1254886.0,700790.0,1955677.0,18.0,34.0,11.0,14.0,16.0,77.0,93.0,1001802.0,3044418.0,127439.0,68754.0,814105.0,4242414.0,5056519.0
2026-02-22,10.0,5.0,7.0,0.0,13.0,22.0,35.0,138289.0,336189.0,29971.0,0.0,346868.0,504450.0,851319.0,11.0,16.0,6.0,0.0,13.0,33.0,46.0,155888.0,724033.0,62278.0,0.0,561208.0,942200.0,1503408.0,14.0,67.0,14.0,2.0,13.0,97.0,110.0,1121591.0,3153713.0,107685.0,6579.0,334813.0,4389569.0,4724383.0
2026-02-23,8.0,12.0,4.0,2.0,13.0,26.0,39.0,226699.0,501403.0,8703.0,7135.0,626749.0,743942.0,1370691.0,6.0,12.0,3.0,2.0,11.0,23.0,34.0,62737.0,705023.0,37159.0,12338.0,673001.0,817259.0,1490261.0,28.0,49.0,6.0,6.0,13.0,89.0,102.0,1587085.0,4029783.0,72050.0,24993.0,1047846.0,5713913.0,6761760.0
2026-02-24,8.0,7.0,1.0,3.0,14.0,19.0,33.0,268987.0,366911.0,1704.0,13442.0,314344.0,651046.0,965390.0,7.0,14.0,9.0,0.0,12.0,30.0,42.0,150587.0,634601.0,44801.0,0.0,281638.0,829989.0,1111628.0,27.0,53.0,5.0,3.0,10.0,88.0,98.0,1849446.0,3501255.0,58701.0,22729.0,668037.0,5432133.0,6100170.0
2026-02-25,12.0,12.0,2.0,0.0,18.0,26.0,44.0,408066.0,768956.0,8057.0,0.0,713378.0,1185080.0,1898458.0,5.0,10.0,6.0,2.0,11.0,23.0,34.0,52263.0,418152.0,43834.0,6258.0,681660.0,520508.0,1202169.0,14.0,39.0,1.0,2.0,11.0,56.0,67.0,757114.0,2390461.0,20734.0,6410.0,1580254.0,3174720.0,4754974.0
2026-02-26,5.0,11.0,5.0,1.0,23.0,22.0,45.0,126316.0,411841.0,9853.0,3793.0,1269116.0,551804.0,1820920.0,9.0,11.0,5.0,1.0,17.0,26.0,43.0,111137.0,440994.0,29248.0,0.0,842719.0,581380.0,1424099.0,22.0,45.0,4.0,4.0,11.0,75.0,86.0,1401465.0,2893347.0,35311.0,29401.0,984302.0,4359526.0,5343829.0
2026-02-27,13.0,9.0,2.0,1.0,22.0,25.0,47.0,243977.0,433854.0,15381.0,7071.0,996493.0,700285.0,1696778.0,7.0,11.0,3.0,0.0,14.0,21.0,35.0,98712.0,352070.0,13683.0,0.0,877363.0,464465.0,1341829.0,30.0,56.0,4.0,2.0,15.0,92.0,107.0,1824014.0,2860033.0,35441.0,0.0,807363.0,4719489.0,5526852.0
2026-02-28,8.0,10.0,2.0,0.0,14.0,20.0,34.0,225755.0,397183.0,20056.0,0.0,596205.0,642995.0,1239200.0,3.0,4.0,5.0,0.0,11.0,12.0,23.0,50756.0,759532.0,23700.0,0.0,655691.0,833988.0,1489680.0,13.0,31.0,5.0,4.0,9.0,53.0,62.0,667587.0,1499433.0,50191.0,20662.0,284591.0,2237874.0,2522465.0
2026-03-01,10.0,8.0,3.0,0.0,13.0,21.0,34.0,142437.0,529869.0,3036.0,0.0,247342.0,675343.0,922685.0,5.0,8.0,3.0,1.0,13.0,17.0,30.0,89450.0,516216.0,25819.0,0.0,665460.0,631486.0,1296946.0,6.0,58.0,1.0,1.0,12.0,66.0,78.0,613914.0,3214607.0,1499.0,0.0,668596.0,3830021.0,4498617.0
2026-03-02,10.0,11.0,7.0,1.0,8.0,29.0,37.0,166087.0,666734.0,15676.0,6258.0,335845.0,854757.0,1190603.0,4.0,7.0,4.0,0.0,9.0,15.0,24.0,75192.0,174584.0,4301.0,0.0,368192.0,254078.0,622270.0,17.0,42.0,2.0,4.0,10.0,65.0,75.0,1156832.0,2386475.0,12499.0,14430.0,379810.0,3570238.0,3950049.0
2026-03-03,11.0,10.0,4.0,0.0,25.0,25.0,50.0,381101.0,353176.0,19661.0,0.0,1634066.0,753939.0,2388005.0,7.0,13.0,5.0,0.0,15.0,25.0,40.0,92744.0,540790.0,12363.0,0.0,505303.0,645898.0,1151202.0,29.0,52.0,5.0,5.0,13.0,91.0,104.0,1696507.0,3217601.0,88684.0,28303.0,689662.0,5031096.0,5720759.0
2026-03-04,14.0,9.0,1.0,1.0,17.0,25.0,42.0,383185.0,409108.0,0.0,7267.0,766252.0,799562.0,1565815.0,2.0,9.0,7.0,2.0,7.0,20.0,27.0,23159.0,435647.0,54250.0,15807.0,455916.0,528865.0,984782.0,29.0,65.0,6.0,2.0,15.0,102.0,117.0,1670355.0,3537385.0,43192.0,0.0,244745.0,5250933.0,5495679.0
2026-03-05,6.0,11.0,2.0,0.0,18.0,19.0,37.0,83037.0,349171.0,5222.0,0.0,872499.0,437431.0,1309930.0,5.0,14.0,3.0,1.0,9.0,23.0,32.0,75400.0,725801.0,16244.0,5824.0,183271.0,823271.0,1006543.0,26.0,58.0,10.0,6.0,14.0,100.0,114.0,1717975.0,4714392.0,93184.0,43873.0,762351.0,6569426.0,7331778.0
2026-03-06,6.0,5.0,7.0,0.0,16.0,18.0,34.0,198166.0,838916.0,33009.0,0.0,665814.0,1070093.0,1735907.0,5.0,13.0,3.0,0.0,10.0,21.0,31.0,90566.0,549356.0,3149.0,0.0,305239.0,643072.0,948312.0,24.0,36.0,4.0,2.0,12.0,66.0,78.0,1409799.0,2202802.0,49483.0,18072.0,1191063.0,3680158.0,4871222.0
2026-03-07,12.0,12.0,2.0,1.0,22.0,27.0,49.0,211255.0,489564.0,36824.0,0.0,870474.0,737644.0,1608118.0,3.0,10.0,4.0,1.0,16.0,18.0,34.0,48195.0,429042.0,9936.0,7071.0,649380.0,494246.0,1143626.0,11.0,44.0,3.0,4.0,10.0,62.0,72.0,883009.0,2683101.0,60856.0,21457.0,527326.0,3648425.0,4175751.0
2026-03-08,7.0,10.0,4.0,3.0,11.0,24.0,35.0,138601.0,397485.0,17113.0,15807.0,737659.0,569007.0,1306667.0,10.0,13.0,4.0,0.0,16.0,27.0,43.0,135976.0,641832.0,27926.0,0.0,816751.0,805735.0,1622487.0,23.0,40.0,2.0,3.0,14.0,68.0,82.0,1277011.0,2246510.0,18427.0,2838.0,1353966.0,3544788.0,4898754.0
2026-03-09,8.0,8.0,9.0,0.0,13.0,25.0,38.0,158787.0,320225.0,44578.0,0.0,707464.0,523590.0,1231055.0,6.0,7.0,1.0,0.0,9.0,14.0,23.0,171844.0,338782.0,1379.0,0.0,410580.0,512005.0,922586.0,20.0,60.0,2.0,4.0,18.0,86.0,104.0,964739.0,3139902.0,7356.0,16732.0,1008309.0,4128731.0,5137040.0
2026-03-10,11.0,11.0,6.0,0.0,8.0,28.0,36.0,261899.0,379888.0,33319.0,0.0,334424.0,675107.0,1009532.0,4.0,5.0,0.0,0.0,10.0,9.0,19.0,57177.0,185625.0,0.0,0.0,676780.0,242802.0,919582.0,23.0,46.0,5.0,4.0,13.0,78.0,91.0,1511273.0,2621629.0,56359.0,20236.0,304461.0,4209498.0,4513960.0
2026-03-11,6.0,15.0,4.0,1.0,24.0,26.0,50.0,81106.0,616961.0,44187.0,7071.0,672696.0,749327.0,1422024.0,4.0,11.0,4.0,0.0,18.0,19.0,37.0,61558.0,509447.0,60799.0,0.0,643183.0,631804.0,1274988.0,19.0,53.0,5.0,7.0,12.0,84.0,96.0,1355200.0,3259490.0,33645.0,42112.0,617831.0,4690449.0,5308280.0
2026-03-12,15.0,6.0,4.0,1.0,9.0,26.0,35.0,366995.0,242307.0,3786.0,3406.0,286817.0,616497.0,903314.0,5.0,5.0,3.0,3.0,14.0,16.0,30.0,68473.0,170148.0,12639.0,7267.0,811894.0,258529.0,1070423.0,18.0,45.0,5.0,3.0,11.0,71.0,82.0,1080256.0,3437547.0,37216.0,12740.0,574686.0,4567760.0,5142446.0
2026-03-13,8.0,10.0,5.0,1.0,13.0,24.0,37.0,141276.0,364751.0,43815.0,2859.0,595681.0,552702.0,1148383.0,7.0,9.0,11.0,1.0,9.0,28.0,37.0,92504.0,296193.0,71795.0,4689.0,633009.0,465183.0,1098192.0,29.0,41.0,5.0,3.0,11.0,78.0,89.0,1804799.0,2901924.0,50591.0,5950.0,874819.0,4763266.0,5638085.0
2026-03-14,1.0,6.0,3.0,0.0,12.0,10.0,22.0,20717.0,504757.0,21698.0,0.0,605533.0,547172.0,1152706.0,4.0,8.0,2.0,1.0,13.0,15.0,28.0,36437.0,360761.0,9842.0,6637.0,582155.0,413679.0,995835.0,13.0,39.0,8.0,2.0,18.0,62.0,80.0,783320.0,2061190.0,87486.0,10313.0,1151635.0,2942310.0,4093946.0
2026-03-15,13.0,13.0,3.0,1.0,17.0,30.0,47.0,255405.0,579297.0,2478.0,0.0,783527.0,837181.0,1620709.0,2.0,4.0,3.0,0.0,11.0,9.0,20.0,27215.0,185907.0,76776.0,0.0,796315.0,289899.0,1086215.0,26.0,35.0,0.0,5.0,22.0,66.0,88.0,1904698.0,1831290.0,0.0,17707.0,1560300.0,3753696.0,5313997.0
2026-03-16,7.0,7.0,5.0,3.0,9.0,22.0,31.0,268801.0,444089.0,5809.0,0.0,218649.0,718700.0,937350.0,9.0,14.0,4.0,0.0,19.0,27.0,46.0,120467.0,630590.0,17469.0,0.0,731635.0,768527.0,1500162.0,16.0,47.0,5.0,2.0,13.0,70.0,83.0,985017.0,3879832.0,76959.0,4248.0,296040.0,4946058.0,5242098.0
2026-03-17,9.0,11.0,7.0,1.0,10.0,28.0,38.0,130832.0,511171.0,10858.0,0.0,201883.0,652862.0,854745.0,2.0,7.0,4.0,1.0,18.0,14.0,32.0,41783.0,363057.0,11527.0,4634.0,892434.0,421003.0,1313438.0,19.0,46.0,1.0,4.0,28.0,70.0,98.0,1258005.0,2976497.0,16221.0,17904.0,2543112.0,4268629.0,6811742.0
2026-03-18,8.0,6.0,5.0,2.0,22.0,21.0,43.0,203250.0,304489.0,30359.0,13102.0,1190526.0,551203.0,1741729.0,5.0,11.0,2.0,0.0,18.0,18.0,36.0,56969.0,427754.0,41168.0,0.0,415526.0,525891.0,941418.0,25.0,53.0,7.0,5.0,14.0,90.0,104.0,1731722.0,2774804.0,35576.0,18632.0,247267.0,4560734.0,4808002.0
2026-03-19,11.0,11.0,4.0,1.0,14.0,27.0,41.0,218816.0,647344.0,42201.0,3311.0,648249.0,911674.0,1559924.0,9.0,11.0,2.0,2.0,18.0,24.0,42.0,119020.0,640373.0,81128.0,0.0,1113645.0,840522.0,1954168.0,21.0,39.0,6.0,3.0,20.0,69.0,89.0,1281534.0,2378917.0,33057.0,18389.0,1302221.0,3711898.0,5014120.0
2026-03-20,4.0,9.0,2.0,0.0,10.0,15.0,25.0,54372.0,485601.0,28513.0,0.0,575772.0,568487.0,1144260.0,3.0,9.0,5.0,1.0,11.0,18.0,29.0,43678.0,438526.0,70860.0,0.0,778297.0,553065.0,1331363.0,15.0,45.0,1.0,2.0,22.0,63.0,85.0,923054.0,3226791.0,5194.0,20289.0,1118811.0,4175330.0,5294141.0
2026-03-21,6.0,6.0,5.0,0.0,18.0,17.0,35.0,225271.0,161808.0,27953.0,0.0,384144.0,415033.0,799177.0,2.0,10.0,7.0,2.0,15.0,21.0,36.0,14583.0,528290.0,32022.0,7071.0,747216.0,581967.0,1329183.0,20.0,44.0,3.0,2.0,19.0,69.0,88.0,1405145.0,3045224.0,20613.0,17052.0,886920.0,4488036.0,5374957.0
2026-03-22,8.0,14.0,4.0,0.0,21.0,26.0,47.0,174370.0,797121.0,14349.0,0.0,430464.0,985840.0,1416305.0,6.0,10.0,6.0,1.0,13.0,23.0,36.0,76406.0,647405.0,34666.0,1341.0,1051943.0,759819.0,1811762.0,27.0,34.0,3.0,4.0,16.0,68.0,84.0,1573757.0,2253058.0,7246.0,18665.0,522889.0,3852728.0,4375617.0
2026-03-23,10.0,7.0,2.0,1.0,15.0,20.0,35.0,244184.0,382924.0,12330.0,2552.0,231863.0,641991.0,873854.0,1.0,2.0,2.0,0.0,18.0,5.0,23.0,18832.0,100641.0,299.0,0.0,737047.0,119774.0,856821.0,14.0,36.0,5.0,5.0,23.0,60.0,83.0,809951.0,1854781.0,77669.0,18830.0,1041897.0,2761233.0,3803130.0
2026-03-24,7.0,16.0,2.0,0.0,14.0,25.0,39.0,255086.0,845318.0,3810.0,0.0,663734.0,1104215.0,1767949.0,4.0,10.0,2.0,1.0,10.0,17.0,27.0,58598.0,632145.0,6033.0,4267.0,856978.0,701045.0,1558023.0,11.0,40.0,5.0,7.0,21.0,63.0,84.0,587627.0,1866980.0,72324.0,26735.0,684766.0,2553668.0,3238435.0
2026-03-25,15.0,7.0,8.0,0.0,16.0,30.0,46.0,244001.0,409211.0,48501.0,0.0,375324.0,701714.0,1077039.0,7.0,14.0,5.0,2.0,14.0,28.0,42.0,56174.0,800043.0,37785.0,17683.0,686517.0,911688.0,1598205.0,15.0,40.0,5.0,5.0,24.0,65.0,89.0,934165.0,3346960.0,25399.0,24807.0,1015645.0,4331332.0,5346977.0
2026-03-26,7.0,9.0,4.0,1.0,12.0,21.0,33.0,147773.0,423710.0,10326.0,0.0,757984.0,581809.0,1339794.0,5.0,6.0,8.0,2.0,15.0,21.0,36.0,47658.0,421809.0,39055.0,15972.0,647305.0,524495.0,1171800.0,29.0,38.0,2.0,7.0,23.0,76.0,99.0,1748943.0,3419033.0,6532.0,21645.0,1235110.0,5196154.0,6431264.0
2026-03-27,14.0,8.0,5.0,1.0,9.0,28.0,37.0,282626.0,376628.0,14252.0,0.0,240278.0,673507.0,913785.0,6.0,14.0,3.0,0.0,12.0,23.0,35.0,80489.0,600627.0,14320.0,0.0,540342.0,695437.0,1235780.0,19.0,34.0,5.0,3.0,20.0,61.0,81.0,1317380.0,3198637.0,83222.0,15946.0,811867.0,4615187.0,5427054.0
2026-03-28,7.0,12.0,3.0,2.0,14.0,24.0,38.0,256734.0,489120.0,7821.0,0.0,657037.0,753677.0,1410714.0,8.0,11.0,3.0,1.0,10.0,23.0,33.0,82786.0,401039.0,24306.0,1341.0,601594.0,509474.0,1111068.0,15.0,34.0,5.0,2.0,29.0,56.0,85.0,979725.0,1981745.0,42742.0,6384.0,1036308.0,3010597.0,4046906.0
2026-03-29,6.0,8.0,1.0,2.0,17.0,17.0,34.0,39119.0,1078287.0,35986.0,12640.0,685039.0,1166034.0,1851073.0,7.0,13.0,1.0,0.0,11.0,21.0,32.0,96977.0,622083.0,78006.0,0.0,196975.0,797067.0,994043.0,21.0,38.0,3.0,4.0,22.0,66.0,88.0,1652330.0,2897642.0,37358.0,12845.0,1516569.0,4600176.0,6116745.0
2026-03-30,7.0,13.0,2.0,1.0,11.0,23.0,34.0,182671.0,657831.0,8736.0,6492.0,569947.0,855731.0,1425678.0,3.0,16.0,10.0,3.0,12.0,32.0,44.0,40297.0,779162.0,40934.0,8626.0,696585.0,869020.0,1565606.0,16.0,38.0,4.0,3.0,16.0,61.0,77.0,953822.0,2463560.0,7022.0,18858.0,546456.0,3443264.0,3989721.0
2026-03-31,8.0,10.0,4.0,0.0,19.0,22.0,41.0,307274.0,448404.0,66717.0,0.0,935456.0,822395.0,1757851.0,5.0,10.0,2.0,1.0,10.0,18.0,28.0,50854.0,470426.0,13999.0,0.0,450103.0,535279.0,985382.0,19.0,48.0,4.0,1.0,19.0,72.0,91.0,1175315.0,3730469.0,33328.0,0.0,924739.0,4939113.0,5863852.0
2026-04-01,4.0,18.0,5.0,1.0,20.0,28.0,48.0,83919.0,881257.0,26513.0,0.0,678406.0,991690.0,1670097.0,6.0,10.0,5.0,2.0,16.0,23.0,39.0,71020.0,401184.0,11176.0,3633.0,826004.0,487014.0,1313019.0,19.0,48.0,2.0,4.0,11.0,73.0,84.0,1103097.0,3031419.0,19875.0,7203.0,122505.0,4161596.0,4284102.0
2026-04-02,6.0,14.0,2.0,1.0,19.0,23.0,42.0,110759.0,681522.0,10833.0,0.0,853387.0,803115.0,1656502.0,3.0,13.0,5.0,3.0,14.0,24.0,38.0,7025.0,564882.0,36739.0,14694.0,389180.0,623341.0,1012522.0,15.0,44.0,1.0,4.0,24.0,64.0,88.0,1077552.0,2217812.0,9526.0,10435.0,439734.0,3315326.0,3755061.0
2026-04-03,9.0,8.0,1.0,0.0,11.0,18.0,29.0,366060.0,299813.0,2113.0,0.0,683164.0,667986.0,1351151.0,1.0,9.0,4.0,0.0,13.0,14.0,27.0,15910.0,1017624.0,19592.0,0.0,1069279.0,1053127.0,2122406.0,21.0,41.0,6.0,5.0,23.0,73.0,96.0,1256184.0,2655062.0,42389.0,14826.0,889247.0,3968462.0,4857710.0
2026-04-04,12.0,9.0,6.0,0.0,23.0,27.0,50.0,175617.0,333804.0,57862.0,0.0,346367.0,567284.0,913652.0,7.0,9.0,2.0,1.0,17.0,19.0,36.0,95938.0,442856.0,48816.0,6105.0,634467.0,593718.0,1228185.0,32.0,38.0,6.0,9.0,27.0,85.0,112.0,1792669.0,2730787.0,31166.0,37649.0,1196569.0,4592272.0,5788841.0
2026-04-05,5.0,17.0,2.0,2.0,19.0,26.0,45.0,86407.0,987841.0,5831.0,8790.0,560905.0,1088870.0,1649775.0,6.0,7.0,5.0,1.0,14.0,19.0,33.0,60989.0,263169.0,49270.0,0.0,693635.0,373429.0,1067065.0,9.0,31.0,1.0,0.0,24.0,41.0,65.0,460576.0,2201412.0,0.0,0.0,1480767.0,2661988.0,4142756.0
2026-04-06,7.0,8.0,4.0,0.0,14.0,19.0,33.0,176704.0,324856.0,15755.0,0.0,408930.0,517316.0,926246.0,3.0,9.0,5.0,1.0,18.0,18.0,36.0,29651.0,463396.0,21651.0,1801.0,513872.0,516501.0,1030373.0,14.0,26.0,1.0,1.0,18.0,42.0,60.0,1053145.0,2023657.0,14731.0,0.0,1017322.0,3091534.0,4108857.0
2026-04-07,8.0,9.0,2.0,1.0,17.0,20.0,37.0,223576.0,439377.0,4586.0,1377.0,789483.0,668918.0,1458401.0,4.0,10.0,2.0,1.0,18.0,17.0,35.0,37751.0,649260.0,4451.0,4621.0,998775.0,696084.0,1694859.0,17.0,39.0,4.0,1.0,14.0,61.0,75.0,1112093.0,3391155.0,62205.0,5943.0,729598.0,4571396.0,5300995.0
2026-04-08,8.0,10.0,4.0,4.0,14.0,26.0,40.0,166229.0,457421.0,8305.0,20776.0,612849.0,652732.0,1265582.0,4.0,8.0,3.0,0.0,12.0,15.0,27.0,44595.0,553882.0,27211.0,0.0,558957.0,625689.0,1184647.0,32.0,41.0,2.0,6.0,32.0,81.0,113.0,1725236.0,2722262.0,20590.0,23221.0,1290451.0,4491310.0,5781762.0
2026-04-09,6.0,8.0,4.0,0.0,13.0,18.0,31.0,113634.0,530508.0,22908.0,0.0,639104.0,667051.0,1306155.0,10.0,9.0,5.0,1.0,11.0,25.0,36.0,170839.0,385285.0,73050.0,0.0,560744.0,629175.0,1189920.0,21.0,41.0,7.0,3.0,31.0,72.0,103.0,1557355.0,2531604.0,75920.0,15670.0,1777532.0,4180551.0,5958083.0
2026-04-10,10.0,9.0,4.0,2.0,18.0,25.0,43.0,248140.0,626404.0,24326.0,0.0,611758.0,898871.0,1510629.0,6.0,9.0,5.0,1.0,10.0,21.0,31.0,100017.0,634840.0,17199.0,12491.0,338064.0,764549.0,1102613.0,26.0,39.0,6.0,5.0,24.0,76.0,100.0,1727091.0,2542689.0,46590.0,22413.0,1157180.0,4338785.0,5495965.0
2026-04-11,5.0,11.0,4.0,0.0,25.0,20.0,45.0,38914.0,536492.0,38494.0,0.0,364009.0,613901.0,977911.0,5.0,8.0,6.0,0.0,18.0,19.0,37.0,69882.0,271789.0,36002.0,0.0,788281.0,377674.0,1165956.0,17.0,47.0,2.0,5.0,19.0,71.0,90.0,926392.0,4353708.0,6282.0,34250.0,1173972.0,5320634.0,6494606.0
2026-04-12,7.0,11.0,6.0,2.0,15.0,26.0,41.0,253984.0,578588.0,33079.0,4501.0,457081.0,870154.0,1327236.0,5.0,9.0,5.0,2.0,11.0,21.0,32.0,100166.0,461268.0,6235.0,9607.0,1183204.0,577277.0,1760481.0,25.0,42.0,3.0,7.0,18.0,77.0,95.0,1977066.0,3376271.0,37048.0,33435.0,1129057.0,5423822.0,6552880.0
2026-04-13,8.0,10.0,4.0,1.0,15.0,23.0,38.0,175818.0,658751.0,24020.0,0.0,486242.0,858590.0,1344832.0,7.0,8.0,1.0,1.0,14.0,17.0,31.0,76244.0,301658.0,1317.0,1801.0,645866.0,381022.0,1026889.0,24.0,39.0,3.0,6.0,29.0,72.0,101.0,1628259.0,3552992.0,46657.0,23104.0,1211593.0,5251012.0,6462606.0
2026-04-14,8.0,9.0,4.0,2.0,11.0,23.0,34.0,97166.0,404651.0,30133.0,13603.0,548052.0,545554.0,1093607.0,5.0,8.0,4.0,0.0,16.0,17.0,33.0,59621.0,514131.0,37060.0,0.0,1075435.0,610813.0,1686249.0,24.0,43.0,4.0,3.0,28.0,74.0,102.0,1461205.0,3089475.0,59197.0,18806.0,726080.0,4628684.0,5354765.0
2026-04-15,5.0,5.0,6.0,0.0,23.0,16.0,39.0,124717.0,408852.0,51307.0,0.0,737761.0,584877.0,1322639.0,10.0,6.0,7.0,1.0,12.0,24.0,36.0,137311.0,254581.0,102284.0,0.0,418323.0,494176.0,912500.0,14.0,44.0,5.0,2.0,22.0,65.0,87.0,749321.0,4237428.0,42512.0,6720.0,1395609.0,5035982.0,6431592.0
2026-04-16,6.0,7.0,7.0,4.0,12.0,24.0,36.0,179031.0,143590.0,23147.0,3363.0,441738.0,349133.0,790872.0,7.0,18.0,5.0,0.0,15.0,30.0,45.0,144355.0,1221796.0,23457.0,0.0,745633.0,1389610.0,2135243.0,17.0,37.0,1.0,5.0,35.0,60.0,95.0,864559.0,2732054.0,34132.0,13887.0,1531010.0,3644634.0,5175644.0
2026-04-17,9.0,8.0,5.0,0.0,12.0,22.0,34.0,184192.0,425051.0,19347.0,0.0,477190.0,628591.0,1105781.0,2.0,10.0,2.0,0.0,11.0,14.0,25.0,20200.0,470626.0,9405.0,0.0,436361.0,500231.0,936593.0,27.0,39.0,2.0,2.0,22.0,70.0,92.0,1887505.0,3565373.0,18676.0,4933.0,1266764.0,5476487.0,6743252.0
2026-04-18,8.0,10.0,5.0,0.0,8.0,23.0,31.0,158738.0,361054.0,40663.0,0.0,259349.0,560456.0,819805.0,4.0,7.0,4.0,1.0,5.0,16.0,21.0,35120.0,376396.0,70690.0,6889.0,222708.0,489095.0,711804.0,26.0,37.0,3.0,6.0,19.0,72.0,91.0,1379743.0,1774350.0,28214.0,24390.0,979750.0,3206698.0,4186449.0
2026-04-19,10.0,7.0,6.0,1.0,17.0,24.0,41.0,190338.0,326846.0,35964.0,0.0,663521.0,553149.0,1216670.0,7.0,9.0,7.0,1.0,15.0,24.0,39.0,107276.0,284172.0,53337.0,4912.0,591926.0,449699.0,1041625.0,4.0,51.0,4.0,0.0,27.0,59.0,86.0,294438.0,3511898.0,25672.0,0.0,1283539.0,3832008.0,5115548.0
2026-04-20,8.0,12.0,7.0,2.0,14.0,29.0,43.0,347817.0,909986.0,86969.0,11114.0,701153.0,1355887.0,2057040.0,11.0,16.0,7.0,1.0,11.0,35.0,46.0,115781.0,871234.0,52084.0,9043.0,468651.0,1048144.0,1516795.0,10.0,30.0,2.0,5.0,17.0,47.0,64.0,770276.0,2328684.0,37241.0,19894.0,688912.0,3156097.0,3845009.0
2026-04-21,12.0,11.0,1.0,2.0,20.0,26.0,46.0,263439.0,478191.0,20834.0,4733.0,440463.0,767200.0,1207663.0,6.0,12.0,2.0,0.0,13.0,20.0,33.0,91946.0,272912.0,32463.0,0.0,450416.0,397323.0,847739.0,11.0,48.0,4.0,0.0,19.0,63.0,82.0,820323.0,2709760.0,59743.0,0.0,541374.0,3589827.0,4131201.0
2026-04-22,4.0,15.0,1.0,5.0,25.0,25.0,50.0,58436.0,851033.0,729.0,18467.0,924361.0,928666.0,1853028.0,4.0,9.0,7.0,2.0,8.0,22.0,30.0,32971.0,274659.0,51364.0,4621.0,299393.0,363616.0,663010.0,18.0,25.0,3.0,4.0,25.0,50.0,75.0,1239758.0,2866307.0,33004.0,27987.0,1473054.0,4167057.0,5640112.0
2026-04-23,10.0,15.0,2.0,1.0,16.0,28.0,44.0,393729.0,823726.0,40590.0,3517.0,747956.0,1261563.0,2009520.0,8.0,6.0,2.0,2.0,8.0,18.0,26.0,103233.0,352421.0,10371.0,13628.0,451157.0,479654.0,930811.0,38.0,44.0,5.0,8.0,22.0,95.0,117.0,2527400.0,3827678.0,47232.0,28016.0,951200.0,6430327.0,7381528.0
2026-04-24,5.0,9.0,2.0,0.0,11.0,16.0,27.0,33595.0,552256.0,18357.0,0.0,275889.0,604208.0,880098.0,9.0,8.0,10.0,2.0,13.0,29.0,42.0,218942.0,336005.0,57724.0,656.0,972882.0,613328.0,1586211.0,33.0,55.0,10.0,12.0,22.0,110.0,132.0,1996981.0,4824664.0,161848.0,40009.0,1735067.0,7023503.0,8758571.0
2026-04-25,10.0,13.0,5.0,0.0,14.0,28.0,42.0,121241.0,653885.0,23056.0,0.0,606080.0,798183.0,1404264.0,4.0,14.0,6.0,2.0,13.0,26.0,39.0,61839.0,768669.0,89091.0,16974.0,471963.0,936575.0,1408538.0,26.0,65.0,3.0,7.0,24.0,101.0,125.0,1789369.0,5434464.0,8649.0,40257.0,2545517.0,7272741.0,9818258.0
2026-04-26,11.0,14.0,4.0,0.0,10.0,29.0,39.0,225338.0,519401.0,37300.0,0.0,376926.0,782040.0,1158967.0,2.0,11.0,4.0,2.0,17.0,19.0,36.0,27890.0,554365.0,44367.0,13498.0,773358.0,640122.0,1413480.0,13.0,41.0,0.0,2.0,24.0,56.0,80.0,948214.0,3765590.0,0.0,11510.0,796693.0,4725314.0,5522008.0
2026-04-27,8.0,13.0,1.0,1.0,8.0,23.0,31.0,297410.0,403211.0,746.0,6528.0,551186.0,707897.0,1259083.0,5.0,16.0,2.0,1.0,6.0,24.0,30.0,118065.0,828454.0,35854.0,0.0,635930.0,982374.0,1618304.0,5.0,40.0,1.0,4.0,14.0,50.0,64.0,279096.0,3111580.0,25739.0,13984.0,1071985.0,3430401.0,4502386.0
2026-04-28,10.0,6.0,4.0,0.0,16.0,20.0,36.0,299611.0,253487.0,61390.0,0.0,721965.0,614488.0,1336454.0,3.0,10.0,3.0,1.0,15.0,17.0,32.0,31830.0,728275.0,15822.0,3521.0,841144.0,779450.0,1620595.0,27.0,19.0,2.0,0.0,21.0,48.0,69.0,1480515.0,1523753.0,37689.0,0.0,1332745.0,3041957.0,4374702.0
2026-04-29,11.0,7.0,4.0,4.0,15.0,26.0,41.0,408278.0,373557.0,17458.0,21062.0,767285.0,820356.0,1587641.0,6.0,9.0,0.0,0.0,11.0,15.0,26.0,112345.0,468562.0,0.0,0.0,932934.0,580908.0,1513842.0,16.0,33.0,4.0,1.0,20.0,54.0,74.0,794869.0,2527871.0,68948.0,5540.0,503184.0,3397230.0,3900415.0
2026-04-30,9.0,10.0,4.0,1.0,22.0,24.0,46.0,307859.0,598819.0,14501.0,0.0,832230.0,921181.0,1753412.0,9.0,10.0,6.0,0.0,12.0,25.0,37.0,125585.0,460332.0,113546.0,0.0,644337.0,699463.0,1343800.0,28.0,49.0,1.0,4.0,24.0,82.0,106.0,1845335.0,3063227.0,45113.0,20077.0,1469059.0,4973752.0,6442812.0
2026-05-01,8.0,11.0,3.0,4.0,12.0,26.0,38.0,270671.0,729219.0,18936.0,4500.0,642944.0,1023328.0,1666273.0,9.0,16.0,2.0,1.0,13.0,28.0,41.0,157178.0,923948.0,11719.0,5568.0,428549.0,1098414.0,1526963.0,23.0,31.0,2.0,2.0,23.0,58.0,81.0,1304193.0,2142114.0,35003.0,5464.0,843415.0,3486775.0,4330190.0
2026-05-02,11.0,5.0,3.0,0.0,4.0,19.0,23.0,117084.0,387563.0,35569.0,0.0,15169.0,540217.0,555387.0,4.0,5.0,7.0,0.0,12.0,16.0,28.0,87175.0,175547.0,68745.0,0.0,286736.0,331468.0,618205.0,32.0,59.0,5.0,6.0,20.0,102.0,122.0,1577357.0,4927817.0,73819.0,14888.0,673232.0,6593882.0,7267114.0
2026-05-03,2.0,9.0,2.0,2.0,15.0,15.0,30.0,77903.0,554586.0,559.0,0.0,536090.0,633049.0,1169139.0,5.0,8.0,2.0,0.0,15.0,15.0,30.0,46936.0,405735.0,18547.0,0.0,619769.0,471220.0,1090989.0,18.0,53.0,7.0,3.0,21.0,81.0,102.0,976794.0,3222980.0,66212.0,7893.0,1126209.0,4273880.0,5400089.0
2026-05-04,7.0,9.0,2.0,1.0,13.0,19.0,32.0,374023.0,414629.0,32628.0,3341.0,615682.0,824622.0,1440305.0,8.0,12.0,7.0,2.0,10.0,29.0,39.0,118217.0,586186.0,44907.0,1924.0,591021.0,751236.0,1342258.0,14.0,42.0,2.0,4.0,24.0,62.0,86.0,841518.0,3071242.0,9606.0,30200.0,1803862.0,3952568.0,5756431.0
2026-05-05,8.0,10.0,3.0,0.0,13.0,21.0,34.0,275389.0,447303.0,27634.0,0.0,459673.0,750327.0,1210001.0,5.0,7.0,2.0,0.0,12.0,14.0,26.0,63677.0,514656.0,23672.0,0.0,873956.0,602006.0,1475962.0,10.0,49.0,5.0,5.0,13.0,69.0,82.0,787441.0,3142552.0,55538.0,27076.0,545513.0,4012608.0,4558121.0
2026-05-06,6.0,9.0,2.0,2.0,18.0,19.0,37.0,118629.0,605888.0,1876.0,1405.0,513069.0,727800.0,1240869.0,5.0,7.0,2.0,1.0,10.0,15.0,25.0,95908.0,391203.0,8561.0,0.0,392398.0,495673.0,888072.0,9.0,37.0,1.0,4.0,13.0,51.0,64.0,547220.0,3596747.0,1821.0,13435.0,457050.0,4159224.0,4616275.0
2026-05-07,9.0,17.0,2.0,0.0,16.0,28.0,44.0,188411.0,784593.0,2634.0,0.0,510711.0,975639.0,1486351.0,4.0,6.0,6.0,1.0,7.0,17.0,24.0,80108.0,263823.0,44407.0,4318.0,414733.0,392658.0,807391.0,27.0,43.0,4.0,2.0,19.0,76.0,95.0,1372692.0,4093458.0,75890.0,7326.0,1576442.0,5549368.0,7125811.0
2026-05-08,9.0,9.0,1.0,4.0,18.0,23.0,41.0,219485.0,606630.0,1371.0,0.0,1022915.0,827488.0,1850403.0,4.0,15.0,8.0,2.0,13.0,29.0,42.0,48229.0,577560.0,96451.0,18602.0,905602.0,740843.0,1646445.0,28.0,37.0,3.0,2.0,23.0,70.0,93.0,2054328.0,2975284.0,42381.0,0.0,1900586.0,5071993.0,6972579.0
2026-05-09,8.0,11.0,4.0,1.0,18.0,24.0,42.0,170009.0,640522.0,33502.0,0.0,690702.0,844034.0,1534736.0,2.0,9.0,4.0,0.0,12.0,15.0,27.0,36873.0,442463.0,4313.0,0.0,547600.0,483650.0,1031250.0,38.0,56.0,4.0,4.0,21.0,102.0,123.0,2358065.0,4247251.0,20749.0,29070.0,941052.0,6655136.0,7596188.0
2026-05-10,6.0,8.0,0.0,1.0,11.0,15.0,26.0,123817.0,326602.0,0.0,0.0,520550.0,450419.0,970969.0,7.0,4.0,8.0,1.0,11.0,20.0,31.0,77360.0,129831.0,85354.0,6928.0,323396.0,299475.0,622871.0,5.0,34.0,1.0,1.0,19.0,41.0,60.0,472599.0,3149960.0,27992.0,0.0,565025.0,3650553.0,4215578.0
2026-05-11,15.0,10.0,2.0,0.0,20.0,27.0,47.0,446706.0,384531.0,3072.0,0.0,662311.0,834310.0,1496621.0,3.0,13.0,2.0,2.0,5.0,20.0,25.0,68128.0,535704.0,1503.0,6258.0,561890.0,611594.0,1173485.0,0.0,22.0,2.0,0.0,9.0,24.0,33.0,0.0,1868048.0,59983.0,0.0,514374.0,1928032.0,2442406.0
2026-05-12,7.0,9.0,3.0,2.0,16.0,21.0,37.0,504989.0,365890.0,27883.0,11966.0,728673.0,910730.0,1639403.0,8.0,10.0,3.0,3.0,16.0,24.0,40.0,88540.0,383944.0,11804.0,1554.0,1216021.0,485842.0,1701863.0,2.0,34.0,0.0,0.0,17.0,36.0,53.0,207021.0,1608566.0,0.0,0.0,712607.0,1815587.0,2528195.0
2026-05-13,3.0,11.0,2.0,0.0,13.0,16.0,29.0,62620.0,392479.0,13430.0,0.0,627241.0,468531.0,1095772.0,5.0,7.0,7.0,2.0,14.0,21.0,35.0,95038.0,542234.0,136601.0,8643.0,827676.0,782517.0,1610193.0,20.0,48.0,4.0,4.0,22.0,76.0,98.0,1192822.0,5634384.0,31164.0,5681.0,1777853.0,6864052.0,8641906.0
2026-05-14,5.0,8.0,2.0,2.0,17.0,17.0,34.0,133779.0,231807.0,26722.0,6928.0,491122.0,399238.0,890360.0,5.0,7.0,8.0,3.0,11.0,23.0,34.0,88084.0,316369.0,56357.0,13276.0,1317466.0,474087.0,1791553.0,36.0,38.0,5.0,5.0,29.0,84.0,113.0,2228291.0,3661555.0,41678.0,21817.0,1694700.0,5953342.0,7648042.0
2026-05-15,7.0,13.0,4.0,1.0,14.0,25.0,39.0,179606.0,511678.0,31112.0,6258.0,675120.0,728655.0,1403775.0,6.0,5.0,6.0,0.0,7.0,17.0,24.0,156883.0,173962.0,42393.0,0.0,284669.0,373240.0,657910.0,38.0,59.0,7.0,11.0,36.0,115.0,151.0,2654055.0,4630880.0,59197.0,41541.0,1661300.0,7385674.0,9046974.0
2026-05-16,10.0,14.0,0.0,2.0,13.0,26.0,39.0,246952.0,658897.0,0.0,0.0,711813.0,905849.0,1617663.0,5.0,11.0,6.0,3.0,10.0,25.0,35.0,115563.0,384214.0,20776.0,11889.0,723158.0,532443.0,1255601.0,29.0,76.0,7.0,6.0,29.0,118.0,147.0,1667347.0,4566964.0,50293.0,19395.0,1306980.0,6304000.0,7610981.0
2026-05-17,11.0,6.0,5.0,2.0,7.0,24.0,31.0,317011.0,406509.0,10808.0,0.0,354559.0,734329.0,1088889.0,4.0,12.0,4.0,2.0,7.0,22.0,29.0,56978.0,555508.0,8475.0,1434.0,224589.0,622396.0,846985.0,20.0,44.0,12.0,5.0,17.0,81.0,98.0,1198765.0,2840796.0,100054.0,30151.0,1010006.0,4169768.0,5179774.0
2026-05-18,5.0,9.0,3.0,1.0,16.0,18.0,34.0,178636.0,532122.0,11688.0,5631.0,577473.0,728078.0,1305552.0,5.0,13.0,6.0,2.0,18.0,26.0,44.0,112879.0,540448.0,17808.0,6203.0,771503.0,677340.0,1448844.0,18.0,46.0,4.0,5.0,17.0,73.0,90.0,1278758.0,3663451.0,82392.0,12191.0,1343809.0,5036794.0,6380604.0
2026-05-19,6.0,14.0,3.0,0.0,17.0,23.0,40.0,131752.0,711700.0,20520.0,0.0,672178.0,863974.0,1536152.0,12.0,6.0,6.0,5.0,11.0,29.0,40.0,175352.0,237576.0,74065.0,25641.0,274632.0,512636.0,787268.0,19.0,33.0,4.0,0.0,17.0,56.0,73.0,1254916.0,3294127.0,17253.0,0.0,1449479.0,4566297.0,6015777.0
2026-05-20,9.0,14.0,5.0,0.0,11.0,28.0,39.0,208672.0,732532.0,48890.0,0.0,602782.0,990094.0,1592877.0,5.0,9.0,3.0,1.0,15.0,18.0,33.0,39739.0,385773.0,4144.0,0.0,568879.0,429656.0,998536.0,23.0,47.0,4.0,8.0,29.0,82.0,111.0,1401133.0,2431728.0,20358.0,33190.0,1577744.0,3886411.0,5464155.0
2026-05-21,7.0,10.0,3.0,2.0,13.0,22.0,35.0,179720.0,594983.0,19046.0,4660.0,879421.0,798411.0,1677833.0,4.0,8.0,3.0,2.0,16.0,17.0,33.0,68064.0,423490.0,16444.0,5134.0,696866.0,513135.0,1210002.0,20.0,54.0,1.0,4.0,29.0,79.0,108.0,1307449.0,3619694.0,9343.0,16749.0,1093928.0,4953236.0,6047164.0
2026-05-22,7.0,8.0,2.0,0.0,20.0,17.0,37.0,241609.0,452567.0,0.0,0.0,1029575.0,694176.0,1723751.0,6.0,13.0,4.0,2.0,11.0,25.0,36.0,76496.0,628307.0,12320.0,5322.0,578807.0,722446.0,1301253.0,27.0,52.0,2.0,4.0,19.0,85.0,104.0,1812706.0,3628365.0,15733.0,13681.0,1539144.0,5470487.0,7009631.0
2026-05-23,7.0,13.0,7.0,2.0,12.0,29.0,41.0,206246.0,443138.0,43401.0,5871.0,580819.0,698659.0,1279478.0,3.0,16.0,7.0,2.0,10.0,28.0,38.0,19654.0,759193.0,31052.0,4634.0,399988.0,814535.0,1214524.0,14.0,40.0,2.0,5.0,15.0,61.0,76.0,840297.0,2900371.0,34527.0,23618.0,860374.0,3798814.0,4659188.0
2026-05-24,8.0,11.0,3.0,2.0,9.0,24.0,33.0,143981.0,501296.0,20607.0,7419.0,221299.0,673304.0,894604.0,4.0,12.0,7.0,0.0,20.0,23.0,43.0,68980.0,600009.0,44411.0,0.0,775624.0,713401.0,1489026.0,20.0,39.0,9.0,11.0,26.0,79.0,105.0,1504868.0,2981069.0,120588.0,37917.0,2096833.0,4644443.0,6741277.0
